{"url": "https://www.cs.uci.edu/news/page/20/", "content": "<!DOCTYPE html>\n<html lang=\"en-US\">\n<head >\n<meta charset=\"UTF-8\" />\n<title>News</title><meta name=\"description\" content=\"View the latest news from UC Irvine&#039;s Department of Computer Science, including faculty research highlights and alumni success stories.\" />\n\t\t<meta name=\"robots\" content=\"noodp,noydir\" />\n\t\t<meta name=\"viewport\" content=\"width=device-width, initial-scale=1\" />\n\n\t\t<style type=\"text/css\">\n\t\t\t.slide-excerpt { width: 50%; }\n\t\t\t.slide-excerpt { bottom: 0; }\n\t\t\t.slide-excerpt { left: 0; }\n\t\t\t.flexslider { max-width: 1180px; max-height: 340px; }\n\t\t\t.slide-image { max-height: 340px; }\n\t\t</style>\n\t\t<style type=\"text/css\">\n\t\t\t@media only screen\n\t\t\tand (min-device-width : 320px)\n\t\t\tand (max-device-width : 480px) {\n\t\t\t\t.slide-excerpt { display: none !important; }\n\t\t\t}\n\t\t</style> <link rel='dns-prefetch' href='//fonts.googleapis.com' />\n<link rel='dns-prefetch' href='//s.w.org' />\n<link rel=\"alternate\" type=\"application/rss+xml\" title=\"Department of Computer Science - Donald Bren School of Information &amp; Computer Sciences &raquo; Feed\" href=\"https://www.cs.uci.edu/feed/\" />\n<link rel=\"alternate\" type=\"application/rss+xml\" title=\"Department of Computer Science - Donald Bren School of Information &amp; Computer Sciences &raquo; Comments Feed\" href=\"https://www.cs.uci.edu/comments/feed/\" />\n<link rel=\"alternate\" type=\"text/calendar\" title=\"Department of Computer Science - Donald Bren School of Information &amp; Computer Sciences &raquo; iCal Feed\" href=\"https://www.cs.uci.edu/events/?ical=1\" />\n\t\t<script type=\"text/javascript\">\n\t\t\twindow._wpemojiSettings = {\"baseUrl\":\"https:\\/\\/s.w.org\\/images\\/core\\/emoji\\/12.0.0-1\\/72x72\\/\",\"ext\":\".png\",\"svgUrl\":\"https:\\/\\/s.w.org\\/images\\/core\\/emoji\\/12.0.0-1\\/svg\\/\",\"svgExt\":\".svg\",\"source\":{\"concatemoji\":\"https:\\/\\/www.cs.uci.edu\\/wp-includes\\/js\\/wp-emoji-release.min.js?ver=5.2.3\"}};\n\t\t\t!function(a,b,c){function d(a,b){var c=String.fromCharCode;l.clearRect(0,0,k.width,k.height),l.fillText(c.apply(this,a),0,0);var d=k.toDataURL();l.clearRect(0,0,k.width,k.height),l.fillText(c.apply(this,b),0,0);var e=k.toDataURL();return d===e}function e(a){var b;if(!l||!l.fillText)return!1;switch(l.textBaseline=\"top\",l.font=\"600 32px Arial\",a){case\"flag\":return!(b=d([55356,56826,55356,56819],[55356,56826,8203,55356,56819]))&&(b=d([55356,57332,56128,56423,56128,56418,56128,56421,56128,56430,56128,56423,56128,56447],[55356,57332,8203,56128,56423,8203,56128,56418,8203,56128,56421,8203,56128,56430,8203,56128,56423,8203,56128,56447]),!b);case\"emoji\":return b=d([55357,56424,55356,57342,8205,55358,56605,8205,55357,56424,55356,57340],[55357,56424,55356,57342,8203,55358,56605,8203,55357,56424,55356,57340]),!b}return!1}function f(a){var c=b.createElement(\"script\");c.src=a,c.defer=c.type=\"text/javascript\",b.getElementsByTagName(\"head\")[0].appendChild(c)}var g,h,i,j,k=b.createElement(\"canvas\"),l=k.getContext&&k.getContext(\"2d\");for(j=Array(\"flag\",\"emoji\"),c.supports={everything:!0,everythingExceptFlag:!0},i=0;i<j.length;i++)c.supports[j[i]]=e(j[i]),c.supports.everything=c.supports.everything&&c.supports[j[i]],\"flag\"!==j[i]&&(c.supports.everythingExceptFlag=c.supports.everythingExceptFlag&&c.supports[j[i]]);c.supports.everythingExceptFlag=c.supports.everythingExceptFlag&&!c.supports.flag,c.DOMReady=!1,c.readyCallback=function(){c.DOMReady=!0},c.supports.everything||(h=function(){c.readyCallback()},b.addEventListener?(b.addEventListener(\"DOMContentLoaded\",h,!1),a.addEventListener(\"load\",h,!1)):(a.attachEvent(\"onload\",h),b.attachEvent(\"onreadystatechange\",function(){\"complete\"===b.readyState&&c.readyCallback()})),g=c.source||{},g.concatemoji?f(g.concatemoji):g.wpemoji&&g.twemoji&&(f(g.twemoji),f(g.wpemoji)))}(window,document,window._wpemojiSettings);\n\t\t</script>\n\t\t<style type=\"text/css\">\nimg.wp-smiley,\nimg.emoji {\n\tdisplay: inline !important;\n\tborder: none !important;\n\tbox-shadow: none !important;\n\theight: 1em !important;\n\twidth: 1em !important;\n\tmargin: 0 .07em !important;\n\tvertical-align: -0.1em !important;\n\tbackground: none !important;\n\tpadding: 0 !important;\n}\n</style>\n\t<link rel='stylesheet' id='genesis-sample-theme-css'  href='https://www.cs.uci.edu/wp-content/cs/themes/genesis-cs-retry/style.css?ver=2.1.2' type='text/css' media='all' />\n<link rel='stylesheet' id='wp-block-library-css'  href='https://www.cs.uci.edu/wp-includes/css/dist/block-library/style.min.css?ver=5.2.3' type='text/css' media='all' />\n<link rel='stylesheet' id='feedzy-rss-feeds-css'  href='https://www.cs.uci.edu/wp-content/cs/plugins/feedzy-rss-feeds/css/feedzy-rss-feeds.css?ver=3.3.2' type='text/css' media='all' />\n<link rel='stylesheet' id='collapseomatic-css-css'  href='https://www.cs.uci.edu/wp-content/cs/plugins/jquery-collapse-o-matic/light_style.css?ver=1.6' type='text/css' media='all' />\n<link rel='stylesheet' id='google-fonts-css'  href='//fonts.googleapis.com/css?family=Lato%3A300%2C400%2C700&#038;ver=2.1.2' type='text/css' media='all' />\n<link rel='stylesheet' id='slider_styles-css'  href='https://www.cs.uci.edu/wp-content/cs/plugins/genesis-responsive-slider/style.css?ver=0.9.5' type='text/css' media='all' />\n<script type='text/javascript' src='https://www.cs.uci.edu/wp-includes/js/jquery/jquery.js?ver=1.12.4-wp'></script>\n<script type='text/javascript' src='https://www.cs.uci.edu/wp-includes/js/jquery/jquery-migrate.min.js?ver=1.4.1'></script>\n<!--[if lt IE 9]>\n<script type='text/javascript' src='https://www.cs.uci.edu/wp-content/cs/themes/genesis/lib/js/html5shiv.min.js?ver=3.7.3'></script>\n<![endif]-->\n<script type='text/javascript' src='https://www.cs.uci.edu/wp-content/cs/themes/genesis-cs-retry/js/jquery.collapse.js?ver=5.2.3'></script>\n<link rel='https://api.w.org/' href='https://www.cs.uci.edu/wp-json/' />\n<link rel=\"EditURI\" type=\"application/rsd+xml\" title=\"RSD\" href=\"https://www.cs.uci.edu/xmlrpc.php?rsd\" />\n<meta name=\"tec-api-version\" content=\"v1\"><meta name=\"tec-api-origin\" content=\"https://www.cs.uci.edu\"><link rel=\"https://theeventscalendar.com/\" href=\"https://www.cs.uci.edu/wp-json/tribe/events/v1/\" /><link rel=\"icon\" href=\"https://www.cs.uci.edu/wp-content/cs/themes/genesis-cs-retry/images/favicon.ico\" />\n<link rel=\"pingback\" href=\"https://www.cs.uci.edu/xmlrpc.php\" />\n<link rel=\"prev\" href=\"https://www.cs.uci.edu/news/page/19/\" />\n<link rel=\"next\" href=\"https://www.cs.uci.edu/news/page/21/\" />\n\t\t<style type=\"text/css\" id=\"wp-custom-css\">\n\t\t\t.job-ops .name{\n\twidth:53% !important;\n\tfont-size:.95em !important;\n\tline-height:1.5em !important;\n}\n.job-ops .job-number{\n\twidth:23% !important;\n\tfont-size:.75em !important;\n}\n.job-ops .submission-dates{\n\twidth:53% !important;\n\tfont-size:.95em !important;\n\tline-height:1.5em !important;\n}\n\n.people_table img{\n\twidth:150px;\n}\n\n.apply-now-btn{\n\tborder:1px solid #ffffff;\n\tborder-radius:3px;\n\tpadding:7px 15px 7px 15px;\n}\n.undergrad-tbl td{padding:10px;}\n.staffcsl-tbl td{padding:10px;}\n\n\n.rss_header { display: none;}\t\t</style>\n\t\t</head>\n<body class=\"blog paged paged-20 tribe-no-js header-image full-width-content elementor-default\" itemscope itemtype=\"http://schema.org/WebPage\"><div class=\"site-container\"><header class=\"site-header\" itemscope itemtype=\"http://schema.org/WPHeader\"><div class=\"wrap\"><div class=\"title-area\"><h1 class=\"site-title\">\n\n      <div id='dept_header'>\n\n         <a id='dept_link' href='http://www.cs.uci.edu/' TITLE='Department of Computer Science in the Donald Bren School of Information and Computer Sciences @ UC Irvine'></a>\n\n         <a id='uci_link' href='http://www.uci.edu/' TITLE='University of California, Irvine'></a>\n\n         <a id='school_link' href='http://www.ics.uci.edu/' TITLE='Donald Bren School of Information and Computer Sciences'></a>\n\n      </div>\n\n   </h1></div><div class=\"widget-area header-widget-area\"><section id=\"search-4\" class=\"widget widget_search\"><div class=\"widget-wrap\"><form class=\"search-form\" itemprop=\"potentialAction\" itemscope itemtype=\"http://schema.org/SearchAction\" method=\"get\" action=\"https://www.cs.uci.edu/\" role=\"search\"><meta itemprop=\"target\" content=\"https://www.cs.uci.edu/?s={s}\"/><input itemprop=\"query-input\" type=\"search\" name=\"s\" placeholder=\"Search this site...\" /><input type=\"submit\" value=\"Search\"  /></form></div></section>\n</div></div></header><nav class=\"nav-primary\" itemscope itemtype=\"http://schema.org/SiteNavigationElement\"><div class=\"wrap\"><ul id=\"menu-header-menu\" class=\"menu genesis-nav-menu menu-primary\"><li id=\"menu-item-17\" class=\"menu-item menu-item-type-post_type menu-item-object-page menu-item-has-children menu-item-17\"><a href=\"https://www.cs.uci.edu/about-the-department/\" itemprop=\"url\"><span itemprop=\"name\">Explore</span></a>\n<ul class=\"sub-menu\">\n\t<li id=\"menu-item-58\" class=\"menu-item menu-item-type-post_type menu-item-object-page menu-item-58\"><a href=\"https://www.cs.uci.edu/contact/\" itemprop=\"url\"><span itemprop=\"name\">Contact Us</span></a></li>\n</ul>\n</li>\n<li id=\"menu-item-16\" class=\"menu-item menu-item-type-post_type menu-item-object-page menu-item-16\"><a href=\"https://www.cs.uci.edu/faculty/\" itemprop=\"url\"><span itemprop=\"name\">Faculty</span></a></li>\n<li id=\"menu-item-18\" class=\"menu-item menu-item-type-custom menu-item-object-custom menu-item-has-children menu-item-18\"><a href=\"#\" itemprop=\"url\"><span itemprop=\"name\">Research</span></a>\n<ul class=\"sub-menu\">\n\t<li id=\"menu-item-2407\" class=\"menu-item menu-item-type-post_type menu-item-object-page menu-item-2407\"><a href=\"https://www.cs.uci.edu/cs-research-areas/\" itemprop=\"url\"><span itemprop=\"name\">Research Areas</span></a></li>\n\t<li id=\"menu-item-50\" class=\"menu-item menu-item-type-post_type menu-item-object-page menu-item-50\"><a href=\"https://www.cs.uci.edu/research-centers/\" itemprop=\"url\"><span itemprop=\"name\">Research Centers</span></a></li>\n</ul>\n</li>\n<li id=\"menu-item-370\" class=\"menu-item menu-item-type-custom menu-item-object-custom menu-item-has-children menu-item-370\"><a href=\"#\" itemprop=\"url\"><span itemprop=\"name\">Graduate Degrees</span></a>\n<ul class=\"sub-menu\">\n\t<li id=\"menu-item-372\" class=\"menu-item menu-item-type-post_type menu-item-object-page menu-item-372\"><a href=\"https://www.cs.uci.edu/graduate-computer-science-programs/\" itemprop=\"url\"><span itemprop=\"name\">Computer Science Programs</span></a></li>\n\t<li id=\"menu-item-371\" class=\"menu-item menu-item-type-post_type menu-item-object-page menu-item-371\"><a href=\"https://www.cs.uci.edu/current-graduate-students/\" itemprop=\"url\"><span itemprop=\"name\">Current Graduate Students</span></a></li>\n</ul>\n</li>\n<li id=\"menu-item-1915\" class=\"menu-item menu-item-type-post_type menu-item-object-page menu-item-1915\"><a href=\"https://www.cs.uci.edu/undergraduate-programs/\" itemprop=\"url\"><span itemprop=\"name\">Undergraduate Degrees</span></a></li>\n<li id=\"menu-item-1382\" class=\"menu-item menu-item-type-custom menu-item-object-custom menu-item-has-children menu-item-1382\"><a href=\"#\" itemprop=\"url\"><span itemprop=\"name\">News  &#038; Events</span></a>\n<ul class=\"sub-menu\">\n\t<li id=\"menu-item-1688\" class=\"menu-item menu-item-type-custom menu-item-object-custom menu-item-1688\"><a href=\"/news\" itemprop=\"url\"><span itemprop=\"name\">News</span></a></li>\n\t<li id=\"menu-item-1423\" class=\"menu-item menu-item-type-custom menu-item-object-custom menu-item-1423\"><a href=\"/events/computer-science-seminar-series/\" itemprop=\"url\"><span itemprop=\"name\">Seminar Series</span></a></li>\n\t<li id=\"menu-item-1655\" class=\"menu-item menu-item-type-custom menu-item-object-custom menu-item-1655\"><a href=\"/events/distinguished-lecture-series/\" itemprop=\"url\"><span itemprop=\"name\">Distinguished Lecture Series</span></a></li>\n\t<li id=\"menu-item-1442\" class=\"menu-item menu-item-type-custom menu-item-object-custom menu-item-1442\"><a href=\"/event/2017-computer-science-research-showcase/\" itemprop=\"url\"><span itemprop=\"name\">Research Showcase</span></a></li>\n</ul>\n</li>\n<li id=\"menu-item-1873\" class=\"menu-item menu-item-type-custom menu-item-object-custom menu-item-has-children menu-item-1873\"><a href=\"#\" itemprop=\"url\"><span itemprop=\"name\"><span class=\"apply-now-btn\">Apply Now</span></span></a>\n<ul class=\"sub-menu\">\n\t<li id=\"menu-item-1875\" class=\"menu-item menu-item-type-custom menu-item-object-custom menu-item-1875\"><a target=\"_blank\" rel=\"noopener noreferrer\" href=\"https://www.admissions.uci.edu/apply/index.php\" itemprop=\"url\"><span itemprop=\"name\">Undergraduate Admissions</span></a></li>\n\t<li id=\"menu-item-1874\" class=\"menu-item menu-item-type-custom menu-item-object-custom menu-item-1874\"><a target=\"_blank\" rel=\"noopener noreferrer\" href=\"https://apply.grad.uci.edu/apply/\" itemprop=\"url\"><span itemprop=\"name\">Graduate Admissions</span></a></li>\n\t<li id=\"menu-item-1927\" class=\"menu-item menu-item-type-post_type menu-item-object-page menu-item-1927\"><a href=\"https://www.cs.uci.edu/job-opportunities/\" itemprop=\"url\"><span itemprop=\"name\">Faculty Candidates</span></a></li>\n</ul>\n</li>\n</ul></div></nav><div class=\"site-inner\"><div class=\"content-sidebar-wrap\"><main class=\"content\"><article class=\"post-305 post type-post status-publish format-standard category-article entry\" itemscope itemtype=\"http://schema.org/CreativeWork\"><header class=\"entry-header\"><h1 class=\"entry-title\" itemprop=\"headline\"><a href=\"https://www.cs.uci.edu/swarajya-tomorrows-reform-why-the-government-needs-a-tech-mindset-to-change-jordan-mentioned/\" rel=\"bookmark\">Swarajya: \u201cTomorrow&#8217;s Reform &#8211; Why The Government Needs A Tech Mindset To Change\u201d (Jordan mentioned)</a></h1> \n<p class=\"entry-meta\"><time class=\"entry-time\" itemprop=\"datePublished\" datetime=\"2016-07-25T15:48:16-07:00\">July 25, 2016</time> </p></header><div class=\"entry-content\" itemprop=\"text\"><p>A flexible system, allowing lateral induction of technical experts (like Dr Arati Prabhakar), helps US institutes to tap into cutting-edge perspectives. Federal Communications Commission (FCC) in the US has instituted a culture of bringing outside technical experts into their leadership team and the current FCC chief technology officer (CTO) Dr <STRONG>Scott Jordan</STRONG> is a University of California, Irvine Professor (on sabbatical). A good percentage of Silicon Valley start-up founders are faculties (on leave) from universities around Silicon Valley \u2013 Stanford, University of California Berkeley etc.</p>\n<p><I>Read the full story at <A HREF=\"http://swarajyamag.com/economy/25-years-of-reforms-does-india-need-a-cto-office-to-step-up-growth\">Swarajya</A>.</I></p>\n</div><footer class=\"entry-footer\"></footer></article><article class=\"post-302 post type-post status-publish format-standard category-noteworthy-achievement entry\" itemscope itemtype=\"http://schema.org/CreativeWork\"><header class=\"entry-header\"><h1 class=\"entry-title\" itemprop=\"headline\"><a href=\"https://www.cs.uci.edu/asterixdb-becomes-official-apache-software-foundation-project/\" rel=\"bookmark\">AsterixDB becomes official Apache Software Foundation project</a></h1> \n<p class=\"entry-meta\"><time class=\"entry-time\" itemprop=\"datePublished\" datetime=\"2016-07-13T21:52:01-07:00\">July 13, 2016</time> </p></header><div class=\"entry-content\" itemprop=\"text\"><p><img SRC='http://www.ics.uci.edu//bin/img/news/noteworthy/AsterixProject-2016Update.jpg' STYLE='float: right; width: 50%; margin: 0 0 1em 1em; '/><a HREF=\"http://asterixdb.apache.org/\">AsterixDB</a>&mdash;the multi-school effort to build a highly scalable data management system that can store, index and manage semi-structured data&mdash;has officially become an Apache project, graduating from the Apache Incubator program of the <a HREF=\"http://www.apache.org/foundation/\">Apache Software Foundation</a> (ASF).</p>\n<p>Now dubbed Apache AsterixDB, the system was co-developed by faculty, researchers, staff and students primarily at UC Irvine and UC Riverside, including Bren Chair and Computer Science Professor <strong>Michael Carey</strong> and Computer Science Professor <strong>Chen Li</strong>.<br />\n <a href=\"https://www.cs.uci.edu/asterixdb-becomes-official-apache-software-foundation-project/#more-302\" class=\"more-link\">[Read more&#8230;]</a></p>\n</div><footer class=\"entry-footer\"></footer></article><article class=\"post-686 post type-post status-publish format-standard category-noteworthy-achievement entry\" itemscope itemtype=\"http://schema.org/CreativeWork\"><header class=\"entry-header\"><h1 class=\"entry-title\" itemprop=\"headline\"><a href=\"https://www.cs.uci.edu/fowlkes-awarded-377k-nsf-grant-for-geometric-imaging-research/\" rel=\"bookmark\">Fowlkes awarded $377K NSF grant for geometric imaging research</a></h1> \n<p class=\"entry-meta\"><time class=\"entry-time\" itemprop=\"datePublished\" datetime=\"2016-07-13T16:40:40-07:00\">July 13, 2016</time> </p></header><div class=\"entry-content\" itemprop=\"text\"><p>Associate Professor of Computer Science <STRONG><A HREF=\"http://www.ics.uci.edu/~fowlkes/\">Charles Fowlkes</A></STRONG> has received a $377,407 National Science Foundation (NSF) grant in support of his project, \u201cRI: Small: Building Strong Geometric Priors for Total Scene Understanding.\u201d The grant period is set to run between July 2016 and June 2019.</p>\n<p>Understanding geometric imaging can change the way professionals approach the problem of impulsively interpreting the semantic content of individual photos or videos. Fowlkes will research data sets and algorithms to significantly improve the ability of computer vision systems to understand image content. The <A HREF=\"https://www.nsf.gov/awardsearch/showAward?AWD_ID=1618806\">project</A> involves UC Irvine students in research from a range of traditional disciplines to engage a wider audience in understanding and applying these technologies for new scientific and social purposes.</p>\n</div><footer class=\"entry-footer\"></footer></article><article class=\"post-277 post type-post status-publish format-standard category-noteworthy-achievement entry\" itemscope itemtype=\"http://schema.org/CreativeWork\"><header class=\"entry-header\"><h1 class=\"entry-title\" itemprop=\"headline\"><a href=\"https://www.cs.uci.edu/ph-d-student-tehrani-awarded-link-foundation-fellowship/\" rel=\"bookmark\">Ph.D. student Tehrani awarded Link Foundation Fellowship</a></h1> \n<p class=\"entry-meta\"><time class=\"entry-time\" itemprop=\"datePublished\" datetime=\"2016-06-16T21:53:57-07:00\">June 16, 2016</time> </p></header><div class=\"entry-content\" itemprop=\"text\"><p><img SRC=\"http://www.ics.uci.edu/bin/img/photos/noteworthy/Mahdi-LinkFoundation.jpg\" STYLE='float: right; width: 50%; margin: 0 0 1em 1em; '/>Computer Science Ph.D. student <strong><a HREF=\"http://www.ics.uci.edu/~mabbaspo/\">Mahdi Abbaspour Tehrani</a></strong> has received the Advanced Simulation and Training Fellowship from <a HREF=\"https://www.binghamton.edu/link-foundation/index.html\">The Link Foundation</a>. He is the first at UC Irvine to receive the $26,000 annual fellowship, only awarded to a handful of students throughout the country. Tehrani&rsquo;s fellow recipients hail from Stanford, University of Central Florida and the Rochester Institute of Technology.</p>\n<p> <a href=\"https://www.cs.uci.edu/ph-d-student-tehrani-awarded-link-foundation-fellowship/#more-277\" class=\"more-link\">[Read more&#8230;]</a></p>\n</div><footer class=\"entry-footer\"></footer></article><article class=\"post-270 post type-post status-publish format-standard category-noteworthy-achievement entry\" itemscope itemtype=\"http://schema.org/CreativeWork\"><header class=\"entry-header\"><h1 class=\"entry-title\" itemprop=\"headline\"><a href=\"https://www.cs.uci.edu/update-franz-dourish-formally-recognized-as-acm-fellows/\" rel=\"bookmark\">UPDATE: Franz, Dourish formally recognized as ACM Fellows</a></h1> \n<p class=\"entry-meta\"><time class=\"entry-time\" itemprop=\"datePublished\" datetime=\"2016-06-13T21:49:47-07:00\">June 13, 2016</time> </p></header><div class=\"entry-content\" itemprop=\"text\"><p><IMG SRC='http://www.ics.uci.edu/bin/img/photos/news/articles/Dourish-Franz-ACM.jpg' STYLE='float: right; width: 20%; margin: 0 0 1em 1em;'>The Association for Computing Machinery (<A HREF=\"http://www.acm.org/\">ACM</A>), the world&rsquo;s largest educational and scientific computing society, formally recognized Chancellor&rsquo;s Professor of Computer Science <STRONG><A HREF=\"http://www.michaelfranz.com/\">Michael Franz</A></STRONG> and Chancellor&rsquo;s Professor of Informatics <STRONG><A HREF=\"http://www.dourish.com/\">Paul Dourish</A></STRONG> as 2015 ACM Fellows at a special reception and banquet in San Francisco over the weekend of June 11. Franz earned the ACM Fellow rank for his contributions to just-in-time compilation and optimization to compiler techniques for computer security. Dourish was honored as an ACM Fellow for his contributions in social computing and human-computer interaction. For more details about Franz, Dourish and their accomplishment, visit the original fellowship <A HREF=\"https://www.ics.uci.edu/community/news/features/view_feature?id=90\">announcement</A>.</p>\n<p>Established in 1993, the ACM Fellows Program recognizes its top members for outstanding accomplishments in computing and information technology. Of the 42 ACM Fellows who were named this year from the association&rsquo;s more than 100,000 members, UCI was one of the few universities with two Fellows recognized for 2015.</p>\n</div><footer class=\"entry-footer\"></footer></article><article class=\"post-268 post type-post status-publish format-standard category-noteworthy-achievement entry\" itemscope itemtype=\"http://schema.org/CreativeWork\"><header class=\"entry-header\"><h1 class=\"entry-title\" itemprop=\"headline\"><a href=\"https://www.cs.uci.edu/jain-receives-2016-ieee-multimedia-best-department-article-award/\" rel=\"bookmark\">Jain receives 2016 IEEE MultiMedia Best Department Article Award</a></h1> \n<p class=\"entry-meta\"><time class=\"entry-time\" itemprop=\"datePublished\" datetime=\"2016-06-10T21:47:11-07:00\">June 10, 2016</time> </p></header><div class=\"entry-content\" itemprop=\"text\"><p><img SRC=\"http://www.ics.uci.edu/bin/img/photos/noteworthy/Jain-IEEE-multimedia.jpg\" STYLE='float: right; width: 50%; margin: 0 0 1em 1em; '/>Bren Chair and Professor of Computer Science <strong>Ramesh Jain</strong> has received the 2016 IEEE MultiMedia Best Department Article Award for his article, &ldquo;Let&#8217;s Weave the Visual Web.&rdquo; The <a HREF=\"https://www.computer.org/web/computingnow/multimedia/best-paper-awards\">award</a>, along with the Best Paper Award, recognizes the most profound contributions made to <a HREF=\"https://www.computer.org/web/computingnow/multimedia\">IEEE MultiMedia</a> research magazine that year. The magazine&rsquo;s editorial board selects winners annually.</p>\n<p> <a href=\"https://www.cs.uci.edu/jain-receives-2016-ieee-multimedia-best-department-article-award/#more-268\" class=\"more-link\">[Read more&#8230;]</a></p>\n</div><footer class=\"entry-footer\"></footer></article><article class=\"post-266 post type-post status-publish format-standard category-noteworthy-achievement entry\" itemscope itemtype=\"http://schema.org/CreativeWork\"><header class=\"entry-header\"><h1 class=\"entry-title\" itemprop=\"headline\"><a href=\"https://www.cs.uci.edu/uci-ranks-among-top-20-on-semantic-scholar-insights-list/\" rel=\"bookmark\">UCI ranks among Top 20 on Semantic Scholar Insights&#8217; List</a></h1> \n<p class=\"entry-meta\"><time class=\"entry-time\" itemprop=\"datePublished\" datetime=\"2016-05-13T21:45:28-07:00\">May 13, 2016</time> </p></header><div class=\"entry-content\" itemprop=\"text\"><p>UC Irvine has been ranked 17 out of 500 influential U.S. computer science schools on the newly generated <a HREF=\"https://www.semanticscholar.org/insights/universities?limit=1000&#038;sort=influential-citations&#038;order=desc\">Semantic Scholar Insights</a>&rsquo; list.</p>\n<p>The list, developed by the <a HREF=\"http://alleninstitute.org/\">Allen Institute for Artificial Intelligence</a> in Seattle uses machine learning techniques to measure the influence of computer science programs&rsquo; published papers throughout the country. It also ranks paper authors and institutions.</p>\n<p> <a href=\"https://www.cs.uci.edu/uci-ranks-among-top-20-on-semantic-scholar-insights-list/#more-266\" class=\"more-link\">[Read more&#8230;]</a></p>\n</div><footer class=\"entry-footer\"></footer></article><article class=\"post-264 post type-post status-publish format-standard category-noteworthy-achievement entry\" itemscope itemtype=\"http://schema.org/CreativeWork\"><header class=\"entry-header\"><h1 class=\"entry-title\" itemprop=\"headline\"><a href=\"https://www.cs.uci.edu/tsudik-receives-300000-award-from-department-of-homeland-security/\" rel=\"bookmark\">Tsudik receives $300,000 award from Department of Homeland Security</a></h1> \n<p class=\"entry-meta\"><time class=\"entry-time\" itemprop=\"datePublished\" datetime=\"2016-04-07T21:43:48-07:00\">April 7, 2016</time> </p></header><div class=\"entry-content\" itemprop=\"text\"><p>The Department of Homeland Security, under a subcontract of the <a HREF=\"http://www.hrl.com/\">Hughes Research Laboratories</a> (HRL), has awarded Chancellor&rsquo;s Professor of Computer Science <strong>Gene Tsudik</strong> $300,000 for his project, &ldquo;Secure Remote Attestation and Over-the-Air Software Updates for CPS (Cyber-Physical Systems).&rdquo; The three-year project will focus on software and hardware co-design for the security of automotive Internet of Things (IoT) and Cyber-Physical Systems (CPS) components. The research specifically aims to develop techniques to mitigate remote malware and physical side-channel attacks.</p>\n<p> <a href=\"https://www.cs.uci.edu/tsudik-receives-300000-award-from-department-of-homeland-security/#more-264\" class=\"more-link\">[Read more&#8230;]</a></p>\n</div><footer class=\"entry-footer\"></footer></article><article class=\"post-262 post type-post status-publish format-standard category-article entry\" itemscope itemtype=\"http://schema.org/CreativeWork\"><header class=\"entry-header\"><h1 class=\"entry-title\" itemprop=\"headline\"><a href=\"https://www.cs.uci.edu/circuit-cellar-the-future-of-iot-security-by-ian-harris/\" rel=\"bookmark\">Circuit Cellar: &#8220;The Future of IoT Security&#8221; by Ian Harris</a></h1> \n<p class=\"entry-meta\"><time class=\"entry-time\" itemprop=\"datePublished\" datetime=\"2016-03-29T21:40:52-07:00\">March 29, 2016</time> </p></header><div class=\"entry-content\" itemprop=\"text\"><p>With the onset of Internet of Things (IoT) technology, an enormous number of devices are now accessible via the Internet and are therefore vulnerable to cyberattack. Society is still adjusting to the fact that devices that people used to trust can now betray them in unexpected ways. Your television may expose your conversations, your printer may divulge your documents, and your fitness monitor may reveal your health information. All of these attacks become possible in the presence of IoT devices which are not designed with security in mind. System designers are trained to evaluate system design options in terms of their impact on system characteristics such as power, performance, and time-to-market, but security is a property which is less well understood. Designers of IoT devices need to have the ability to consider, both qualitatively and quantitatively, how design alternatives affect the security of the system. To do that, designers must understand the essential aspects of common cyberattacks.</p>\n<p><I>Read the full story at <A HREF=\"http://circuitcellar.com/cc-blog/the-future-of-iot-security/\">Circuit Cellar</A>.</I></p>\n</div><footer class=\"entry-footer\"></footer></article><article class=\"post-258 post type-post status-publish format-standard category-noteworthy-achievement entry\" itemscope itemtype=\"http://schema.org/CreativeWork\"><header class=\"entry-header\"><h1 class=\"entry-title\" itemprop=\"headline\"><a href=\"https://www.cs.uci.edu/xu-tackles-software-bloat-for-office-of-naval-research/\" rel=\"bookmark\">Xu tackles software bloat for Office of Naval Research</a></h1> \n<p class=\"entry-meta\"><time class=\"entry-time\" itemprop=\"datePublished\" datetime=\"2016-03-23T21:37:40-07:00\">March 23, 2016</time> </p></header><div class=\"entry-content\" itemprop=\"text\"><p><img SRC=\"http://www.ics.uci.edu/bin/img/articles/XU-office-of-naval-research.jpg\" STYLE='float: right; width: 50%; margin: 0 0 1em 1em; '/>Assistant Professor of Computer Science <strong>Harry Xu</strong> is developing a novel approach to counter software runtime redundancies and performance-blocking inefficiencies&mdash;known as &ldquo;software bloat&rdquo;&mdash;thanks to funding from the <a HREF=\"http://www.onr.navy.mil/\">Office of Naval Research</a>.</p>\n<p> <a href=\"https://www.cs.uci.edu/xu-tackles-software-bloat-for-office-of-naval-research/#more-258\" class=\"more-link\">[Read more&#8230;]</a></p>\n</div><footer class=\"entry-footer\"></footer></article><div class=\"archive-pagination pagination\"><ul><li class=\"pagination-previous\"><a href=\"https://www.cs.uci.edu/news/page/19/\" >&#x000AB; Previous Page</a></li>\n<li><a href=\"https://www.cs.uci.edu/news/\">1</a></li>\n<li class=\"pagination-omission\">&#x02026;</li>\n<li><a href=\"https://www.cs.uci.edu/news/page/18/\">18</a></li>\n<li><a href=\"https://www.cs.uci.edu/news/page/19/\">19</a></li>\n<li class=\"active\"  aria-label=\"Current page\"><a href=\"https://www.cs.uci.edu/news/page/20/\">20</a></li>\n<li><a href=\"https://www.cs.uci.edu/news/page/21/\">21</a></li>\n<li><a href=\"https://www.cs.uci.edu/news/page/22/\">22</a></li>\n<li class=\"pagination-next\"><a href=\"https://www.cs.uci.edu/news/page/21/\" >Next Page &#x000BB;</a></li>\n</ul></div>\n</main></div></div><footer class=\"site-footer\" itemscope itemtype=\"http://schema.org/WPFooter\"><div class=\"wrap\">\t\t\t<div class=\"group\">\n\n\t\t\t\t<div id=\"bren\">\n\t\t\t\t\t\t<a href=\"http://www.ics.uci.edu/\"><img src=\"//www.cs.uci.edu//wp-content/cs/uploads/DBren_InfoCompSc_logo-UPDATED.png\"></a>\n\t\t\t\t</div>\n\n\t\t\t\t<div class=\"footer-info\">\n\t\t\t\t\t<UL>\n\t\t\t\t\t   <LI>&copy; 2019 UC Regents</LI>\n\t\t\t\t\t   <LI><A HREF=\"mailto:communications@ics.uci.edu\">Feedback</A></LI>\n\t\t\t\t\t   <LI><A HREF=\"http://uci.edu/privacy/\">Privacy Policy</A></LI>\n\t\t\t\t\t</UL>\n\t\t\t\t</div><!-- .footer-info -->\n\n\t\t\t</div>\n\t</div></footer></div><script type='text/javascript'>\nvar colomatduration = 'fast';\nvar colomatslideEffect = 'slideFade';\n</script>\t\t<script>\n\t\t( function ( body ) {\n\t\t\t'use strict';\n\t\t\tbody.className = body.className.replace( /\\btribe-no-js\\b/, 'tribe-js' );\n\t\t} )( document.body );\n\t\t</script>\n\t\t<script>\n  (function(i,s,o,g,r,a,m){i['GoogleAnalyticsObject']=r;i[r]=i[r]||function(){\n  (i[r].q=i[r].q||[]).push(arguments)},i[r].l=1*new Date();a=s.createElement(o),\n  m=s.getElementsByTagName(o)[0];a.async=1;a.src=g;m.parentNode.insertBefore(a,m)\n  })(window,document,'script','https://www.google-analytics.com/analytics.js','ga');\n\n  ga('create', 'UA-605898-2', 'auto');\n  ga('send', 'pageview');\n\n</script>\n<script type='text/javascript'>jQuery(document).ready(function($) {$(\".flexslider\").flexslider({controlsContainer: \"#genesis-responsive-slider\",animation: \"fade\",directionNav: 0,controlNav: 1,animationDuration: 1000,slideshowSpeed: 10000    });  });</script><script> /* <![CDATA[ */var tribe_l10n_datatables = {\"aria\":{\"sort_ascending\":\": activate to sort column ascending\",\"sort_descending\":\": activate to sort column descending\"},\"length_menu\":\"Show _MENU_ entries\",\"empty_table\":\"No data available in table\",\"info\":\"Showing _START_ to _END_ of _TOTAL_ entries\",\"info_empty\":\"Showing 0 to 0 of 0 entries\",\"info_filtered\":\"(filtered from _MAX_ total entries)\",\"zero_records\":\"No matching records found\",\"search\":\"Search:\",\"all_selected_text\":\"All items on this page were selected. \",\"select_all_link\":\"Select all pages\",\"clear_selection\":\"Clear Selection.\",\"pagination\":{\"all\":\"All\",\"next\":\"Next\",\"previous\":\"Previous\"},\"select\":{\"rows\":{\"0\":\"\",\"_\":\": Selected %d rows\",\"1\":\": Selected 1 row\"}},\"datepicker\":{\"dayNames\":[\"Sunday\",\"Monday\",\"Tuesday\",\"Wednesday\",\"Thursday\",\"Friday\",\"Saturday\"],\"dayNamesShort\":[\"Sun\",\"Mon\",\"Tue\",\"Wed\",\"Thu\",\"Fri\",\"Sat\"],\"dayNamesMin\":[\"S\",\"M\",\"T\",\"W\",\"T\",\"F\",\"S\"],\"monthNames\":[\"January\",\"February\",\"March\",\"April\",\"May\",\"June\",\"July\",\"August\",\"September\",\"October\",\"November\",\"December\"],\"monthNamesShort\":[\"January\",\"February\",\"March\",\"April\",\"May\",\"June\",\"July\",\"August\",\"September\",\"October\",\"November\",\"December\"],\"nextText\":\"Next\",\"prevText\":\"Prev\",\"currentText\":\"Today\",\"closeText\":\"Done\"}};/* ]]> */ </script><script type='text/javascript' src='https://www.cs.uci.edu/wp-content/cs/plugins/jquery-collapse-o-matic/js/collapse.js?ver=1.6.5'></script>\n<script type='text/javascript' src='https://www.cs.uci.edu/wp-content/cs/plugins/genesis-responsive-slider/js/jquery.flexslider.js?ver=0.9.5'></script>\n<script type='text/javascript' src='https://www.cs.uci.edu/wp-includes/js/wp-embed.min.js?ver=5.2.3'></script>\n</body></html>\r\n", "encoding": "utf-8"}