{"url": "https://www.cs.uci.edu/alumni-spotlight-vince-steckler-80-on-solving-problems-giving-back-and-embracing-failure/", "content": "<!DOCTYPE html>\n<html lang=\"en-US\">\n<head >\n<meta charset=\"UTF-8\" />\n<title>Alumni Spotlight: Vince Steckler &#8217;80 on Solving Problems, Giving Back, and Embracing Failure</title>\t\t<meta name=\"robots\" content=\"noodp,noydir\" />\n\t\t<meta name=\"viewport\" content=\"width=device-width, initial-scale=1\" />\n\n\t\t<style type=\"text/css\">\n\t\t\t.slide-excerpt { width: 50%; }\n\t\t\t.slide-excerpt { bottom: 0; }\n\t\t\t.slide-excerpt { left: 0; }\n\t\t\t.flexslider { max-width: 1180px; max-height: 340px; }\n\t\t\t.slide-image { max-height: 340px; }\n\t\t</style>\n\t\t<style type=\"text/css\">\n\t\t\t@media only screen\n\t\t\tand (min-device-width : 320px)\n\t\t\tand (max-device-width : 480px) {\n\t\t\t\t.slide-excerpt { display: none !important; }\n\t\t\t}\n\t\t</style> <link rel='dns-prefetch' href='//fonts.googleapis.com' />\n<link rel='dns-prefetch' href='//s.w.org' />\n<link rel=\"alternate\" type=\"application/rss+xml\" title=\"Department of Computer Science - Donald Bren School of Information &amp; Computer Sciences &raquo; Feed\" href=\"https://www.cs.uci.edu/feed/\" />\n<link rel=\"alternate\" type=\"application/rss+xml\" title=\"Department of Computer Science - Donald Bren School of Information &amp; Computer Sciences &raquo; Comments Feed\" href=\"https://www.cs.uci.edu/comments/feed/\" />\n<link rel=\"alternate\" type=\"text/calendar\" title=\"Department of Computer Science - Donald Bren School of Information &amp; Computer Sciences &raquo; iCal Feed\" href=\"https://www.cs.uci.edu/events/?ical=1\" />\n<link rel=\"canonical\" href=\"https://www.cs.uci.edu/alumni-spotlight-vince-steckler-80-on-solving-problems-giving-back-and-embracing-failure/\" />\n\t\t<script type=\"text/javascript\">\n\t\t\twindow._wpemojiSettings = {\"baseUrl\":\"https:\\/\\/s.w.org\\/images\\/core\\/emoji\\/12.0.0-1\\/72x72\\/\",\"ext\":\".png\",\"svgUrl\":\"https:\\/\\/s.w.org\\/images\\/core\\/emoji\\/12.0.0-1\\/svg\\/\",\"svgExt\":\".svg\",\"source\":{\"concatemoji\":\"https:\\/\\/www.cs.uci.edu\\/wp-includes\\/js\\/wp-emoji-release.min.js?ver=5.2.3\"}};\n\t\t\t!function(a,b,c){function d(a,b){var c=String.fromCharCode;l.clearRect(0,0,k.width,k.height),l.fillText(c.apply(this,a),0,0);var d=k.toDataURL();l.clearRect(0,0,k.width,k.height),l.fillText(c.apply(this,b),0,0);var e=k.toDataURL();return d===e}function e(a){var b;if(!l||!l.fillText)return!1;switch(l.textBaseline=\"top\",l.font=\"600 32px Arial\",a){case\"flag\":return!(b=d([55356,56826,55356,56819],[55356,56826,8203,55356,56819]))&&(b=d([55356,57332,56128,56423,56128,56418,56128,56421,56128,56430,56128,56423,56128,56447],[55356,57332,8203,56128,56423,8203,56128,56418,8203,56128,56421,8203,56128,56430,8203,56128,56423,8203,56128,56447]),!b);case\"emoji\":return b=d([55357,56424,55356,57342,8205,55358,56605,8205,55357,56424,55356,57340],[55357,56424,55356,57342,8203,55358,56605,8203,55357,56424,55356,57340]),!b}return!1}function f(a){var c=b.createElement(\"script\");c.src=a,c.defer=c.type=\"text/javascript\",b.getElementsByTagName(\"head\")[0].appendChild(c)}var g,h,i,j,k=b.createElement(\"canvas\"),l=k.getContext&&k.getContext(\"2d\");for(j=Array(\"flag\",\"emoji\"),c.supports={everything:!0,everythingExceptFlag:!0},i=0;i<j.length;i++)c.supports[j[i]]=e(j[i]),c.supports.everything=c.supports.everything&&c.supports[j[i]],\"flag\"!==j[i]&&(c.supports.everythingExceptFlag=c.supports.everythingExceptFlag&&c.supports[j[i]]);c.supports.everythingExceptFlag=c.supports.everythingExceptFlag&&!c.supports.flag,c.DOMReady=!1,c.readyCallback=function(){c.DOMReady=!0},c.supports.everything||(h=function(){c.readyCallback()},b.addEventListener?(b.addEventListener(\"DOMContentLoaded\",h,!1),a.addEventListener(\"load\",h,!1)):(a.attachEvent(\"onload\",h),b.attachEvent(\"onreadystatechange\",function(){\"complete\"===b.readyState&&c.readyCallback()})),g=c.source||{},g.concatemoji?f(g.concatemoji):g.wpemoji&&g.twemoji&&(f(g.twemoji),f(g.wpemoji)))}(window,document,window._wpemojiSettings);\n\t\t</script>\n\t\t<style type=\"text/css\">\nimg.wp-smiley,\nimg.emoji {\n\tdisplay: inline !important;\n\tborder: none !important;\n\tbox-shadow: none !important;\n\theight: 1em !important;\n\twidth: 1em !important;\n\tmargin: 0 .07em !important;\n\tvertical-align: -0.1em !important;\n\tbackground: none !important;\n\tpadding: 0 !important;\n}\n</style>\n\t<link rel='stylesheet' id='genesis-sample-theme-css'  href='https://www.cs.uci.edu/wp-content/cs/themes/genesis-cs-retry/style.css?ver=2.1.2' type='text/css' media='all' />\n<link rel='stylesheet' id='wp-block-library-css'  href='https://www.cs.uci.edu/wp-includes/css/dist/block-library/style.min.css?ver=5.2.3' type='text/css' media='all' />\n<link rel='stylesheet' id='feedzy-rss-feeds-css'  href='https://www.cs.uci.edu/wp-content/cs/plugins/feedzy-rss-feeds/css/feedzy-rss-feeds.css?ver=3.3.2' type='text/css' media='all' />\n<link rel='stylesheet' id='collapseomatic-css-css'  href='https://www.cs.uci.edu/wp-content/cs/plugins/jquery-collapse-o-matic/light_style.css?ver=1.6' type='text/css' media='all' />\n<link rel='stylesheet' id='google-fonts-css'  href='//fonts.googleapis.com/css?family=Lato%3A300%2C400%2C700&#038;ver=2.1.2' type='text/css' media='all' />\n<link rel='stylesheet' id='slider_styles-css'  href='https://www.cs.uci.edu/wp-content/cs/plugins/genesis-responsive-slider/style.css?ver=0.9.5' type='text/css' media='all' />\n<script type='text/javascript' src='https://www.cs.uci.edu/wp-includes/js/jquery/jquery.js?ver=1.12.4-wp'></script>\n<script type='text/javascript' src='https://www.cs.uci.edu/wp-includes/js/jquery/jquery-migrate.min.js?ver=1.4.1'></script>\n<!--[if lt IE 9]>\n<script type='text/javascript' src='https://www.cs.uci.edu/wp-content/cs/themes/genesis/lib/js/html5shiv.min.js?ver=3.7.3'></script>\n<![endif]-->\n<script type='text/javascript' src='https://www.cs.uci.edu/wp-content/cs/themes/genesis-cs-retry/js/jquery.collapse.js?ver=5.2.3'></script>\n<link rel='https://api.w.org/' href='https://www.cs.uci.edu/wp-json/' />\n<link rel=\"EditURI\" type=\"application/rsd+xml\" title=\"RSD\" href=\"https://www.cs.uci.edu/xmlrpc.php?rsd\" />\n<link rel=\"alternate\" type=\"application/json+oembed\" href=\"https://www.cs.uci.edu/wp-json/oembed/1.0/embed?url=https%3A%2F%2Fwww.cs.uci.edu%2Falumni-spotlight-vince-steckler-80-on-solving-problems-giving-back-and-embracing-failure%2F\" />\n<link rel=\"alternate\" type=\"text/xml+oembed\" href=\"https://www.cs.uci.edu/wp-json/oembed/1.0/embed?url=https%3A%2F%2Fwww.cs.uci.edu%2Falumni-spotlight-vince-steckler-80-on-solving-problems-giving-back-and-embracing-failure%2F&#038;format=xml\" />\n<meta name=\"tec-api-version\" content=\"v1\"><meta name=\"tec-api-origin\" content=\"https://www.cs.uci.edu\"><link rel=\"https://theeventscalendar.com/\" href=\"https://www.cs.uci.edu/wp-json/tribe/events/v1/\" /><link rel=\"icon\" href=\"https://www.cs.uci.edu/wp-content/cs/themes/genesis-cs-retry/images/favicon.ico\" />\n<link rel=\"pingback\" href=\"https://www.cs.uci.edu/xmlrpc.php\" />\n\t\t<style type=\"text/css\" id=\"wp-custom-css\">\n\t\t\t.job-ops .name{\n\twidth:53% !important;\n\tfont-size:.95em !important;\n\tline-height:1.5em !important;\n}\n.job-ops .job-number{\n\twidth:23% !important;\n\tfont-size:.75em !important;\n}\n.job-ops .submission-dates{\n\twidth:53% !important;\n\tfont-size:.95em !important;\n\tline-height:1.5em !important;\n}\n\n.people_table img{\n\twidth:150px;\n}\n\n.apply-now-btn{\n\tborder:1px solid #ffffff;\n\tborder-radius:3px;\n\tpadding:7px 15px 7px 15px;\n}\n.undergrad-tbl td{padding:10px;}\n.staffcsl-tbl td{padding:10px;}\n\n\n.rss_header { display: none;}\t\t</style>\n\t\t</head>\n<body class=\"post-template-default single single-post postid-1209 single-format-standard tribe-no-js header-image content-sidebar elementor-default\" itemscope itemtype=\"http://schema.org/WebPage\"><div class=\"site-container\"><header class=\"site-header\" itemscope itemtype=\"http://schema.org/WPHeader\"><div class=\"wrap\"><div class=\"title-area\"><h1 class=\"site-title\">\n\n      <div id='dept_header'>\n\n         <a id='dept_link' href='http://www.cs.uci.edu/' TITLE='Department of Computer Science in the Donald Bren School of Information and Computer Sciences @ UC Irvine'></a>\n\n         <a id='uci_link' href='http://www.uci.edu/' TITLE='University of California, Irvine'></a>\n\n         <a id='school_link' href='http://www.ics.uci.edu/' TITLE='Donald Bren School of Information and Computer Sciences'></a>\n\n      </div>\n\n   </h1></div><div class=\"widget-area header-widget-area\"><section id=\"search-4\" class=\"widget widget_search\"><div class=\"widget-wrap\"><form class=\"search-form\" itemprop=\"potentialAction\" itemscope itemtype=\"http://schema.org/SearchAction\" method=\"get\" action=\"https://www.cs.uci.edu/\" role=\"search\"><meta itemprop=\"target\" content=\"https://www.cs.uci.edu/?s={s}\"/><input itemprop=\"query-input\" type=\"search\" name=\"s\" placeholder=\"Search this site...\" /><input type=\"submit\" value=\"Search\"  /></form></div></section>\n</div></div></header><nav class=\"nav-primary\" itemscope itemtype=\"http://schema.org/SiteNavigationElement\"><div class=\"wrap\"><ul id=\"menu-header-menu\" class=\"menu genesis-nav-menu menu-primary\"><li id=\"menu-item-17\" class=\"menu-item menu-item-type-post_type menu-item-object-page menu-item-has-children menu-item-17\"><a href=\"https://www.cs.uci.edu/about-the-department/\" itemprop=\"url\"><span itemprop=\"name\">Explore</span></a>\n<ul class=\"sub-menu\">\n\t<li id=\"menu-item-58\" class=\"menu-item menu-item-type-post_type menu-item-object-page menu-item-58\"><a href=\"https://www.cs.uci.edu/contact/\" itemprop=\"url\"><span itemprop=\"name\">Contact Us</span></a></li>\n</ul>\n</li>\n<li id=\"menu-item-16\" class=\"menu-item menu-item-type-post_type menu-item-object-page menu-item-16\"><a href=\"https://www.cs.uci.edu/faculty/\" itemprop=\"url\"><span itemprop=\"name\">Faculty</span></a></li>\n<li id=\"menu-item-18\" class=\"menu-item menu-item-type-custom menu-item-object-custom menu-item-has-children menu-item-18\"><a href=\"#\" itemprop=\"url\"><span itemprop=\"name\">Research</span></a>\n<ul class=\"sub-menu\">\n\t<li id=\"menu-item-2407\" class=\"menu-item menu-item-type-post_type menu-item-object-page menu-item-2407\"><a href=\"https://www.cs.uci.edu/cs-research-areas/\" itemprop=\"url\"><span itemprop=\"name\">Research Areas</span></a></li>\n\t<li id=\"menu-item-50\" class=\"menu-item menu-item-type-post_type menu-item-object-page menu-item-50\"><a href=\"https://www.cs.uci.edu/research-centers/\" itemprop=\"url\"><span itemprop=\"name\">Research Centers</span></a></li>\n</ul>\n</li>\n<li id=\"menu-item-370\" class=\"menu-item menu-item-type-custom menu-item-object-custom menu-item-has-children menu-item-370\"><a href=\"#\" itemprop=\"url\"><span itemprop=\"name\">Graduate Degrees</span></a>\n<ul class=\"sub-menu\">\n\t<li id=\"menu-item-372\" class=\"menu-item menu-item-type-post_type menu-item-object-page menu-item-372\"><a href=\"https://www.cs.uci.edu/graduate-computer-science-programs/\" itemprop=\"url\"><span itemprop=\"name\">Computer Science Programs</span></a></li>\n\t<li id=\"menu-item-371\" class=\"menu-item menu-item-type-post_type menu-item-object-page menu-item-371\"><a href=\"https://www.cs.uci.edu/current-graduate-students/\" itemprop=\"url\"><span itemprop=\"name\">Current Graduate Students</span></a></li>\n</ul>\n</li>\n<li id=\"menu-item-1915\" class=\"menu-item menu-item-type-post_type menu-item-object-page menu-item-1915\"><a href=\"https://www.cs.uci.edu/undergraduate-programs/\" itemprop=\"url\"><span itemprop=\"name\">Undergraduate Degrees</span></a></li>\n<li id=\"menu-item-1382\" class=\"menu-item menu-item-type-custom menu-item-object-custom menu-item-has-children menu-item-1382\"><a href=\"#\" itemprop=\"url\"><span itemprop=\"name\">News  &#038; Events</span></a>\n<ul class=\"sub-menu\">\n\t<li id=\"menu-item-1688\" class=\"menu-item menu-item-type-custom menu-item-object-custom menu-item-1688\"><a href=\"/news\" itemprop=\"url\"><span itemprop=\"name\">News</span></a></li>\n\t<li id=\"menu-item-1423\" class=\"menu-item menu-item-type-custom menu-item-object-custom menu-item-1423\"><a href=\"/events/computer-science-seminar-series/\" itemprop=\"url\"><span itemprop=\"name\">Seminar Series</span></a></li>\n\t<li id=\"menu-item-1655\" class=\"menu-item menu-item-type-custom menu-item-object-custom menu-item-1655\"><a href=\"/events/distinguished-lecture-series/\" itemprop=\"url\"><span itemprop=\"name\">Distinguished Lecture Series</span></a></li>\n\t<li id=\"menu-item-1442\" class=\"menu-item menu-item-type-custom menu-item-object-custom menu-item-1442\"><a href=\"/event/2017-computer-science-research-showcase/\" itemprop=\"url\"><span itemprop=\"name\">Research Showcase</span></a></li>\n</ul>\n</li>\n<li id=\"menu-item-1873\" class=\"menu-item menu-item-type-custom menu-item-object-custom menu-item-has-children menu-item-1873\"><a href=\"#\" itemprop=\"url\"><span itemprop=\"name\"><span class=\"apply-now-btn\">Apply Now</span></span></a>\n<ul class=\"sub-menu\">\n\t<li id=\"menu-item-1875\" class=\"menu-item menu-item-type-custom menu-item-object-custom menu-item-1875\"><a target=\"_blank\" rel=\"noopener noreferrer\" href=\"https://www.admissions.uci.edu/apply/index.php\" itemprop=\"url\"><span itemprop=\"name\">Undergraduate Admissions</span></a></li>\n\t<li id=\"menu-item-1874\" class=\"menu-item menu-item-type-custom menu-item-object-custom menu-item-1874\"><a target=\"_blank\" rel=\"noopener noreferrer\" href=\"https://apply.grad.uci.edu/apply/\" itemprop=\"url\"><span itemprop=\"name\">Graduate Admissions</span></a></li>\n\t<li id=\"menu-item-1927\" class=\"menu-item menu-item-type-post_type menu-item-object-page menu-item-1927\"><a href=\"https://www.cs.uci.edu/job-opportunities/\" itemprop=\"url\"><span itemprop=\"name\">Faculty Candidates</span></a></li>\n</ul>\n</li>\n</ul></div></nav><div class=\"site-inner\"><div class=\"content-sidebar-wrap\"><main class=\"content\"><article class=\"post-1209 post type-post status-publish format-standard category-feature entry\" itemscope itemtype=\"http://schema.org/CreativeWork\"><header class=\"entry-header\"><h1 class=\"entry-title\" itemprop=\"headline\">Alumni Spotlight: Vince Steckler &#8217;80 on Solving Problems, Giving Back, and Embracing Failure</h1> \n<p class=\"entry-meta\"><time class=\"entry-time\" itemprop=\"datePublished\" datetime=\"2018-01-03T22:55:33-07:00\">January 3, 2018</time> </p></header><div class=\"entry-content\" itemprop=\"text\"><p><img class=\"alignright size-thumbnail wp-image-1210\" style=\"margin-bottom: 2.5em;\" src=\"http://www.cs.uci.edu/wp-content/cs/uploads/VincentSteckler-150x150.jpg\" srcset=\"https://www.cs.uci.edu/wp-content/cs/uploads/VincentSteckler-150x150.jpg 150w, https://www.cs.uci.edu/wp-content/cs/uploads/VincentSteckler.jpg 300w\" sizes=\"(max-width: 150px) 100vw, 150px\" /><i>Don\u2019t complain about your commute to\u00a0</i><i><a href=\"https://blog.avast.com/author/vince-steckler\" target=\"_blank\" rel=\"noopener\" data-saferedirecturl=\"https://www.google.com/url?hl=en&amp;q=https://blog.avast.com/author/vince-steckler&amp;source=gmail&amp;ust=1515106218756000&amp;usg=AFQjCNEFKePHQE8ol8ML1ZOFa5qZZjxypg\">Vince Steckler</a>\u00a0</i><i>&#8217;80.\u00a0The UCI graduate with BS degrees in both math and computer science was commuting from Singapore to San Francisco as the senior VP of worldwide consumer sales at Symantec before becoming CEO of security giant\u00a0</i><a href=\"https://www.avast.com/\" target=\"_blank\" rel=\"noopener\" data-saferedirecturl=\"https://www.google.com/url?hl=en&amp;q=https://www.avast.com/&amp;source=gmail&amp;ust=1515106218756000&amp;usg=AFQjCNHFMMhTVk9YKZ43hKKYYQBS-KNYVA\"><i>Avast</i></a><i>. \u201cIt was a fairly long commute \u2014 22 hours,\u201d he says, explaining why he left Symantec to start his own business in Singapore. But instead of eliminating the commute, he got a call from a colleague who put him in touch with the Prague-based Avast, which Steckler viewed as \u201ca diamond in the rough. They had a great product but no real marketing or sales behind it.\u201d So he joined Avast in 2009, at which point he says the online-security company had about 40 employees and sales of under $20 million a year. He reports it has since grown to 2,000 employees and over $750 million in sales, and its security software is stopping 3.5 billion attacks per month.</i></p>\n<p><span id=\"more-1209\"></span></p>\n<p><b>Did you always have an interest in security?</b><br />\nMy first job was very much related to computer security. I was doing security and safety analysis of nuclear weapons software in Los Angeles, leading the software safety analysis for the deployment of the <a href=\"https://en.wikipedia.org/wiki/BGM-109G_Ground_Launched_Cruise_Missile\" target=\"_blank\" rel=\"noopener\" data-saferedirecturl=\"https://www.google.com/url?hl=en&amp;q=https://en.wikipedia.org/wiki/BGM-109G_Ground_Launched_Cruise_Missile&amp;source=gmail&amp;ust=1515106218756000&amp;usg=AFQjCNEjnMizaXa5sqNP4ne-_n7nE_C8vg\">Ground Launched Cruise Missile</a>\u00a0in Europe.<b>\u00a0</b>Then, after doing a few other things, I ran a resale business inside the same company and was selling software, mostly Netscape and Oracle, to the federal government. I did that for many years before Symantec hired me to start up their government business. Eventually I moved to Asia and ran the Asia and Japan divisions of Symantec, and in 2000, I took over their consumer business. I did that for years until the commute got to be too much.</p>\n<p><b>How did you get started at Avast?</b><br />\nI knew of them, but didn\u2019t know very much. I learned more from the gentleman they wanted to hire as their CEO, but he was retired and didn\u2019t want to go back to work. He was my ex-boss from Symantec, so he put me in touch with them. We hit it off, and I took over the company.</p>\n<p>Avast was fairly well known in the immediate region and by geeks around the world, but it wasn\u2019t really big at the time. When I took over, it did maybe $15-20 million in business. Now it does over $750 million. We took it from a very small company to the world\u2019s most popular security product.</p>\n<p><b>How did your ICS education help along the way?</b><br />\nIt helped a lot. In 1980, computer science was so different from what it is now. We had to learn compilers, and one of the first things I did in my job was build a compiler. We had to build operating systems, because these were control systems that weren\u2019t using commercial-off-the-shelf software; a lot of it was custom built. So, much of the theory I learned at UCI about how compilers work, how data structures work and how operating systems work gave me the knowledge to build these things. At the time, the computer science curriculum at UCI didn\u2019t include programming, which was taught at most schools. But you can learn things like programming skills on your own \u2014 you don\u2019t need universities for that. It\u2019s the knowledge gained in how to solve problems that is most important in real life.</p>\n<p><b>Did you have a favorite class?</b><br />\nThe artificial intelligence (AI)\u00a0classes were by far the most interesting. UCI was a pretty big AI school \u2014 not in terms of machine learning, but following on from the\u00a0<a href=\"https://web.media.mit.edu/~minsky/\" target=\"_blank\" rel=\"noopener\" data-saferedirecturl=\"https://www.google.com/url?hl=en&amp;q=https://web.media.mit.edu/~minsky/&amp;source=gmail&amp;ust=1515106218756000&amp;usg=AFQjCNHGqfYYq1NAtLKwmVgRm9YkEkVePA\">Marvin Minsky</a>\u00a0stuff at MIT. AI was a lot more primitive then. It used languages called\u00a0<a href=\"https://en.wikipedia.org/wiki/SNOBOL\" target=\"_blank\" rel=\"noopener\" data-saferedirecturl=\"https://www.google.com/url?hl=en&amp;q=https://en.wikipedia.org/wiki/SNOBOL&amp;source=gmail&amp;ust=1515106218756000&amp;usg=AFQjCNHHaktnvkfXHXS-9yQ6zTBh3VqoOQ\">SNOBOL</a>\u00a0and\u00a0<a href=\"https://en.wikipedia.org/wiki/Lisp_(programming_language)\" target=\"_blank\" rel=\"noopener\" data-saferedirecturl=\"https://www.google.com/url?hl=en&amp;q=https://en.wikipedia.org/wiki/Lisp_(programming_language)&amp;source=gmail&amp;ust=1515106218756000&amp;usg=AFQjCNEmEa4Pi5vhd_oVTFIQj7nbvVLOrQ\">LISP</a>, and the computer that was here was a\u00a0<a href=\"https://en.wikipedia.org/wiki/PDP-10\" target=\"_blank\" rel=\"noopener\" data-saferedirecturl=\"https://www.google.com/url?hl=en&amp;q=https://en.wikipedia.org/wiki/PDP-10&amp;source=gmail&amp;ust=1515106218756000&amp;usg=AFQjCNGL70MphsoKaZdl9VLR7Y7sxeGOFQ\">DEC-10</a>.</p>\n<p>But security is heavily AI-related, and that goes back many years. The current AI in vogue is machine learning. What we have for our security at Avast is a massive installed base. Our software runs on 520 million different computers and mobile phones around the world, so from those, we gather a massive amount of data, and that data goes into our cloud. We run about 11,000 servers in the cloud and, at any given time, 60 million of our users are connected to our cloud. It\u2019s on a scale that no one else has, but it\u2019s that massive amount of user data that really provides the raw information to figure out what\u2019s safe and what isn\u2019t safe on the internet.</p>\n<p><b>In addition to Avast, can you tell us\u00a0a bit about its charitable foundation?</b><br />\nAvast is based in the Czech Republic and has deep roots there. About six or seven years ago, we started the\u00a0<a href=\"http://foundation.avast.com/index\" target=\"_blank\" rel=\"noopener\" data-saferedirecturl=\"https://www.google.com/url?hl=en&amp;q=http://foundation.avast.com/index&amp;source=gmail&amp;ust=1515106218756000&amp;usg=AFQjCNGzNtc7RsG3nUZ0iNGne5VuuFSNAQ\">Avast Foundation</a>, a charitable organization that receives a percentage of our profits. Unlike the foundations of most tech companies, which donate equipment or scholarships for computer science students, our foundation looks at what\u2019s missing in the country\u2019s social network. So a big focus has been on\u00a0<a href=\"http://foundation.avast.com/together-until-the-end\" target=\"_blank\" rel=\"noopener\" data-saferedirecturl=\"https://www.google.com/url?hl=en&amp;q=http://foundation.avast.com/together-until-the-end&amp;source=gmail&amp;ust=1515106218756000&amp;usg=AFQjCNGqI22XtNTfIxGf_AzbE6JCHUwxrw\">palliative care</a>, which isn\u2019t something you usually see a tech company spending money on, but we\u2019ve been successful in addressing this unfilled need in the country. We ran a bunch of pilot programs to show how to effectively implement end-of-life care, and this year the government stepped in to take care of a lot of the funding. We also focus on early childhood care as well as the arts, because the Czech Republic is a very artistic, very musical country. So we don\u2019t really do much with technology but the foundation is giving back to society as a whole.</p>\n<p><b>And what motivates you to give back to UCI?</b><br />\nThe recognition that everyone needs to give back to help and guide others. UCI has built a great program, and I wouldn\u2019t be where I am if it weren\u2019t for UCI.</p>\n<p><b>Any words of advice for ICS students?</b><br />\nAt Avast, our core value is to \u201cget stuff done.\u201d What\u2019s most important is actually doing something. It doesn\u2019t matter if you fail; failing is a learning experience. During a recent\u00a0sales review meeting, I asked what bids we had lost in the last quarter, and the answer was none \u2014 which tells me we haven\u2019t bid enough. You have to have failures, because you learn a lot more from your failures than from your successes.</p>\n<p>Another thing that has struck me is that if you\u2019re going to stay in technology, you shouldn\u2019t look at your degree as the end game. Technology changes very, very quickly, so this is just the start of your learning. Throughout your career, you\u2019re going to have to take extension classes or self-study to stay up on technology; otherwise, you\u2019ll be left behind. View your degree as the start, not end, of your educational journey.</p>\n<p><i>\u2014 Shani Murray</i></p>\n<!--<rdf:RDF xmlns:rdf=\"http://www.w3.org/1999/02/22-rdf-syntax-ns#\"\n\t\t\txmlns:dc=\"http://purl.org/dc/elements/1.1/\"\n\t\t\txmlns:trackback=\"http://madskills.com/public/xml/rss/module/trackback/\">\n\t\t<rdf:Description rdf:about=\"https://www.cs.uci.edu/alumni-spotlight-vince-steckler-80-on-solving-problems-giving-back-and-embracing-failure/\"\n    dc:identifier=\"https://www.cs.uci.edu/alumni-spotlight-vince-steckler-80-on-solving-problems-giving-back-and-embracing-failure/\"\n    dc:title=\"Alumni Spotlight: Vince Steckler &#8217;80 on Solving Problems, Giving Back, and Embracing Failure\"\n    trackback:ping=\"https://www.cs.uci.edu/alumni-spotlight-vince-steckler-80-on-solving-problems-giving-back-and-embracing-failure/trackback/\" />\n</rdf:RDF>-->\n</div><footer class=\"entry-footer\"></footer></article><div class=\"adjacent-entry-pagination pagination\"><div class=\"pagination-previous alignleft\"><a href=\"https://www.cs.uci.edu/whats-next-in-the-battle-over-net-neutrality/\" rel=\"prev\">&#x000AB; What\u2019s Next in the Battle Over Net Neutrality?</a></div><div class=\"pagination-next alignright\"><a href=\"https://www.cs.uci.edu/iot-hackathon-apps-coming-soon/\" rel=\"next\">IoT Hackathon Apps Coming Soon &#x000BB;</a></div></div></main><aside class=\"sidebar sidebar-primary widget-area\" role=\"complementary\" aria-label=\"Primary Sidebar\" itemscope itemtype=\"http://schema.org/WPSideBar\">\t\t<section id=\"recent-posts-3\" class=\"widget widget_recent_entries\"><div class=\"widget-wrap\">\t\t<h4 class=\"widget-title widgettitle\">Latest news</h4>\n\t\t<ul>\n\t\t\t\t\t\t\t\t\t\t\t<li>\n\t\t\t\t\t<a href=\"https://www.cs.uci.edu/sangeetha-abdu-jyothi-attends-the-heidelberg-laureate-forum/\">Sangeetha Abdu Jyothi Attends the Heidelberg Laureate Forum</a>\n\t\t\t\t\t\t\t\t\t\t\t<span class=\"post-date\">October 8, 2019</span>\n\t\t\t\t\t\t\t\t\t</li>\n\t\t\t\t\t\t\t\t\t\t\t<li>\n\t\t\t\t\t<a href=\"https://www.cs.uci.edu/senior-spotlight-taneisha-arora-pursues-her-passions-from-working-in-industry-to-running-a-bakery/\">Senior Spotlight: Taneisha Arora Pursues Her Passions, From Working in Industry to Running a Bakery</a>\n\t\t\t\t\t\t\t\t\t\t\t<span class=\"post-date\">October 7, 2019</span>\n\t\t\t\t\t\t\t\t\t</li>\n\t\t\t\t\t\t\t\t\t\t\t<li>\n\t\t\t\t\t<a href=\"https://www.cs.uci.edu/ramesh-jain-wins-inaugural-ieee-tcmc-impact-award/\">Ramesh Jain Wins Inaugural IEEE TCMC Impact Award</a>\n\t\t\t\t\t\t\t\t\t\t\t<span class=\"post-date\">October 3, 2019</span>\n\t\t\t\t\t\t\t\t\t</li>\n\t\t\t\t\t\t\t\t\t\t\t<li>\n\t\t\t\t\t<a href=\"https://www.cs.uci.edu/uci-other-researchers-develop-deep-learning-technique-to-id-at-risk-anatomy-in-ct-scans/\">UCI, other researchers develop deep-learning technique to ID at-risk anatomy in CT scans</a>\n\t\t\t\t\t\t\t\t\t\t\t<span class=\"post-date\">October 2, 2019</span>\n\t\t\t\t\t\t\t\t\t</li>\n\t\t\t\t\t\t\t\t\t\t\t<li>\n\t\t\t\t\t<a href=\"https://www.cs.uci.edu/science-101-ai-solves-a-rubiks-cube-without-human-help-pierre-baldi-research-mentioned/\">Science 101: &#8220;AI solves a Rubik\u2019s cube without human help&#8221; (Pierre Baldi research mentioned)</a>\n\t\t\t\t\t\t\t\t\t\t\t<span class=\"post-date\">September 27, 2019</span>\n\t\t\t\t\t\t\t\t\t</li>\n\t\t\t\t\t</ul>\n\t\t</div></section>\n</aside></div></div><footer class=\"site-footer\" itemscope itemtype=\"http://schema.org/WPFooter\"><div class=\"wrap\">\t\t\t<div class=\"group\">\n\n\t\t\t\t<div id=\"bren\">\n\t\t\t\t\t\t<a href=\"http://www.ics.uci.edu/\"><img src=\"//www.cs.uci.edu//wp-content/cs/uploads/DBren_InfoCompSc_logo-UPDATED.png\"></a>\n\t\t\t\t</div>\n\n\t\t\t\t<div class=\"footer-info\">\n\t\t\t\t\t<UL>\n\t\t\t\t\t   <LI>&copy; 2019 UC Regents</LI>\n\t\t\t\t\t   <LI><A HREF=\"mailto:communications@ics.uci.edu\">Feedback</A></LI>\n\t\t\t\t\t   <LI><A HREF=\"http://uci.edu/privacy/\">Privacy Policy</A></LI>\n\t\t\t\t\t</UL>\n\t\t\t\t</div><!-- .footer-info -->\n\n\t\t\t</div>\n\t</div></footer></div><script type='text/javascript'>\nvar colomatduration = 'fast';\nvar colomatslideEffect = 'slideFade';\n</script>\t\t<script>\n\t\t( function ( body ) {\n\t\t\t'use strict';\n\t\t\tbody.className = body.className.replace( /\\btribe-no-js\\b/, 'tribe-js' );\n\t\t} )( document.body );\n\t\t</script>\n\t\t<script>\n  (function(i,s,o,g,r,a,m){i['GoogleAnalyticsObject']=r;i[r]=i[r]||function(){\n  (i[r].q=i[r].q||[]).push(arguments)},i[r].l=1*new Date();a=s.createElement(o),\n  m=s.getElementsByTagName(o)[0];a.async=1;a.src=g;m.parentNode.insertBefore(a,m)\n  })(window,document,'script','https://www.google-analytics.com/analytics.js','ga');\n\n  ga('create', 'UA-605898-2', 'auto');\n  ga('send', 'pageview');\n\n</script>\n<script type='text/javascript'>jQuery(document).ready(function($) {$(\".flexslider\").flexslider({controlsContainer: \"#genesis-responsive-slider\",animation: \"fade\",directionNav: 0,controlNav: 1,animationDuration: 1000,slideshowSpeed: 10000    });  });</script><script> /* <![CDATA[ */var tribe_l10n_datatables = {\"aria\":{\"sort_ascending\":\": activate to sort column ascending\",\"sort_descending\":\": activate to sort column descending\"},\"length_menu\":\"Show _MENU_ entries\",\"empty_table\":\"No data available in table\",\"info\":\"Showing _START_ to _END_ of _TOTAL_ entries\",\"info_empty\":\"Showing 0 to 0 of 0 entries\",\"info_filtered\":\"(filtered from _MAX_ total entries)\",\"zero_records\":\"No matching records found\",\"search\":\"Search:\",\"all_selected_text\":\"All items on this page were selected. \",\"select_all_link\":\"Select all pages\",\"clear_selection\":\"Clear Selection.\",\"pagination\":{\"all\":\"All\",\"next\":\"Next\",\"previous\":\"Previous\"},\"select\":{\"rows\":{\"0\":\"\",\"_\":\": Selected %d rows\",\"1\":\": Selected 1 row\"}},\"datepicker\":{\"dayNames\":[\"Sunday\",\"Monday\",\"Tuesday\",\"Wednesday\",\"Thursday\",\"Friday\",\"Saturday\"],\"dayNamesShort\":[\"Sun\",\"Mon\",\"Tue\",\"Wed\",\"Thu\",\"Fri\",\"Sat\"],\"dayNamesMin\":[\"S\",\"M\",\"T\",\"W\",\"T\",\"F\",\"S\"],\"monthNames\":[\"January\",\"February\",\"March\",\"April\",\"May\",\"June\",\"July\",\"August\",\"September\",\"October\",\"November\",\"December\"],\"monthNamesShort\":[\"January\",\"February\",\"March\",\"April\",\"May\",\"June\",\"July\",\"August\",\"September\",\"October\",\"November\",\"December\"],\"nextText\":\"Next\",\"prevText\":\"Prev\",\"currentText\":\"Today\",\"closeText\":\"Done\"}};/* ]]> */ </script><script type='text/javascript' src='https://www.cs.uci.edu/wp-content/cs/plugins/jquery-collapse-o-matic/js/collapse.js?ver=1.6.5'></script>\n<script type='text/javascript' src='https://www.cs.uci.edu/wp-content/cs/plugins/genesis-responsive-slider/js/jquery.flexslider.js?ver=0.9.5'></script>\n<script type='text/javascript' src='https://www.cs.uci.edu/wp-includes/js/wp-embed.min.js?ver=5.2.3'></script>\n</body></html>\r\n", "encoding": "utf-8"}