{"url": "https://www.cs.uci.edu/art-and-computers-symposium/sponsors/", "content": "<!DOCTYPE html>\n<html lang=\"en-US\">\n<head >\n<meta charset=\"UTF-8\" />\n<title>Sponsors</title>\t\t<meta name=\"robots\" content=\"noodp,noydir\" />\n\t\t<meta name=\"viewport\" content=\"width=device-width, initial-scale=1\" />\n\n\t\t<style type=\"text/css\">\n\t\t\t.slide-excerpt { width: 50%; }\n\t\t\t.slide-excerpt { bottom: 0; }\n\t\t\t.slide-excerpt { left: 0; }\n\t\t\t.flexslider { max-width: 1180px; max-height: 340px; }\n\t\t\t.slide-image { max-height: 340px; }\n\t\t</style>\n\t\t<style type=\"text/css\">\n\t\t\t@media only screen\n\t\t\tand (min-device-width : 320px)\n\t\t\tand (max-device-width : 480px) {\n\t\t\t\t.slide-excerpt { display: none !important; }\n\t\t\t}\n\t\t</style> <link rel='dns-prefetch' href='//fonts.googleapis.com' />\n<link rel='dns-prefetch' href='//s.w.org' />\n<link rel=\"alternate\" type=\"application/rss+xml\" title=\"Department of Computer Science - Donald Bren School of Information &amp; Computer Sciences &raquo; Feed\" href=\"https://www.cs.uci.edu/feed/\" />\n<link rel=\"alternate\" type=\"application/rss+xml\" title=\"Department of Computer Science - Donald Bren School of Information &amp; Computer Sciences &raquo; Comments Feed\" href=\"https://www.cs.uci.edu/comments/feed/\" />\n<link rel=\"alternate\" type=\"text/calendar\" title=\"Department of Computer Science - Donald Bren School of Information &amp; Computer Sciences &raquo; iCal Feed\" href=\"https://www.cs.uci.edu/events/?ical=1\" />\n<link rel=\"canonical\" href=\"https://www.cs.uci.edu/art-and-computers-symposium/sponsors/\" />\n\t\t<script type=\"text/javascript\">\n\t\t\twindow._wpemojiSettings = {\"baseUrl\":\"https:\\/\\/s.w.org\\/images\\/core\\/emoji\\/12.0.0-1\\/72x72\\/\",\"ext\":\".png\",\"svgUrl\":\"https:\\/\\/s.w.org\\/images\\/core\\/emoji\\/12.0.0-1\\/svg\\/\",\"svgExt\":\".svg\",\"source\":{\"concatemoji\":\"https:\\/\\/www.cs.uci.edu\\/wp-includes\\/js\\/wp-emoji-release.min.js?ver=5.2.3\"}};\n\t\t\t!function(a,b,c){function d(a,b){var c=String.fromCharCode;l.clearRect(0,0,k.width,k.height),l.fillText(c.apply(this,a),0,0);var d=k.toDataURL();l.clearRect(0,0,k.width,k.height),l.fillText(c.apply(this,b),0,0);var e=k.toDataURL();return d===e}function e(a){var b;if(!l||!l.fillText)return!1;switch(l.textBaseline=\"top\",l.font=\"600 32px Arial\",a){case\"flag\":return!(b=d([55356,56826,55356,56819],[55356,56826,8203,55356,56819]))&&(b=d([55356,57332,56128,56423,56128,56418,56128,56421,56128,56430,56128,56423,56128,56447],[55356,57332,8203,56128,56423,8203,56128,56418,8203,56128,56421,8203,56128,56430,8203,56128,56423,8203,56128,56447]),!b);case\"emoji\":return b=d([55357,56424,55356,57342,8205,55358,56605,8205,55357,56424,55356,57340],[55357,56424,55356,57342,8203,55358,56605,8203,55357,56424,55356,57340]),!b}return!1}function f(a){var c=b.createElement(\"script\");c.src=a,c.defer=c.type=\"text/javascript\",b.getElementsByTagName(\"head\")[0].appendChild(c)}var g,h,i,j,k=b.createElement(\"canvas\"),l=k.getContext&&k.getContext(\"2d\");for(j=Array(\"flag\",\"emoji\"),c.supports={everything:!0,everythingExceptFlag:!0},i=0;i<j.length;i++)c.supports[j[i]]=e(j[i]),c.supports.everything=c.supports.everything&&c.supports[j[i]],\"flag\"!==j[i]&&(c.supports.everythingExceptFlag=c.supports.everythingExceptFlag&&c.supports[j[i]]);c.supports.everythingExceptFlag=c.supports.everythingExceptFlag&&!c.supports.flag,c.DOMReady=!1,c.readyCallback=function(){c.DOMReady=!0},c.supports.everything||(h=function(){c.readyCallback()},b.addEventListener?(b.addEventListener(\"DOMContentLoaded\",h,!1),a.addEventListener(\"load\",h,!1)):(a.attachEvent(\"onload\",h),b.attachEvent(\"onreadystatechange\",function(){\"complete\"===b.readyState&&c.readyCallback()})),g=c.source||{},g.concatemoji?f(g.concatemoji):g.wpemoji&&g.twemoji&&(f(g.twemoji),f(g.wpemoji)))}(window,document,window._wpemojiSettings);\n\t\t</script>\n\t\t<style type=\"text/css\">\nimg.wp-smiley,\nimg.emoji {\n\tdisplay: inline !important;\n\tborder: none !important;\n\tbox-shadow: none !important;\n\theight: 1em !important;\n\twidth: 1em !important;\n\tmargin: 0 .07em !important;\n\tvertical-align: -0.1em !important;\n\tbackground: none !important;\n\tpadding: 0 !important;\n}\n</style>\n\t<link rel='stylesheet' id='genesis-sample-theme-css'  href='https://www.cs.uci.edu/wp-content/cs/themes/genesis-cs-retry/style.css?ver=2.1.2' type='text/css' media='all' />\n<link rel='stylesheet' id='wp-block-library-css'  href='https://www.cs.uci.edu/wp-includes/css/dist/block-library/style.min.css?ver=5.2.3' type='text/css' media='all' />\n<link rel='stylesheet' id='feedzy-rss-feeds-css'  href='https://www.cs.uci.edu/wp-content/cs/plugins/feedzy-rss-feeds/css/feedzy-rss-feeds.css?ver=3.3.2' type='text/css' media='all' />\n<link rel='stylesheet' id='collapseomatic-css-css'  href='https://www.cs.uci.edu/wp-content/cs/plugins/jquery-collapse-o-matic/light_style.css?ver=1.6' type='text/css' media='all' />\n<link rel='stylesheet' id='google-fonts-css'  href='//fonts.googleapis.com/css?family=Lato%3A300%2C400%2C700&#038;ver=2.1.2' type='text/css' media='all' />\n<link rel='stylesheet' id='elementor-icons-css'  href='https://www.cs.uci.edu/wp-content/cs/plugins/elementor/assets/lib/eicons/css/elementor-icons.min.css?ver=4.3.0' type='text/css' media='all' />\n<link rel='stylesheet' id='font-awesome-css'  href='https://www.cs.uci.edu/wp-content/cs/plugins/elementor/assets/lib/font-awesome/css/font-awesome.min.css?ver=4.7.0' type='text/css' media='all' />\n<link rel='stylesheet' id='elementor-animations-css'  href='https://www.cs.uci.edu/wp-content/cs/plugins/elementor/assets/lib/animations/animations.min.css?ver=2.5.5' type='text/css' media='all' />\n<link rel='stylesheet' id='elementor-frontend-css'  href='https://www.cs.uci.edu/wp-content/cs/plugins/elementor/assets/css/frontend.min.css?ver=2.5.5' type='text/css' media='all' />\n<link rel='stylesheet' id='elementor-pro-css'  href='https://www.cs.uci.edu/wp-content/cs/plugins/elementor-pro/assets/css/frontend.min.css?ver=2.4.8' type='text/css' media='all' />\n<link rel='stylesheet' id='elementor-global-css'  href='https://www.cs.uci.edu/wp-content/cs/uploads/elementor/css/global.css?ver=1570132835' type='text/css' media='all' />\n<link rel='stylesheet' id='elementor-post-2784-css'  href='https://www.cs.uci.edu/wp-content/cs/uploads/elementor/css/post-2784.css?ver=1570660736' type='text/css' media='all' />\n<link rel='stylesheet' id='google-fonts-1-css'  href='https://fonts.googleapis.com/css?family=Roboto%3A100%2C100italic%2C200%2C200italic%2C300%2C300italic%2C400%2C400italic%2C500%2C500italic%2C600%2C600italic%2C700%2C700italic%2C800%2C800italic%2C900%2C900italic%7CRoboto+Slab%3A100%2C100italic%2C200%2C200italic%2C300%2C300italic%2C400%2C400italic%2C500%2C500italic%2C600%2C600italic%2C700%2C700italic%2C800%2C800italic%2C900%2C900italic&#038;ver=5.2.3' type='text/css' media='all' />\n<link rel='stylesheet' id='slider_styles-css'  href='https://www.cs.uci.edu/wp-content/cs/plugins/genesis-responsive-slider/style.css?ver=0.9.5' type='text/css' media='all' />\n<script type='text/javascript' src='https://www.cs.uci.edu/wp-includes/js/jquery/jquery.js?ver=1.12.4-wp'></script>\n<script type='text/javascript' src='https://www.cs.uci.edu/wp-includes/js/jquery/jquery-migrate.min.js?ver=1.4.1'></script>\n<!--[if lt IE 9]>\n<script type='text/javascript' src='https://www.cs.uci.edu/wp-content/cs/themes/genesis/lib/js/html5shiv.min.js?ver=3.7.3'></script>\n<![endif]-->\n<script type='text/javascript' src='https://www.cs.uci.edu/wp-content/cs/themes/genesis-cs-retry/js/jquery.collapse.js?ver=5.2.3'></script>\n<link rel='https://api.w.org/' href='https://www.cs.uci.edu/wp-json/' />\n<link rel=\"EditURI\" type=\"application/rsd+xml\" title=\"RSD\" href=\"https://www.cs.uci.edu/xmlrpc.php?rsd\" />\n<link rel=\"alternate\" type=\"application/json+oembed\" href=\"https://www.cs.uci.edu/wp-json/oembed/1.0/embed?url=https%3A%2F%2Fwww.cs.uci.edu%2Fart-and-computers-symposium%2Fsponsors%2F\" />\n<link rel=\"alternate\" type=\"text/xml+oembed\" href=\"https://www.cs.uci.edu/wp-json/oembed/1.0/embed?url=https%3A%2F%2Fwww.cs.uci.edu%2Fart-and-computers-symposium%2Fsponsors%2F&#038;format=xml\" />\n<meta name=\"tec-api-version\" content=\"v1\"><meta name=\"tec-api-origin\" content=\"https://www.cs.uci.edu\"><link rel=\"https://theeventscalendar.com/\" href=\"https://www.cs.uci.edu/wp-json/tribe/events/v1/\" /><link rel=\"icon\" href=\"https://www.cs.uci.edu/wp-content/cs/themes/genesis-cs-retry/images/favicon.ico\" />\n<link rel=\"pingback\" href=\"https://www.cs.uci.edu/xmlrpc.php\" />\n\t\t<style type=\"text/css\" id=\"wp-custom-css\">\n\t\t\t.job-ops .name{\n\twidth:53% !important;\n\tfont-size:.95em !important;\n\tline-height:1.5em !important;\n}\n.job-ops .job-number{\n\twidth:23% !important;\n\tfont-size:.75em !important;\n}\n.job-ops .submission-dates{\n\twidth:53% !important;\n\tfont-size:.95em !important;\n\tline-height:1.5em !important;\n}\n\n.people_table img{\n\twidth:150px;\n}\n\n.apply-now-btn{\n\tborder:1px solid #ffffff;\n\tborder-radius:3px;\n\tpadding:7px 15px 7px 15px;\n}\n.undergrad-tbl td{padding:10px;}\n.staffcsl-tbl td{padding:10px;}\n\n\n.rss_header { display: none;}\t\t</style>\n\t\t</head>\n<body class=\"page-template page-template-elementor_header_footer page page-id-2784 page-child parent-pageid-2537 tribe-no-js header-image content-sidebar elementor-default elementor-template-full-width elementor-page elementor-page-2784\" itemscope itemtype=\"http://schema.org/WebPage\"><div class=\"site-container\"><header class=\"site-header\" itemscope itemtype=\"http://schema.org/WPHeader\"><div class=\"wrap\"><div class=\"title-area\"><h1 class=\"site-title\">\n\n      <div id='dept_header'>\n\n         <a id='dept_link' href='http://www.cs.uci.edu/' TITLE='Department of Computer Science in the Donald Bren School of Information and Computer Sciences @ UC Irvine'></a>\n\n         <a id='uci_link' href='http://www.uci.edu/' TITLE='University of California, Irvine'></a>\n\n         <a id='school_link' href='http://www.ics.uci.edu/' TITLE='Donald Bren School of Information and Computer Sciences'></a>\n\n      </div>\n\n   </h1></div><div class=\"widget-area header-widget-area\"><section id=\"search-4\" class=\"widget widget_search\"><div class=\"widget-wrap\"><form class=\"search-form\" itemprop=\"potentialAction\" itemscope itemtype=\"http://schema.org/SearchAction\" method=\"get\" action=\"https://www.cs.uci.edu/\" role=\"search\"><meta itemprop=\"target\" content=\"https://www.cs.uci.edu/?s={s}\"/><input itemprop=\"query-input\" type=\"search\" name=\"s\" placeholder=\"Search this site...\" /><input type=\"submit\" value=\"Search\"  /></form></div></section>\n</div></div></header><nav class=\"nav-primary\" itemscope itemtype=\"http://schema.org/SiteNavigationElement\"><div class=\"wrap\"><ul id=\"menu-header-menu\" class=\"menu genesis-nav-menu menu-primary\"><li id=\"menu-item-17\" class=\"menu-item menu-item-type-post_type menu-item-object-page menu-item-has-children menu-item-17\"><a href=\"https://www.cs.uci.edu/about-the-department/\" itemprop=\"url\"><span itemprop=\"name\">Explore</span></a>\n<ul class=\"sub-menu\">\n\t<li id=\"menu-item-58\" class=\"menu-item menu-item-type-post_type menu-item-object-page menu-item-58\"><a href=\"https://www.cs.uci.edu/contact/\" itemprop=\"url\"><span itemprop=\"name\">Contact Us</span></a></li>\n</ul>\n</li>\n<li id=\"menu-item-16\" class=\"menu-item menu-item-type-post_type menu-item-object-page menu-item-16\"><a href=\"https://www.cs.uci.edu/faculty/\" itemprop=\"url\"><span itemprop=\"name\">Faculty</span></a></li>\n<li id=\"menu-item-18\" class=\"menu-item menu-item-type-custom menu-item-object-custom menu-item-has-children menu-item-18\"><a href=\"#\" itemprop=\"url\"><span itemprop=\"name\">Research</span></a>\n<ul class=\"sub-menu\">\n\t<li id=\"menu-item-2407\" class=\"menu-item menu-item-type-post_type menu-item-object-page menu-item-2407\"><a href=\"https://www.cs.uci.edu/cs-research-areas/\" itemprop=\"url\"><span itemprop=\"name\">Research Areas</span></a></li>\n\t<li id=\"menu-item-50\" class=\"menu-item menu-item-type-post_type menu-item-object-page menu-item-50\"><a href=\"https://www.cs.uci.edu/research-centers/\" itemprop=\"url\"><span itemprop=\"name\">Research Centers</span></a></li>\n</ul>\n</li>\n<li id=\"menu-item-370\" class=\"menu-item menu-item-type-custom menu-item-object-custom menu-item-has-children menu-item-370\"><a href=\"#\" itemprop=\"url\"><span itemprop=\"name\">Graduate Degrees</span></a>\n<ul class=\"sub-menu\">\n\t<li id=\"menu-item-372\" class=\"menu-item menu-item-type-post_type menu-item-object-page menu-item-372\"><a href=\"https://www.cs.uci.edu/graduate-computer-science-programs/\" itemprop=\"url\"><span itemprop=\"name\">Computer Science Programs</span></a></li>\n\t<li id=\"menu-item-371\" class=\"menu-item menu-item-type-post_type menu-item-object-page menu-item-371\"><a href=\"https://www.cs.uci.edu/current-graduate-students/\" itemprop=\"url\"><span itemprop=\"name\">Current Graduate Students</span></a></li>\n</ul>\n</li>\n<li id=\"menu-item-1915\" class=\"menu-item menu-item-type-post_type menu-item-object-page menu-item-1915\"><a href=\"https://www.cs.uci.edu/undergraduate-programs/\" itemprop=\"url\"><span itemprop=\"name\">Undergraduate Degrees</span></a></li>\n<li id=\"menu-item-1382\" class=\"menu-item menu-item-type-custom menu-item-object-custom menu-item-has-children menu-item-1382\"><a href=\"#\" itemprop=\"url\"><span itemprop=\"name\">News  &#038; Events</span></a>\n<ul class=\"sub-menu\">\n\t<li id=\"menu-item-1688\" class=\"menu-item menu-item-type-custom menu-item-object-custom menu-item-1688\"><a href=\"/news\" itemprop=\"url\"><span itemprop=\"name\">News</span></a></li>\n\t<li id=\"menu-item-1423\" class=\"menu-item menu-item-type-custom menu-item-object-custom menu-item-1423\"><a href=\"/events/computer-science-seminar-series/\" itemprop=\"url\"><span itemprop=\"name\">Seminar Series</span></a></li>\n\t<li id=\"menu-item-1655\" class=\"menu-item menu-item-type-custom menu-item-object-custom menu-item-1655\"><a href=\"/events/distinguished-lecture-series/\" itemprop=\"url\"><span itemprop=\"name\">Distinguished Lecture Series</span></a></li>\n\t<li id=\"menu-item-1442\" class=\"menu-item menu-item-type-custom menu-item-object-custom menu-item-1442\"><a href=\"/event/2017-computer-science-research-showcase/\" itemprop=\"url\"><span itemprop=\"name\">Research Showcase</span></a></li>\n</ul>\n</li>\n<li id=\"menu-item-1873\" class=\"menu-item menu-item-type-custom menu-item-object-custom menu-item-has-children menu-item-1873\"><a href=\"#\" itemprop=\"url\"><span itemprop=\"name\"><span class=\"apply-now-btn\">Apply Now</span></span></a>\n<ul class=\"sub-menu\">\n\t<li id=\"menu-item-1875\" class=\"menu-item menu-item-type-custom menu-item-object-custom menu-item-1875\"><a target=\"_blank\" rel=\"noopener noreferrer\" href=\"https://www.admissions.uci.edu/apply/index.php\" itemprop=\"url\"><span itemprop=\"name\">Undergraduate Admissions</span></a></li>\n\t<li id=\"menu-item-1874\" class=\"menu-item menu-item-type-custom menu-item-object-custom menu-item-1874\"><a target=\"_blank\" rel=\"noopener noreferrer\" href=\"https://apply.grad.uci.edu/apply/\" itemprop=\"url\"><span itemprop=\"name\">Graduate Admissions</span></a></li>\n\t<li id=\"menu-item-1927\" class=\"menu-item menu-item-type-post_type menu-item-object-page menu-item-1927\"><a href=\"https://www.cs.uci.edu/job-opportunities/\" itemprop=\"url\"><span itemprop=\"name\">Faculty Candidates</span></a></li>\n</ul>\n</li>\n</ul></div></nav><div class=\"site-inner\">\t\t<div data-elementor-type=\"post\" data-elementor-id=\"2784\" class=\"elementor elementor-2784\" data-elementor-settings=\"[]\">\n\t\t\t<div class=\"elementor-inner\">\n\t\t\t\t<div class=\"elementor-section-wrap\">\n\t\t\t\t\t\t\t<section class=\"elementor-element elementor-element-6857f33 elementor-section-stretched elementor-section-boxed elementor-section-height-default elementor-section-height-default elementor-section elementor-top-section\" data-id=\"6857f33\" data-element_type=\"section\" data-settings=\"{&quot;stretch_section&quot;:&quot;section-stretched&quot;,&quot;background_background&quot;:&quot;classic&quot;}\">\n\t\t\t\t\t\t\t<div class=\"elementor-background-overlay\"></div>\n\t\t\t\t\t\t\t<div class=\"elementor-container elementor-column-gap-default\">\n\t\t\t\t<div class=\"elementor-row\">\n\t\t\t\t<div class=\"elementor-element elementor-element-ab0226e elementor-column elementor-col-100 elementor-top-column\" data-id=\"ab0226e\" data-element_type=\"column\">\n\t\t\t<div class=\"elementor-column-wrap  elementor-element-populated\">\n\t\t\t\t\t<div class=\"elementor-widget-wrap\">\n\t\t\t\t<div class=\"elementor-element elementor-element-c0d5178 elementor-widget elementor-widget-image\" data-id=\"c0d5178\" data-element_type=\"widget\" data-widget_type=\"image.default\">\n\t\t\t\t<div class=\"elementor-widget-container\">\n\t\t\t\t\t<div class=\"elementor-image\">\n\t\t\t\t\t\t\t\t\t\t<img width=\"1018\" height=\"204\" src=\"https://www.cs.uci.edu/wp-content/cs/uploads/ArtComputers-logo-1.png\" class=\"attachment-large size-large\" alt=\"ArtComputers-logo, 15-16 October 2019, Venice Italy\" srcset=\"https://www.cs.uci.edu/wp-content/cs/uploads/ArtComputers-logo-1.png 1018w, https://www.cs.uci.edu/wp-content/cs/uploads/ArtComputers-logo-1-300x60.png 300w, https://www.cs.uci.edu/wp-content/cs/uploads/ArtComputers-logo-1-768x154.png 768w\" sizes=\"(max-width: 1018px) 100vw, 1018px\" />\t\t\t\t\t\t\t\t\t\t\t</div>\n\t\t\t\t</div>\n\t\t\t\t</div>\n\t\t\t\t<section class=\"elementor-element elementor-element-8732f67 acsymposium elementor-section-boxed elementor-section-height-default elementor-section-height-default elementor-section elementor-inner-section\" data-id=\"8732f67\" data-element_type=\"section\" data-settings=\"{&quot;background_background&quot;:&quot;classic&quot;}\">\n\t\t\t\t\t\t<div class=\"elementor-container elementor-column-gap-default\">\n\t\t\t\t<div class=\"elementor-row\">\n\t\t\t\t<div class=\"elementor-element elementor-element-39be68a elementor-column elementor-col-50 elementor-inner-column\" data-id=\"39be68a\" data-element_type=\"column\">\n\t\t\t<div class=\"elementor-column-wrap  elementor-element-populated\">\n\t\t\t\t\t<div class=\"elementor-widget-wrap\">\n\t\t\t\t<div class=\"elementor-element elementor-element-248ef96 elementor-nav-menu__align-left acsymposium-nav elementor-nav-menu--indicator-classic elementor-nav-menu--dropdown-tablet elementor-nav-menu__text-align-aside elementor-widget elementor-widget-nav-menu\" data-id=\"248ef96\" data-element_type=\"widget\" data-settings=\"{&quot;layout&quot;:&quot;vertical&quot;}\" data-widget_type=\"nav-menu.default\">\n\t\t\t\t<div class=\"elementor-widget-container\">\n\t\t\t\t\t\t<nav class=\"elementor-nav-menu--main elementor-nav-menu__container elementor-nav-menu--layout-vertical e--pointer-background e--animation-fade\"><ul id=\"menu-1-248ef96\" class=\"elementor-nav-menu sm-vertical\"><li class=\"menu-item menu-item-type-post_type menu-item-object-page current-page-ancestor current-page-parent menu-item-2593\"><a class=\"elementor-item\" href=\"https://www.cs.uci.edu/art-and-computers-symposium/\" itemprop=\"url\">Main</a></li>\n<li class=\"menu-item menu-item-type-post_type menu-item-object-page current-menu-item page_item page-item-2784 current_page_item menu-item-2789\"><a class=\"elementor-item elementor-item-active\" href=\"https://www.cs.uci.edu/art-and-computers-symposium/sponsors/\" aria-current=\"page\" itemprop=\"url\">Sponsors</a></li>\n<li class=\"menu-item menu-item-type-post_type menu-item-object-page menu-item-2572\"><a class=\"elementor-item\" href=\"https://www.cs.uci.edu/art-and-computers-symposium/program/\" itemprop=\"url\">Program</a></li>\n<li class=\"menu-item menu-item-type-post_type menu-item-object-page menu-item-2570\"><a class=\"elementor-item\" href=\"https://www.cs.uci.edu/art-and-computers-symposium/acsymposium-speakers/\" itemprop=\"url\">Speakers</a></li>\n<li class=\"menu-item menu-item-type-post_type menu-item-object-page menu-item-2725\"><a class=\"elementor-item\" href=\"https://www.cs.uci.edu/art-and-computers-symposium/acsymposium-organizers/\" itemprop=\"url\">Organizers</a></li>\n<li class=\"menu-item menu-item-type-post_type menu-item-object-page menu-item-2571\"><a class=\"elementor-item\" href=\"https://www.cs.uci.edu/art-and-computers-symposium/acsymposium-location/\" itemprop=\"url\">Location</a></li>\n</ul></nav>\n\t\t\t\t\t<div class=\"elementor-menu-toggle\">\n\t\t\t<i class=\"eicon\" aria-hidden=\"true\"></i>\n\t\t\t<span class=\"elementor-screen-only\">Menu</span>\n\t\t</div>\n\t\t<nav class=\"elementor-nav-menu--dropdown elementor-nav-menu__container\"><ul id=\"menu-2-248ef96\" class=\"elementor-nav-menu sm-vertical\"><li class=\"menu-item menu-item-type-post_type menu-item-object-page current-page-ancestor current-page-parent menu-item-2593\"><a class=\"elementor-item\" href=\"https://www.cs.uci.edu/art-and-computers-symposium/\" itemprop=\"url\">Main</a></li>\n<li class=\"menu-item menu-item-type-post_type menu-item-object-page current-menu-item page_item page-item-2784 current_page_item menu-item-2789\"><a class=\"elementor-item elementor-item-active\" href=\"https://www.cs.uci.edu/art-and-computers-symposium/sponsors/\" aria-current=\"page\" itemprop=\"url\">Sponsors</a></li>\n<li class=\"menu-item menu-item-type-post_type menu-item-object-page menu-item-2572\"><a class=\"elementor-item\" href=\"https://www.cs.uci.edu/art-and-computers-symposium/program/\" itemprop=\"url\">Program</a></li>\n<li class=\"menu-item menu-item-type-post_type menu-item-object-page menu-item-2570\"><a class=\"elementor-item\" href=\"https://www.cs.uci.edu/art-and-computers-symposium/acsymposium-speakers/\" itemprop=\"url\">Speakers</a></li>\n<li class=\"menu-item menu-item-type-post_type menu-item-object-page menu-item-2725\"><a class=\"elementor-item\" href=\"https://www.cs.uci.edu/art-and-computers-symposium/acsymposium-organizers/\" itemprop=\"url\">Organizers</a></li>\n<li class=\"menu-item menu-item-type-post_type menu-item-object-page menu-item-2571\"><a class=\"elementor-item\" href=\"https://www.cs.uci.edu/art-and-computers-symposium/acsymposium-location/\" itemprop=\"url\">Location</a></li>\n</ul></nav>\n\t\t\t\t</div>\n\t\t\t\t</div>\n\t\t\t\t<div class=\"elementor-element elementor-element-cf0bad5 elementor-widget elementor-widget-text-editor\" data-id=\"cf0bad5\" data-element_type=\"widget\" data-widget_type=\"text-editor.default\">\n\t\t\t\t<div class=\"elementor-widget-container\">\n\t\t\t\t\t<div class=\"elementor-text-editor elementor-clearfix\"><p class=\"p2\"><em>Registration/entrance is free, and the public is invited</em></p></div>\n\t\t\t\t</div>\n\t\t\t\t</div>\n\t\t\t\t\t\t</div>\n\t\t\t</div>\n\t\t</div>\n\t\t\t\t<div class=\"elementor-element elementor-element-11002f5 elementor-column elementor-col-50 elementor-inner-column\" data-id=\"11002f5\" data-element_type=\"column\">\n\t\t\t<div class=\"elementor-column-wrap  elementor-element-populated\">\n\t\t\t\t\t<div class=\"elementor-widget-wrap\">\n\t\t\t\t<div class=\"elementor-element elementor-element-55323e2 elementor-hidden-desktop elementor-widget elementor-widget-image\" data-id=\"55323e2\" data-element_type=\"widget\" data-widget_type=\"image.default\">\n\t\t\t\t<div class=\"elementor-widget-container\">\n\t\t\t\t\t<div class=\"elementor-image\">\n\t\t\t\t\t\t\t\t\t\t<img width=\"1024\" height=\"674\" src=\"https://www.cs.uci.edu/wp-content/cs/uploads/Venice3-1024x674.jpg\" class=\"attachment-large size-large\" alt=\"Picture of Venice\" srcset=\"https://www.cs.uci.edu/wp-content/cs/uploads/Venice3-1024x674.jpg 1024w, https://www.cs.uci.edu/wp-content/cs/uploads/Venice3-300x198.jpg 300w, https://www.cs.uci.edu/wp-content/cs/uploads/Venice3-768x506.jpg 768w\" sizes=\"(max-width: 1024px) 100vw, 1024px\" />\t\t\t\t\t\t\t\t\t\t\t</div>\n\t\t\t\t</div>\n\t\t\t\t</div>\n\t\t\t\t<div class=\"elementor-element elementor-element-8cd12a6 elementor-widget elementor-widget-heading\" data-id=\"8cd12a6\" data-element_type=\"widget\" data-widget_type=\"heading.default\">\n\t\t\t\t<div class=\"elementor-widget-container\">\n\t\t\t<h1 class=\"elementor-heading-title elementor-size-default\">Sponsors</h1>\t\t</div>\n\t\t\t\t</div>\n\t\t\t\t<div class=\"elementor-element elementor-element-7c7bfc5 elementor-widget elementor-widget-divider\" data-id=\"7c7bfc5\" data-element_type=\"widget\" data-widget_type=\"divider.default\">\n\t\t\t\t<div class=\"elementor-widget-container\">\n\t\t\t\t\t<div class=\"elementor-divider\">\n\t\t\t<span class=\"elementor-divider-separator\"></span>\n\t\t</div>\n\t\t\t\t</div>\n\t\t\t\t</div>\n\t\t\t\t<div class=\"elementor-element elementor-element-61892a1 elementor-widget elementor-widget-image\" data-id=\"61892a1\" data-element_type=\"widget\" data-widget_type=\"image.default\">\n\t\t\t\t<div class=\"elementor-widget-container\">\n\t\t\t\t\t<div class=\"elementor-image\">\n\t\t\t\t\t\t\t\t\t\t<img width=\"900\" height=\"526\" src=\"https://www.cs.uci.edu/wp-content/cs/uploads/Picture04.png\" class=\"attachment-large size-large\" alt=\"Amoca Logo\" srcset=\"https://www.cs.uci.edu/wp-content/cs/uploads/Picture04.png 900w, https://www.cs.uci.edu/wp-content/cs/uploads/Picture04-300x175.png 300w, https://www.cs.uci.edu/wp-content/cs/uploads/Picture04-768x449.png 768w\" sizes=\"(max-width: 900px) 100vw, 900px\" />\t\t\t\t\t\t\t\t\t\t\t</div>\n\t\t\t\t</div>\n\t\t\t\t</div>\n\t\t\t\t<div class=\"elementor-element elementor-element-975f023 elementor-widget elementor-widget-image\" data-id=\"975f023\" data-element_type=\"widget\" data-widget_type=\"image.default\">\n\t\t\t\t<div class=\"elementor-widget-container\">\n\t\t\t\t\t<div class=\"elementor-image\">\n\t\t\t\t\t\t\t\t\t\t<img width=\"1024\" height=\"244\" src=\"https://www.cs.uci.edu/wp-content/cs/uploads/Picture03-1024x244.png\" class=\"attachment-large size-large\" alt=\"Bici Logo\" srcset=\"https://www.cs.uci.edu/wp-content/cs/uploads/Picture03-1024x244.png 1024w, https://www.cs.uci.edu/wp-content/cs/uploads/Picture03-300x71.png 300w, https://www.cs.uci.edu/wp-content/cs/uploads/Picture03-768x183.png 768w, https://www.cs.uci.edu/wp-content/cs/uploads/Picture03.png 1554w\" sizes=\"(max-width: 1024px) 100vw, 1024px\" />\t\t\t\t\t\t\t\t\t\t\t</div>\n\t\t\t\t</div>\n\t\t\t\t</div>\n\t\t\t\t<div class=\"elementor-element elementor-element-b1dbcdc elementor-widget elementor-widget-image\" data-id=\"b1dbcdc\" data-element_type=\"widget\" data-widget_type=\"image.default\">\n\t\t\t\t<div class=\"elementor-widget-container\">\n\t\t\t\t\t<div class=\"elementor-image\">\n\t\t\t\t\t\t\t\t\t\t<img width=\"600\" height=\"268\" src=\"https://www.cs.uci.edu/wp-content/cs/uploads/Picture06.png\" class=\"attachment-large size-large\" alt=\"Ca&#039; Foscari University of Venice\" srcset=\"https://www.cs.uci.edu/wp-content/cs/uploads/Picture06.png 600w, https://www.cs.uci.edu/wp-content/cs/uploads/Picture06-300x134.png 300w\" sizes=\"(max-width: 600px) 100vw, 600px\" />\t\t\t\t\t\t\t\t\t\t\t</div>\n\t\t\t\t</div>\n\t\t\t\t</div>\n\t\t\t\t<div class=\"elementor-element elementor-element-4556c01 elementor-widget elementor-widget-image\" data-id=\"4556c01\" data-element_type=\"widget\" data-widget_type=\"image.default\">\n\t\t\t\t<div class=\"elementor-widget-container\">\n\t\t\t\t\t<div class=\"elementor-image\">\n\t\t\t\t\t\t\t\t\t\t<img width=\"900\" height=\"118\" src=\"https://www.cs.uci.edu/wp-content/cs/uploads/Picture07.png\" class=\"attachment-large size-large\" alt=\"Galeria Plan B\" srcset=\"https://www.cs.uci.edu/wp-content/cs/uploads/Picture07.png 900w, https://www.cs.uci.edu/wp-content/cs/uploads/Picture07-300x39.png 300w, https://www.cs.uci.edu/wp-content/cs/uploads/Picture07-768x101.png 768w\" sizes=\"(max-width: 900px) 100vw, 900px\" />\t\t\t\t\t\t\t\t\t\t\t</div>\n\t\t\t\t</div>\n\t\t\t\t</div>\n\t\t\t\t<div class=\"elementor-element elementor-element-2001a1b elementor-widget elementor-widget-image\" data-id=\"2001a1b\" data-element_type=\"widget\" data-widget_type=\"image.default\">\n\t\t\t\t<div class=\"elementor-widget-container\">\n\t\t\t\t\t<div class=\"elementor-image\">\n\t\t\t\t\t\t\t\t\t\t<img width=\"658\" height=\"270\" src=\"https://www.cs.uci.edu/wp-content/cs/uploads/Picture02.png\" class=\"attachment-large size-large\" alt=\"Institutul Cultural Roman\" srcset=\"https://www.cs.uci.edu/wp-content/cs/uploads/Picture02.png 658w, https://www.cs.uci.edu/wp-content/cs/uploads/Picture02-300x123.png 300w\" sizes=\"(max-width: 658px) 100vw, 658px\" />\t\t\t\t\t\t\t\t\t\t\t</div>\n\t\t\t\t</div>\n\t\t\t\t</div>\n\t\t\t\t<div class=\"elementor-element elementor-element-5c46875 elementor-widget elementor-widget-image\" data-id=\"5c46875\" data-element_type=\"widget\" data-widget_type=\"image.default\">\n\t\t\t\t<div class=\"elementor-widget-container\">\n\t\t\t\t\t<div class=\"elementor-image\">\n\t\t\t\t\t\t\t\t\t\t<img width=\"486\" height=\"574\" src=\"https://www.cs.uci.edu/wp-content/cs/uploads/Picture01b.png\" class=\"attachment-large size-large\" alt=\"Romanian Pavilion\" srcset=\"https://www.cs.uci.edu/wp-content/cs/uploads/Picture01b.png 486w, https://www.cs.uci.edu/wp-content/cs/uploads/Picture01b-254x300.png 254w\" sizes=\"(max-width: 486px) 100vw, 486px\" />\t\t\t\t\t\t\t\t\t\t\t</div>\n\t\t\t\t</div>\n\t\t\t\t</div>\n\t\t\t\t<div class=\"elementor-element elementor-element-d506287 elementor-widget elementor-widget-image\" data-id=\"d506287\" data-element_type=\"widget\" data-widget_type=\"image.default\">\n\t\t\t\t<div class=\"elementor-widget-container\">\n\t\t\t\t\t<div class=\"elementor-image\">\n\t\t\t\t\t\t\t\t\t\t<img width=\"1024\" height=\"569\" src=\"https://www.cs.uci.edu/wp-content/cs/uploads/The-Mediterranean-Biennale-1024x569.png\" class=\"attachment-large size-large\" alt=\"The Mediterranean Biennale\" srcset=\"https://www.cs.uci.edu/wp-content/cs/uploads/The-Mediterranean-Biennale-1024x569.png 1024w, https://www.cs.uci.edu/wp-content/cs/uploads/The-Mediterranean-Biennale-300x167.png 300w, https://www.cs.uci.edu/wp-content/cs/uploads/The-Mediterranean-Biennale-768x427.png 768w\" sizes=\"(max-width: 1024px) 100vw, 1024px\" />\t\t\t\t\t\t\t\t\t\t\t</div>\n\t\t\t\t</div>\n\t\t\t\t</div>\n\t\t\t\t<div class=\"elementor-element elementor-element-21c8177 elementor-widget elementor-widget-image\" data-id=\"21c8177\" data-element_type=\"widget\" data-widget_type=\"image.default\">\n\t\t\t\t<div class=\"elementor-widget-container\">\n\t\t\t\t\t<div class=\"elementor-image\">\n\t\t\t\t\t\t\t\t\t\t<img width=\"262\" height=\"85\" src=\"https://www.cs.uci.edu/wp-content/cs/uploads/Picture05.png\" class=\"attachment-large size-large\" alt=\"Universita Degli Studi Di Padova\" />\t\t\t\t\t\t\t\t\t\t\t</div>\n\t\t\t\t</div>\n\t\t\t\t</div>\n\t\t\t\t<div class=\"elementor-element elementor-element-a8bc684 elementor-widget elementor-widget-image\" data-id=\"a8bc684\" data-element_type=\"widget\" data-widget_type=\"image.default\">\n\t\t\t\t<div class=\"elementor-widget-container\">\n\t\t\t\t\t<div class=\"elementor-image\">\n\t\t\t\t\t\t\t\t\t\t<img width=\"1024\" height=\"98\" src=\"https://www.cs.uci.edu/wp-content/cs/uploads/UCI17_Bren_ICS_2L_blue-1024x98.png\" class=\"attachment-large size-large\" alt=\"UCI Donald Bren Logo\" srcset=\"https://www.cs.uci.edu/wp-content/cs/uploads/UCI17_Bren_ICS_2L_blue-1024x98.png 1024w, https://www.cs.uci.edu/wp-content/cs/uploads/UCI17_Bren_ICS_2L_blue-300x29.png 300w, https://www.cs.uci.edu/wp-content/cs/uploads/UCI17_Bren_ICS_2L_blue-768x73.png 768w\" sizes=\"(max-width: 1024px) 100vw, 1024px\" />\t\t\t\t\t\t\t\t\t\t\t</div>\n\t\t\t\t</div>\n\t\t\t\t</div>\n\t\t\t\t<div class=\"elementor-element elementor-element-4505103 elementor-widget elementor-widget-spacer\" data-id=\"4505103\" data-element_type=\"widget\" data-widget_type=\"spacer.default\">\n\t\t\t\t<div class=\"elementor-widget-container\">\n\t\t\t\t\t<div class=\"elementor-spacer\">\n\t\t\t<div class=\"elementor-spacer-inner\"></div>\n\t\t</div>\n\t\t\t\t</div>\n\t\t\t\t</div>\n\t\t\t\t\t\t</div>\n\t\t\t</div>\n\t\t</div>\n\t\t\t\t\t\t</div>\n\t\t\t</div>\n\t\t</section>\n\t\t\t\t<div class=\"elementor-element elementor-element-ed87e05 elementor-widget elementor-widget-spacer\" data-id=\"ed87e05\" data-element_type=\"widget\" data-widget_type=\"spacer.default\">\n\t\t\t\t<div class=\"elementor-widget-container\">\n\t\t\t\t\t<div class=\"elementor-spacer\">\n\t\t\t<div class=\"elementor-spacer-inner\"></div>\n\t\t</div>\n\t\t\t\t</div>\n\t\t\t\t</div>\n\t\t\t\t\t\t</div>\n\t\t\t</div>\n\t\t</div>\n\t\t\t\t\t\t</div>\n\t\t\t</div>\n\t\t</section>\n\t\t\t\t\t\t</div>\n\t\t\t</div>\n\t\t</div>\n\t\t</div><footer class=\"site-footer\" itemscope itemtype=\"http://schema.org/WPFooter\"><div class=\"wrap\">\t\t\t<div class=\"group\">\n\n\t\t\t\t<div id=\"bren\">\n\t\t\t\t\t\t<a href=\"http://www.ics.uci.edu/\"><img src=\"//www.cs.uci.edu//wp-content/cs/uploads/DBren_InfoCompSc_logo-UPDATED.png\"></a>\n\t\t\t\t</div>\n\n\t\t\t\t<div class=\"footer-info\">\n\t\t\t\t\t<UL>\n\t\t\t\t\t   <LI>&copy; 2019 UC Regents</LI>\n\t\t\t\t\t   <LI><A HREF=\"mailto:communications@ics.uci.edu\">Feedback</A></LI>\n\t\t\t\t\t   <LI><A HREF=\"http://uci.edu/privacy/\">Privacy Policy</A></LI>\n\t\t\t\t\t</UL>\n\t\t\t\t</div><!-- .footer-info -->\n\n\t\t\t</div>\n\t</div></footer></div><script type='text/javascript'>\nvar colomatduration = 'fast';\nvar colomatslideEffect = 'slideFade';\n</script>\t\t<script>\n\t\t( function ( body ) {\n\t\t\t'use strict';\n\t\t\tbody.className = body.className.replace( /\\btribe-no-js\\b/, 'tribe-js' );\n\t\t} )( document.body );\n\t\t</script>\n\t\t<script>\n  (function(i,s,o,g,r,a,m){i['GoogleAnalyticsObject']=r;i[r]=i[r]||function(){\n  (i[r].q=i[r].q||[]).push(arguments)},i[r].l=1*new Date();a=s.createElement(o),\n  m=s.getElementsByTagName(o)[0];a.async=1;a.src=g;m.parentNode.insertBefore(a,m)\n  })(window,document,'script','https://www.google-analytics.com/analytics.js','ga');\n\n  ga('create', 'UA-605898-2', 'auto');\n  ga('send', 'pageview');\n\n</script>\n<script type='text/javascript'>jQuery(document).ready(function($) {$(\".flexslider\").flexslider({controlsContainer: \"#genesis-responsive-slider\",animation: \"fade\",directionNav: 0,controlNav: 1,animationDuration: 1000,slideshowSpeed: 10000    });  });</script><script> /* <![CDATA[ */var tribe_l10n_datatables = {\"aria\":{\"sort_ascending\":\": activate to sort column ascending\",\"sort_descending\":\": activate to sort column descending\"},\"length_menu\":\"Show _MENU_ entries\",\"empty_table\":\"No data available in table\",\"info\":\"Showing _START_ to _END_ of _TOTAL_ entries\",\"info_empty\":\"Showing 0 to 0 of 0 entries\",\"info_filtered\":\"(filtered from _MAX_ total entries)\",\"zero_records\":\"No matching records found\",\"search\":\"Search:\",\"all_selected_text\":\"All items on this page were selected. \",\"select_all_link\":\"Select all pages\",\"clear_selection\":\"Clear Selection.\",\"pagination\":{\"all\":\"All\",\"next\":\"Next\",\"previous\":\"Previous\"},\"select\":{\"rows\":{\"0\":\"\",\"_\":\": Selected %d rows\",\"1\":\": Selected 1 row\"}},\"datepicker\":{\"dayNames\":[\"Sunday\",\"Monday\",\"Tuesday\",\"Wednesday\",\"Thursday\",\"Friday\",\"Saturday\"],\"dayNamesShort\":[\"Sun\",\"Mon\",\"Tue\",\"Wed\",\"Thu\",\"Fri\",\"Sat\"],\"dayNamesMin\":[\"S\",\"M\",\"T\",\"W\",\"T\",\"F\",\"S\"],\"monthNames\":[\"January\",\"February\",\"March\",\"April\",\"May\",\"June\",\"July\",\"August\",\"September\",\"October\",\"November\",\"December\"],\"monthNamesShort\":[\"January\",\"February\",\"March\",\"April\",\"May\",\"June\",\"July\",\"August\",\"September\",\"October\",\"November\",\"December\"],\"nextText\":\"Next\",\"prevText\":\"Prev\",\"currentText\":\"Today\",\"closeText\":\"Done\"}};/* ]]> */ </script><script data-cfasync=\"false\">\nvar elementorFrontendConfig = {\"environmentMode\":{\"edit\":false,\"wpPreview\":false},\"is_rtl\":false,\"breakpoints\":{\"xs\":0,\"sm\":480,\"md\":768,\"lg\":1025,\"xl\":1440,\"xxl\":1600},\"version\":\"2.5.5\",\"urls\":{\"assets\":\"https:\\/\\/www.cs.uci.edu\\/wp-content\\/cs\\/plugins\\/elementor\\/assets\\/\"},\"settings\":{\"page\":[],\"general\":{\"elementor_global_image_lightbox\":\"yes\",\"elementor_enable_lightbox_in_editor\":\"yes\"}},\"post\":{\"id\":2784,\"title\":\"Sponsors\",\"excerpt\":\"\"}};\n</script>\n<span id=\"elementor-device-mode\" class=\"elementor-screen-only\"></span><script type='text/javascript' src='https://www.cs.uci.edu/wp-content/cs/plugins/jquery-collapse-o-matic/js/collapse.js?ver=1.6.5'></script>\n<script type='text/javascript' src='https://www.cs.uci.edu/wp-content/cs/plugins/genesis-responsive-slider/js/jquery.flexslider.js?ver=0.9.5'></script>\n<script type='text/javascript' src='https://www.cs.uci.edu/wp-includes/js/wp-embed.min.js?ver=5.2.3'></script>\n<script type='text/javascript' src='https://www.cs.uci.edu/wp-content/cs/plugins/elementor-pro/assets/lib/smartmenus/jquery.smartmenus.min.js?ver=1.0.1'></script>\n<script type='text/javascript' src='https://www.cs.uci.edu/wp-content/cs/plugins/elementor/assets/js/frontend-modules.js?ver=2.5.5'></script>\n<script type='text/javascript' src='https://www.cs.uci.edu/wp-content/cs/plugins/elementor-pro/assets/lib/sticky/jquery.sticky.min.js?ver=2.4.8'></script>\n<script type='text/javascript'>\n/* <![CDATA[ */\nvar ElementorProFrontendConfig = {\"ajaxurl\":\"https:\\/\\/www.cs.uci.edu\\/wp-admin\\/admin-ajax.php\",\"nonce\":\"5558d6f8cd\",\"shareButtonsNetworks\":{\"facebook\":{\"title\":\"Facebook\",\"has_counter\":true},\"twitter\":{\"title\":\"Twitter\"},\"google\":{\"title\":\"Google+\",\"has_counter\":true},\"linkedin\":{\"title\":\"LinkedIn\",\"has_counter\":true},\"pinterest\":{\"title\":\"Pinterest\",\"has_counter\":true},\"reddit\":{\"title\":\"Reddit\",\"has_counter\":true},\"vk\":{\"title\":\"VK\",\"has_counter\":true},\"odnoklassniki\":{\"title\":\"OK\",\"has_counter\":true},\"tumblr\":{\"title\":\"Tumblr\"},\"delicious\":{\"title\":\"Delicious\"},\"digg\":{\"title\":\"Digg\"},\"skype\":{\"title\":\"Skype\"},\"stumbleupon\":{\"title\":\"StumbleUpon\",\"has_counter\":true},\"telegram\":{\"title\":\"Telegram\"},\"pocket\":{\"title\":\"Pocket\",\"has_counter\":true},\"xing\":{\"title\":\"XING\",\"has_counter\":true},\"whatsapp\":{\"title\":\"WhatsApp\"},\"email\":{\"title\":\"Email\"},\"print\":{\"title\":\"Print\"}},\"facebook_sdk\":{\"lang\":\"en_US\",\"app_id\":\"\"}};\n/* ]]> */\n</script>\n<script type='text/javascript' src='https://www.cs.uci.edu/wp-content/cs/plugins/elementor-pro/assets/js/frontend.min.js?ver=2.4.8'></script>\n<script type='text/javascript' src='https://www.cs.uci.edu/wp-includes/js/jquery/ui/position.min.js?ver=1.11.4'></script>\n<script type='text/javascript' src='https://www.cs.uci.edu/wp-content/cs/plugins/elementor/assets/lib/dialog/dialog.min.js?ver=4.7.1'></script>\n<script type='text/javascript' src='https://www.cs.uci.edu/wp-content/cs/plugins/elementor/assets/lib/waypoints/waypoints.min.js?ver=4.0.2'></script>\n<script type='text/javascript' src='https://www.cs.uci.edu/wp-content/cs/plugins/elementor/assets/lib/swiper/swiper.min.js?ver=4.4.6'></script>\n<script type='text/javascript' src='https://www.cs.uci.edu/wp-content/cs/plugins/elementor/assets/js/frontend.min.js?ver=2.5.5'></script>\n</body></html>\r\n", "encoding": "ascii"}