{"url": "https://www.cs.uci.edu/news/page/18/", "content": "<!DOCTYPE html>\n<html lang=\"en-US\">\n<head >\n<meta charset=\"UTF-8\" />\n<title>News</title><meta name=\"description\" content=\"View the latest news from UC Irvine&#039;s Department of Computer Science, including faculty research highlights and alumni success stories.\" />\n\t\t<meta name=\"robots\" content=\"noodp,noydir\" />\n\t\t<meta name=\"viewport\" content=\"width=device-width, initial-scale=1\" />\n\n\t\t<style type=\"text/css\">\n\t\t\t.slide-excerpt { width: 50%; }\n\t\t\t.slide-excerpt { bottom: 0; }\n\t\t\t.slide-excerpt { left: 0; }\n\t\t\t.flexslider { max-width: 1180px; max-height: 340px; }\n\t\t\t.slide-image { max-height: 340px; }\n\t\t</style>\n\t\t<style type=\"text/css\">\n\t\t\t@media only screen\n\t\t\tand (min-device-width : 320px)\n\t\t\tand (max-device-width : 480px) {\n\t\t\t\t.slide-excerpt { display: none !important; }\n\t\t\t}\n\t\t</style> <link rel='dns-prefetch' href='//fonts.googleapis.com' />\n<link rel='dns-prefetch' href='//s.w.org' />\n<link rel=\"alternate\" type=\"application/rss+xml\" title=\"Department of Computer Science - Donald Bren School of Information &amp; Computer Sciences &raquo; Feed\" href=\"https://www.cs.uci.edu/feed/\" />\n<link rel=\"alternate\" type=\"application/rss+xml\" title=\"Department of Computer Science - Donald Bren School of Information &amp; Computer Sciences &raquo; Comments Feed\" href=\"https://www.cs.uci.edu/comments/feed/\" />\n<link rel=\"alternate\" type=\"text/calendar\" title=\"Department of Computer Science - Donald Bren School of Information &amp; Computer Sciences &raquo; iCal Feed\" href=\"https://www.cs.uci.edu/events/?ical=1\" />\n\t\t<script type=\"text/javascript\">\n\t\t\twindow._wpemojiSettings = {\"baseUrl\":\"https:\\/\\/s.w.org\\/images\\/core\\/emoji\\/12.0.0-1\\/72x72\\/\",\"ext\":\".png\",\"svgUrl\":\"https:\\/\\/s.w.org\\/images\\/core\\/emoji\\/12.0.0-1\\/svg\\/\",\"svgExt\":\".svg\",\"source\":{\"concatemoji\":\"https:\\/\\/www.cs.uci.edu\\/wp-includes\\/js\\/wp-emoji-release.min.js?ver=5.2.3\"}};\n\t\t\t!function(a,b,c){function d(a,b){var c=String.fromCharCode;l.clearRect(0,0,k.width,k.height),l.fillText(c.apply(this,a),0,0);var d=k.toDataURL();l.clearRect(0,0,k.width,k.height),l.fillText(c.apply(this,b),0,0);var e=k.toDataURL();return d===e}function e(a){var b;if(!l||!l.fillText)return!1;switch(l.textBaseline=\"top\",l.font=\"600 32px Arial\",a){case\"flag\":return!(b=d([55356,56826,55356,56819],[55356,56826,8203,55356,56819]))&&(b=d([55356,57332,56128,56423,56128,56418,56128,56421,56128,56430,56128,56423,56128,56447],[55356,57332,8203,56128,56423,8203,56128,56418,8203,56128,56421,8203,56128,56430,8203,56128,56423,8203,56128,56447]),!b);case\"emoji\":return b=d([55357,56424,55356,57342,8205,55358,56605,8205,55357,56424,55356,57340],[55357,56424,55356,57342,8203,55358,56605,8203,55357,56424,55356,57340]),!b}return!1}function f(a){var c=b.createElement(\"script\");c.src=a,c.defer=c.type=\"text/javascript\",b.getElementsByTagName(\"head\")[0].appendChild(c)}var g,h,i,j,k=b.createElement(\"canvas\"),l=k.getContext&&k.getContext(\"2d\");for(j=Array(\"flag\",\"emoji\"),c.supports={everything:!0,everythingExceptFlag:!0},i=0;i<j.length;i++)c.supports[j[i]]=e(j[i]),c.supports.everything=c.supports.everything&&c.supports[j[i]],\"flag\"!==j[i]&&(c.supports.everythingExceptFlag=c.supports.everythingExceptFlag&&c.supports[j[i]]);c.supports.everythingExceptFlag=c.supports.everythingExceptFlag&&!c.supports.flag,c.DOMReady=!1,c.readyCallback=function(){c.DOMReady=!0},c.supports.everything||(h=function(){c.readyCallback()},b.addEventListener?(b.addEventListener(\"DOMContentLoaded\",h,!1),a.addEventListener(\"load\",h,!1)):(a.attachEvent(\"onload\",h),b.attachEvent(\"onreadystatechange\",function(){\"complete\"===b.readyState&&c.readyCallback()})),g=c.source||{},g.concatemoji?f(g.concatemoji):g.wpemoji&&g.twemoji&&(f(g.twemoji),f(g.wpemoji)))}(window,document,window._wpemojiSettings);\n\t\t</script>\n\t\t<style type=\"text/css\">\nimg.wp-smiley,\nimg.emoji {\n\tdisplay: inline !important;\n\tborder: none !important;\n\tbox-shadow: none !important;\n\theight: 1em !important;\n\twidth: 1em !important;\n\tmargin: 0 .07em !important;\n\tvertical-align: -0.1em !important;\n\tbackground: none !important;\n\tpadding: 0 !important;\n}\n</style>\n\t<link rel='stylesheet' id='genesis-sample-theme-css'  href='https://www.cs.uci.edu/wp-content/cs/themes/genesis-cs-retry/style.css?ver=2.1.2' type='text/css' media='all' />\n<link rel='stylesheet' id='wp-block-library-css'  href='https://www.cs.uci.edu/wp-includes/css/dist/block-library/style.min.css?ver=5.2.3' type='text/css' media='all' />\n<link rel='stylesheet' id='feedzy-rss-feeds-css'  href='https://www.cs.uci.edu/wp-content/cs/plugins/feedzy-rss-feeds/css/feedzy-rss-feeds.css?ver=3.3.2' type='text/css' media='all' />\n<link rel='stylesheet' id='collapseomatic-css-css'  href='https://www.cs.uci.edu/wp-content/cs/plugins/jquery-collapse-o-matic/light_style.css?ver=1.6' type='text/css' media='all' />\n<link rel='stylesheet' id='google-fonts-css'  href='//fonts.googleapis.com/css?family=Lato%3A300%2C400%2C700&#038;ver=2.1.2' type='text/css' media='all' />\n<link rel='stylesheet' id='slider_styles-css'  href='https://www.cs.uci.edu/wp-content/cs/plugins/genesis-responsive-slider/style.css?ver=0.9.5' type='text/css' media='all' />\n<script type='text/javascript' src='https://www.cs.uci.edu/wp-includes/js/jquery/jquery.js?ver=1.12.4-wp'></script>\n<script type='text/javascript' src='https://www.cs.uci.edu/wp-includes/js/jquery/jquery-migrate.min.js?ver=1.4.1'></script>\n<!--[if lt IE 9]>\n<script type='text/javascript' src='https://www.cs.uci.edu/wp-content/cs/themes/genesis/lib/js/html5shiv.min.js?ver=3.7.3'></script>\n<![endif]-->\n<script type='text/javascript' src='https://www.cs.uci.edu/wp-content/cs/themes/genesis-cs-retry/js/jquery.collapse.js?ver=5.2.3'></script>\n<link rel='https://api.w.org/' href='https://www.cs.uci.edu/wp-json/' />\n<link rel=\"EditURI\" type=\"application/rsd+xml\" title=\"RSD\" href=\"https://www.cs.uci.edu/xmlrpc.php?rsd\" />\n<meta name=\"tec-api-version\" content=\"v1\"><meta name=\"tec-api-origin\" content=\"https://www.cs.uci.edu\"><link rel=\"https://theeventscalendar.com/\" href=\"https://www.cs.uci.edu/wp-json/tribe/events/v1/\" /><link rel=\"icon\" href=\"https://www.cs.uci.edu/wp-content/cs/themes/genesis-cs-retry/images/favicon.ico\" />\n<link rel=\"pingback\" href=\"https://www.cs.uci.edu/xmlrpc.php\" />\n<link rel=\"prev\" href=\"https://www.cs.uci.edu/news/page/17/\" />\n<link rel=\"next\" href=\"https://www.cs.uci.edu/news/page/19/\" />\n\t\t<style type=\"text/css\" id=\"wp-custom-css\">\n\t\t\t.job-ops .name{\n\twidth:53% !important;\n\tfont-size:.95em !important;\n\tline-height:1.5em !important;\n}\n.job-ops .job-number{\n\twidth:23% !important;\n\tfont-size:.75em !important;\n}\n.job-ops .submission-dates{\n\twidth:53% !important;\n\tfont-size:.95em !important;\n\tline-height:1.5em !important;\n}\n\n.people_table img{\n\twidth:150px;\n}\n\n.apply-now-btn{\n\tborder:1px solid #ffffff;\n\tborder-radius:3px;\n\tpadding:7px 15px 7px 15px;\n}\n.undergrad-tbl td{padding:10px;}\n.staffcsl-tbl td{padding:10px;}\n\n\n.rss_header { display: none;}\t\t</style>\n\t\t</head>\n<body class=\"blog paged paged-18 tribe-no-js header-image full-width-content elementor-default\" itemscope itemtype=\"http://schema.org/WebPage\"><div class=\"site-container\"><header class=\"site-header\" itemscope itemtype=\"http://schema.org/WPHeader\"><div class=\"wrap\"><div class=\"title-area\"><h1 class=\"site-title\">\n\n      <div id='dept_header'>\n\n         <a id='dept_link' href='http://www.cs.uci.edu/' TITLE='Department of Computer Science in the Donald Bren School of Information and Computer Sciences @ UC Irvine'></a>\n\n         <a id='uci_link' href='http://www.uci.edu/' TITLE='University of California, Irvine'></a>\n\n         <a id='school_link' href='http://www.ics.uci.edu/' TITLE='Donald Bren School of Information and Computer Sciences'></a>\n\n      </div>\n\n   </h1></div><div class=\"widget-area header-widget-area\"><section id=\"search-4\" class=\"widget widget_search\"><div class=\"widget-wrap\"><form class=\"search-form\" itemprop=\"potentialAction\" itemscope itemtype=\"http://schema.org/SearchAction\" method=\"get\" action=\"https://www.cs.uci.edu/\" role=\"search\"><meta itemprop=\"target\" content=\"https://www.cs.uci.edu/?s={s}\"/><input itemprop=\"query-input\" type=\"search\" name=\"s\" placeholder=\"Search this site...\" /><input type=\"submit\" value=\"Search\"  /></form></div></section>\n</div></div></header><nav class=\"nav-primary\" itemscope itemtype=\"http://schema.org/SiteNavigationElement\"><div class=\"wrap\"><ul id=\"menu-header-menu\" class=\"menu genesis-nav-menu menu-primary\"><li id=\"menu-item-17\" class=\"menu-item menu-item-type-post_type menu-item-object-page menu-item-has-children menu-item-17\"><a href=\"https://www.cs.uci.edu/about-the-department/\" itemprop=\"url\"><span itemprop=\"name\">Explore</span></a>\n<ul class=\"sub-menu\">\n\t<li id=\"menu-item-58\" class=\"menu-item menu-item-type-post_type menu-item-object-page menu-item-58\"><a href=\"https://www.cs.uci.edu/contact/\" itemprop=\"url\"><span itemprop=\"name\">Contact Us</span></a></li>\n</ul>\n</li>\n<li id=\"menu-item-16\" class=\"menu-item menu-item-type-post_type menu-item-object-page menu-item-16\"><a href=\"https://www.cs.uci.edu/faculty/\" itemprop=\"url\"><span itemprop=\"name\">Faculty</span></a></li>\n<li id=\"menu-item-18\" class=\"menu-item menu-item-type-custom menu-item-object-custom menu-item-has-children menu-item-18\"><a href=\"#\" itemprop=\"url\"><span itemprop=\"name\">Research</span></a>\n<ul class=\"sub-menu\">\n\t<li id=\"menu-item-2407\" class=\"menu-item menu-item-type-post_type menu-item-object-page menu-item-2407\"><a href=\"https://www.cs.uci.edu/cs-research-areas/\" itemprop=\"url\"><span itemprop=\"name\">Research Areas</span></a></li>\n\t<li id=\"menu-item-50\" class=\"menu-item menu-item-type-post_type menu-item-object-page menu-item-50\"><a href=\"https://www.cs.uci.edu/research-centers/\" itemprop=\"url\"><span itemprop=\"name\">Research Centers</span></a></li>\n</ul>\n</li>\n<li id=\"menu-item-370\" class=\"menu-item menu-item-type-custom menu-item-object-custom menu-item-has-children menu-item-370\"><a href=\"#\" itemprop=\"url\"><span itemprop=\"name\">Graduate Degrees</span></a>\n<ul class=\"sub-menu\">\n\t<li id=\"menu-item-372\" class=\"menu-item menu-item-type-post_type menu-item-object-page menu-item-372\"><a href=\"https://www.cs.uci.edu/graduate-computer-science-programs/\" itemprop=\"url\"><span itemprop=\"name\">Computer Science Programs</span></a></li>\n\t<li id=\"menu-item-371\" class=\"menu-item menu-item-type-post_type menu-item-object-page menu-item-371\"><a href=\"https://www.cs.uci.edu/current-graduate-students/\" itemprop=\"url\"><span itemprop=\"name\">Current Graduate Students</span></a></li>\n</ul>\n</li>\n<li id=\"menu-item-1915\" class=\"menu-item menu-item-type-post_type menu-item-object-page menu-item-1915\"><a href=\"https://www.cs.uci.edu/undergraduate-programs/\" itemprop=\"url\"><span itemprop=\"name\">Undergraduate Degrees</span></a></li>\n<li id=\"menu-item-1382\" class=\"menu-item menu-item-type-custom menu-item-object-custom menu-item-has-children menu-item-1382\"><a href=\"#\" itemprop=\"url\"><span itemprop=\"name\">News  &#038; Events</span></a>\n<ul class=\"sub-menu\">\n\t<li id=\"menu-item-1688\" class=\"menu-item menu-item-type-custom menu-item-object-custom menu-item-1688\"><a href=\"/news\" itemprop=\"url\"><span itemprop=\"name\">News</span></a></li>\n\t<li id=\"menu-item-1423\" class=\"menu-item menu-item-type-custom menu-item-object-custom menu-item-1423\"><a href=\"/events/computer-science-seminar-series/\" itemprop=\"url\"><span itemprop=\"name\">Seminar Series</span></a></li>\n\t<li id=\"menu-item-1655\" class=\"menu-item menu-item-type-custom menu-item-object-custom menu-item-1655\"><a href=\"/events/distinguished-lecture-series/\" itemprop=\"url\"><span itemprop=\"name\">Distinguished Lecture Series</span></a></li>\n\t<li id=\"menu-item-1442\" class=\"menu-item menu-item-type-custom menu-item-object-custom menu-item-1442\"><a href=\"/event/2017-computer-science-research-showcase/\" itemprop=\"url\"><span itemprop=\"name\">Research Showcase</span></a></li>\n</ul>\n</li>\n<li id=\"menu-item-1873\" class=\"menu-item menu-item-type-custom menu-item-object-custom menu-item-has-children menu-item-1873\"><a href=\"#\" itemprop=\"url\"><span itemprop=\"name\"><span class=\"apply-now-btn\">Apply Now</span></span></a>\n<ul class=\"sub-menu\">\n\t<li id=\"menu-item-1875\" class=\"menu-item menu-item-type-custom menu-item-object-custom menu-item-1875\"><a target=\"_blank\" rel=\"noopener noreferrer\" href=\"https://www.admissions.uci.edu/apply/index.php\" itemprop=\"url\"><span itemprop=\"name\">Undergraduate Admissions</span></a></li>\n\t<li id=\"menu-item-1874\" class=\"menu-item menu-item-type-custom menu-item-object-custom menu-item-1874\"><a target=\"_blank\" rel=\"noopener noreferrer\" href=\"https://apply.grad.uci.edu/apply/\" itemprop=\"url\"><span itemprop=\"name\">Graduate Admissions</span></a></li>\n\t<li id=\"menu-item-1927\" class=\"menu-item menu-item-type-post_type menu-item-object-page menu-item-1927\"><a href=\"https://www.cs.uci.edu/job-opportunities/\" itemprop=\"url\"><span itemprop=\"name\">Faculty Candidates</span></a></li>\n</ul>\n</li>\n</ul></div></nav><div class=\"site-inner\"><div class=\"content-sidebar-wrap\"><main class=\"content\"><article class=\"post-868 post type-post status-publish format-standard category-noteworthy-achievement entry\" itemscope itemtype=\"http://schema.org/CreativeWork\"><header class=\"entry-header\"><h1 class=\"entry-title\" itemprop=\"headline\"><a href=\"https://www.cs.uci.edu/klefstad-named-2017-lecturer-of-the-year/\" rel=\"bookmark\">Klefstad named 2017 Lecturer of the Year</a></h1> \n<p class=\"entry-meta\"><time class=\"entry-time\" itemprop=\"datePublished\" datetime=\"2017-04-14T15:43:39-07:00\">April 14, 2017</time> </p></header><div class=\"entry-content\" itemprop=\"text\"><p><img src=\"http://www.cs.uci.edu//wp-content/cs/uploads/Ray-Klefstad-headshot.jpg\" style='float: right; margin: 0 0 1em 1em; width: 150px; ' />Ray <a href=\"http://www.ics.uci.edu/~klefstad/\" target=\"_blank\" >Klefstad</a>, a lecturer in the Department of Computer Science, has been awarded the honor of <a href=\"http://cei.uci.edu/programs/2017-celebration-of-teaching/\" target=\"_blank\" >2017 Lecturer of the Year</a>. In order to be considered, the campus community must first nominate individuals to be recognized for excellence in undergraduate teaching. Nominees are then competitively selected by members of the Council on Teaching, Learning, &amp; Student Experience, the Office of the Vice Provost for the Division of Teaching &amp; Learning, and the Center for Engaged Instruction.</p>\n<p> <a href=\"https://www.cs.uci.edu/klefstad-named-2017-lecturer-of-the-year/#more-868\" class=\"more-link\">[Read more&#8230;]</a></p>\n</div><footer class=\"entry-footer\"></footer></article><article class=\"post-846 post type-post status-publish format-standard category-noteworthy-achievement entry\" itemscope itemtype=\"http://schema.org/CreativeWork\"><header class=\"entry-header\"><h1 class=\"entry-title\" itemprop=\"headline\"><a href=\"https://www.cs.uci.edu/irvine-newport-beach-rated-among-top-cybersecurity-hubs-in-u-s/\" rel=\"bookmark\">Irvine, Newport Beach rated among top cybersecurity hubs in U.S.</a></h1> \n<p class=\"entry-meta\"><time class=\"entry-time\" itemprop=\"datePublished\" datetime=\"2017-04-03T20:47:50-07:00\">April 3, 2017</time> </p></header><div class=\"entry-content\" itemprop=\"text\"><p>Cybersecurity professionals looking at top destinations for work-life balance will want to consider Newport Beach and Irvine,according to a recent <a href=\"https://www.goodcall.com/data-center/2017-best-cities-cybersecurity-professionals/\" target=\"_blank\">report</a> by GoodCall LLC, which ranked the Orange Counties No. 4 and No. 26, respectively, out of 221 U.S. cities for available cybersecurity jobs and high salary potential, as well as affordable living and generous amenities. The two Southern California cities ranked high for offering continuous sunshine, coastal living and master-planned convenience to residents. In particular, Newport Beach scored high on salary and amenities potential for new and seasoned cybersecurity experts alike.</p>\n<p>When it came to the number of jobs available in the cybersecurity sector, Irvine was ranked No. 34, coming out just above Newport Beach at No. 35.<br />\n <a href=\"https://www.cs.uci.edu/irvine-newport-beach-rated-among-top-cybersecurity-hubs-in-u-s/#more-846\" class=\"more-link\">[Read more&#8230;]</a></p>\n</div><footer class=\"entry-footer\"></footer></article><article class=\"post-799 post type-post status-publish format-standard category-noteworthy-achievement entry\" itemscope itemtype=\"http://schema.org/CreativeWork\"><header class=\"entry-header\"><h1 class=\"entry-title\" itemprop=\"headline\"><a href=\"https://www.cs.uci.edu/franz-to-discuss-cyber-attacks-and-defense-at-march-8-oc-acm-chapter-meeting/\" rel=\"bookmark\">Franz to discuss &#8216;Cyber Attacks and Defense&#8217; at March 8 OC ACM Chapter Meeting</a></h1> \n<p class=\"entry-meta\"><time class=\"entry-time\" itemprop=\"datePublished\" datetime=\"2017-03-03T19:45:11-07:00\">March 3, 2017</time> </p></header><div class=\"entry-content\" itemprop=\"text\"><p>Chancellor&#8217;s Professor of Computer Science Michael <a href=\"http://www.michaelfranz.com/\" target=\"_blank\" >Franz</a> will be discussing\u00a0<a class=\"m_-3817546280469447278gmail_msg\" href=\"https://www.meetup.com/ACM-OC/events/235449530/\" target=\"_blank\" data-saferedirecturl=\"https://www.google.com/url?hl=en&amp;q=https://www.meetup.com/ACM-OC/events/235449530/&amp;source=gmail&amp;ust=1488655071133000&amp;usg=AFQjCNHYwaK8TXWL275ob5ihyfUjx8cnew\">Cyber Attacks and Defenses: Trends, Challenges, and Outlook</a>\u00a0at the March 8 Meetup for the\u00a0Orange County ACM Chapter.\u00a0The Meetup is from 6:30-9:30 p.m. on March 8 at <a href=\"https://maps.google.com/maps?f=q&amp;hl=en&amp;q=5141+California+Ave.%2C+Ste+200%2C+Irvine%2C+CA%2C+us\" target=\"_blank\">The Cove at UCI Applied Innovation</a>. His\u00a0talk will present a time-line of attacks and defenses, clearly illustrating a &#8220;cat and mouse game&#8221; in which defenses are almost always reactive to attacks that have already happened. Franz\u00a0will also\u00a0discuss his vision of how to get ahead of the attackers, and close by stating why, in spite of the bleak situation today, he is\u00a0confident that we will eventually be able to stop most kinds of cyber attacks completely.<br />\n <a href=\"https://www.cs.uci.edu/franz-to-discuss-cyber-attacks-and-defense-at-march-8-oc-acm-chapter-meeting/#more-799\" class=\"more-link\">[Read more&#8230;]</a></p>\n</div><footer class=\"entry-footer\"></footer></article><article class=\"post-790 post type-post status-publish format-standard category-noteworthy-achievement entry\" itemscope itemtype=\"http://schema.org/CreativeWork\"><header class=\"entry-header\"><h1 class=\"entry-title\" itemprop=\"headline\"><a href=\"https://www.cs.uci.edu/uci-launches-new-masters-program-in-cyber-physical-systems/\" rel=\"bookmark\">UCI launches new professional master\u2019s in cyber-physical systems</a></h1> \n<p class=\"entry-meta\"><time class=\"entry-time\" itemprop=\"datePublished\" datetime=\"2017-02-24T22:31:49-07:00\">February 24, 2017</time> </p></header><div class=\"entry-content\" itemprop=\"text\"><p><i>Bringing together faculty experts from ICS and engineering, the one-year full-time master\u2019s program will enroll its initial class this fall.</i></p>\n<p>UC Irvine will be the first university in the U.S. to offer a professional master\u2019s in embedded and cyber-physical systems (<a href=\"http://www.mecps.uci.edu/\" target=\"_blank\" >MECPS</a>). Set to enroll its inaugural class of students this fall, the one-year full-time master\u2019s program will train students in the foundation, skills and hands-on practices of embedded and cyber-physical systems design, optimization and evaluation.<br />\n <a href=\"https://www.cs.uci.edu/uci-launches-new-masters-program-in-cyber-physical-systems/#more-790\" class=\"more-link\">[Read more&#8230;]</a></p>\n</div><footer class=\"entry-footer\"></footer></article><article class=\"post-787 post type-post status-publish format-standard category-noteworthy-achievement entry\" itemscope itemtype=\"http://schema.org/CreativeWork\"><header class=\"entry-header\"><h1 class=\"entry-title\" itemprop=\"headline\"><a href=\"https://www.cs.uci.edu/2017-ics-deans-award-winners/\" rel=\"bookmark\">2017 ICS Dean&#8217;s Award Winners</a></h1> \n<p class=\"entry-meta\"><time class=\"entry-time\" itemprop=\"datePublished\" datetime=\"2017-02-23T22:44:47-07:00\">February 23, 2017</time> </p></header><div class=\"entry-content\" itemprop=\"text\"><p><i>Five accomplished ICS faculty are awarded for their innovative research, exemplar service, student mentorship and exceptional teaching skills.</i></p>\n<p>Congratulations to the 2016-2017 recipients of the Donald Bren School of Information and Computer Sciences Dean&rsquo;s Awards, where accomplished ICS faculty are awarded for their innovative research, exemplar service, student mentorship and exceptional teaching skills. Recipients are peer- and self-nominated, garnering a certificate and a $500 discretionary award for their achievement.<br />\n <a href=\"https://www.cs.uci.edu/2017-ics-deans-award-winners/#more-787\" class=\"more-link\">[Read more&#8230;]</a></p>\n</div><footer class=\"entry-footer\"></footer></article><article class=\"post-781 post type-post status-publish format-standard category-noteworthy-achievement entry\" itemscope itemtype=\"http://schema.org/CreativeWork\"><header class=\"entry-header\"><h1 class=\"entry-title\" itemprop=\"headline\"><a href=\"https://www.cs.uci.edu/computational-linguistics-olympiad-helps-uci-reach-high-school-students/\" rel=\"bookmark\">Computational Linguistics Olympiad  helps UCI reach high school students</a></h1> \n<p class=\"entry-meta\"><time class=\"entry-time\" itemprop=\"datePublished\" datetime=\"2017-02-22T16:18:17-07:00\">February 22, 2017</time> </p></header><div class=\"entry-content\" itemprop=\"text\"><p>On January 26, 2017, 11 high school students from around Orange County came to UCI to participate in the National Computational Linguistics Olympiad (NACLO).</p>\n<p><a href=\"http://nacloweb.org/\" target=\"_blank\" >NACLO</a> is a fun and educational contest for U.S. and Canadian high school students in which contestants compete by solving compelling and creative puzzles in linguistics and computational linguistics. Requiring no previous knowledge of linguistics, languages or computing, these puzzles can be solved by analytic reasoning alone, and serve as an engaging introduction to a field which many high school students have never encountered before. Winners of NACLO are eligible to compete in the <a title=\"http://www.ioling.org/\nCmd+Click or tap to follow the link\" href=\"http://www.ioling.org/\" target=\"_blank\" >International Linguistics Olympiad</a>, one of only 12 international high school science olympiads. This year, the international olympiad will be held in <a href=\"http://www.iol2017.ie/\" target=\"_blank\" >Dublin, Ireland</a>, from July 31-August 4.<br />\n <a href=\"https://www.cs.uci.edu/computational-linguistics-olympiad-helps-uci-reach-high-school-students/#more-781\" class=\"more-link\">[Read more&#8230;]</a></p>\n</div><footer class=\"entry-footer\"></footer></article><article class=\"post-762 post type-post status-publish format-standard category-noteworthy-achievement entry\" itemscope itemtype=\"http://schema.org/CreativeWork\"><header class=\"entry-header\"><h1 class=\"entry-title\" itemprop=\"headline\"><a href=\"https://www.cs.uci.edu/tsudiks-biometrics-security-research-paper-featured-in-february-issue-of-cacm/\" rel=\"bookmark\">Tsudik&#8217;s biometrics security research paper featured in February issue of CACM</a></h1> \n<p class=\"entry-meta\"><time class=\"entry-time\" itemprop=\"datePublished\" datetime=\"2017-01-30T18:47:22-07:00\">January 30, 2017</time> </p></header><div class=\"entry-content\" itemprop=\"text\"><p><i>Communications of the ACM</i> (<a href=\"http://cacm.acm.org/\" target=\"_blank\" >CACM</a>), the monthly flagship publication of the Association for Computing Machinery (ACM), is publishing an abridged version of a research paper co-authored by Chancellor\u2019s Professor of Computer Science Gene Tsudik, titled\u00a0 \u201cAuthentication Using Pulse-Response Biometrics,\u201d in the Research Highlights section of its February 2017 <a href=\"http://cacm.acm.org/magazines/2017/2/212440-authentication-using-pulse-response-biometrics/fulltext\" target=\"_blank\" >issue</a>. Tsudik\u2019s paper originally appeared at the 2014 Network and Distributed System Security (<a href=\"http://www.internetsociety.org/events/ndss-symposium-2014\" target=\"_blank\" >NDSS</a>) Symposium. According to the paper\u2019s abstract, the paper proposes a new biometric based on the human body\u2019s response to an electric square pulse signal, called pulse-response, and how it can be used to enhance security.<br />\n <a href=\"https://www.cs.uci.edu/tsudiks-biometrics-security-research-paper-featured-in-february-issue-of-cacm/#more-762\" class=\"more-link\">[Read more&#8230;]</a></p>\n</div><footer class=\"entry-footer\"></footer></article><article class=\"post-744 post type-post status-publish format-standard category-article entry\" itemscope itemtype=\"http://schema.org/CreativeWork\"><header class=\"entry-header\"><h1 class=\"entry-title\" itemprop=\"headline\"><a href=\"https://www.cs.uci.edu/oc-register-ics-alumnus-professional-poker-player-jason-les-competing-against-a-bot-for-200k/\" rel=\"bookmark\">OC Register: ICS alumnus, professional poker player Jason Les competing against a bot for $200K</a></h1> \n<p class=\"entry-meta\"><time class=\"entry-time\" itemprop=\"datePublished\" datetime=\"2017-01-13T21:11:14-07:00\">January 13, 2017</time> </p></header><div class=\"entry-content\" itemprop=\"text\"><p>Professional poker player <strong>Jason Les</strong> will join three other players in a head-to-head competition against a poker-playing bot whose artificial intelligence was engineered by a computer science team at Carnegie Mellon University.</p>\n<p><em>Read the full story at the <a href=\"http://www.ocregister.com/articles/poker-741021-humans-online.html\" target=\"_blank\">OC Register</a>.</em></p>\n</div><footer class=\"entry-footer\"></footer></article><article class=\"post-740 post type-post status-publish format-standard category-noteworthy-achievement entry\" itemscope itemtype=\"http://schema.org/CreativeWork\"><header class=\"entry-header\"><h1 class=\"entry-title\" itemprop=\"headline\"><a href=\"https://www.cs.uci.edu/master-in-computer-science-program-ranks-36th-national-by-tfe-times/\" rel=\"bookmark\">Master of Computer Science Program Ranks 36th nationally by TFE Times</a></h1> \n<p class=\"entry-meta\"><time class=\"entry-time\" itemprop=\"datePublished\" datetime=\"2017-01-12T22:49:57-07:00\">January 12, 2017</time> </p></header><div class=\"entry-content\" itemprop=\"text\"><p><img src=\"http://www.cs.uci.edu//wp-content/cs/uploads/010-TFE-Times-90.png\" alt=\"010-tfe-times-90\" width=\"435\" height=\"90\" class=\"alignright size-full wp-image-741\" srcset=\"https://www.cs.uci.edu/wp-content/cs/uploads/010-TFE-Times-90.png 435w, https://www.cs.uci.edu/wp-content/cs/uploads/010-TFE-Times-90-300x62.png 300w\" sizes=\"(max-width: 435px) 100vw, 435px\" />UC Irvine\u2019s Donald Bren School of Information and Computer Sciences was ranked as of the top 40 Master of Computer Science programs in the United States by <i>The Financial Engineer (<a href=\"https://tfetimes.com/best-computer-science-program-rankings/\" target=\"_blank\" data-saferedirecturl=\"https://www.google.com/url?hl=en&amp;q=https://tfetimes.com/best-computer-science-program-rankings/&amp;source=gmail&amp;ust=1484345447273000&amp;usg=AFQjCNHn2DmndKryQzUb7sf3trtbrwyPyQ\">TFE</a>) Times</i>. Out of 242 colleges, UC Irvine was ranked 36<sup>th</sup> for its master&#8217;s in computer science, beating schools such as UC Santa Barbara and UC Davis.</p>\n<p><i>TFE Times</i>, which considers itself one of the most comprehensive rankings systems for graduate programs in the U.S., uses GRE/GMAT scores, undergraduate GPA, acceptance rates and employment data as its ranking components. A score for each program is the weighted average of each of the components respective score, where the weights sum to 100%. The final scores are normalized and are not rounded.</p>\n</div><footer class=\"entry-footer\"></footer></article><article class=\"post-694 post type-post status-publish format-standard category-article entry\" itemscope itemtype=\"http://schema.org/CreativeWork\"><header class=\"entry-header\"><h1 class=\"entry-title\" itemprop=\"headline\"><a href=\"https://www.cs.uci.edu/cardiovascular-business-nih-provides-researchers-8-6-million-to-map-hearts-anatomy-fowlkes-mentioned/\" rel=\"bookmark\">Cardiovascular Business: \u201cNIH provides researchers $8.6 million to map heart\u2019s anatomy\u201d (Fowlkes mentioned)</a></h1> \n<p class=\"entry-meta\"><time class=\"entry-time\" itemprop=\"datePublished\" datetime=\"2017-01-05T22:20:53-07:00\">January 5, 2017</time> </p></header><div class=\"entry-content\" itemprop=\"text\"><p>Researchers from seven institutions received an $8.6 million grant from the National Institutes of Health (NIH) to conduct research on the anatomy and function of the nerves that control the heart.</p>\n<p>Kalyanam Shivkumar, MD, PhD, of the University of California, Los Angeles, will serve as the lead researcher. The title of the project is \u201cComprehensive Structural and Functional Mapping of the Mammalian Cardiac Nervous System.\u201d</p>\n<p>The principal investigators from the other schools are Viviana Gradinaru, PhD (California Institute of Technology), Stephen Liberles, PhD (Harvard University), <strong>Charless Fowlkes</strong>, PhD (University of California, Irvine), Irving Zucker, PhD (University of Nebraska Medical Center), Beth Habecker, PhD (Oregon Health and Science University) and David Paterson, DPhil, DSc (Oxford University).</p>\n<p><em>Read the full story at <a href=\"http://www.cardiovascularbusiness.com/topics/electrophysiology-arrhythmia/nih-provides-researchers-86-million-grant-map-heart%E2%80%99s-anatomy\" target=\"_blank\">Cardiovascular Business</a>.</em></p>\n</div><footer class=\"entry-footer\"></footer></article><div class=\"archive-pagination pagination\"><ul><li class=\"pagination-previous\"><a href=\"https://www.cs.uci.edu/news/page/17/\" >&#x000AB; Previous Page</a></li>\n<li><a href=\"https://www.cs.uci.edu/news/\">1</a></li>\n<li class=\"pagination-omission\">&#x02026;</li>\n<li><a href=\"https://www.cs.uci.edu/news/page/16/\">16</a></li>\n<li><a href=\"https://www.cs.uci.edu/news/page/17/\">17</a></li>\n<li class=\"active\"  aria-label=\"Current page\"><a href=\"https://www.cs.uci.edu/news/page/18/\">18</a></li>\n<li><a href=\"https://www.cs.uci.edu/news/page/19/\">19</a></li>\n<li><a href=\"https://www.cs.uci.edu/news/page/20/\">20</a></li>\n<li class=\"pagination-omission\">&#x02026;</li>\n<li><a href=\"https://www.cs.uci.edu/news/page/22/\">22</a></li>\n<li class=\"pagination-next\"><a href=\"https://www.cs.uci.edu/news/page/19/\" >Next Page &#x000BB;</a></li>\n</ul></div>\n</main></div></div><footer class=\"site-footer\" itemscope itemtype=\"http://schema.org/WPFooter\"><div class=\"wrap\">\t\t\t<div class=\"group\">\n\n\t\t\t\t<div id=\"bren\">\n\t\t\t\t\t\t<a href=\"http://www.ics.uci.edu/\"><img src=\"//www.cs.uci.edu//wp-content/cs/uploads/DBren_InfoCompSc_logo-UPDATED.png\"></a>\n\t\t\t\t</div>\n\n\t\t\t\t<div class=\"footer-info\">\n\t\t\t\t\t<UL>\n\t\t\t\t\t   <LI>&copy; 2019 UC Regents</LI>\n\t\t\t\t\t   <LI><A HREF=\"mailto:communications@ics.uci.edu\">Feedback</A></LI>\n\t\t\t\t\t   <LI><A HREF=\"http://uci.edu/privacy/\">Privacy Policy</A></LI>\n\t\t\t\t\t</UL>\n\t\t\t\t</div><!-- .footer-info -->\n\n\t\t\t</div>\n\t</div></footer></div><script type='text/javascript'>\nvar colomatduration = 'fast';\nvar colomatslideEffect = 'slideFade';\n</script>\t\t<script>\n\t\t( function ( body ) {\n\t\t\t'use strict';\n\t\t\tbody.className = body.className.replace( /\\btribe-no-js\\b/, 'tribe-js' );\n\t\t} )( document.body );\n\t\t</script>\n\t\t<script>\n  (function(i,s,o,g,r,a,m){i['GoogleAnalyticsObject']=r;i[r]=i[r]||function(){\n  (i[r].q=i[r].q||[]).push(arguments)},i[r].l=1*new Date();a=s.createElement(o),\n  m=s.getElementsByTagName(o)[0];a.async=1;a.src=g;m.parentNode.insertBefore(a,m)\n  })(window,document,'script','https://www.google-analytics.com/analytics.js','ga');\n\n  ga('create', 'UA-605898-2', 'auto');\n  ga('send', 'pageview');\n\n</script>\n<script type='text/javascript'>jQuery(document).ready(function($) {$(\".flexslider\").flexslider({controlsContainer: \"#genesis-responsive-slider\",animation: \"fade\",directionNav: 0,controlNav: 1,animationDuration: 1000,slideshowSpeed: 10000    });  });</script><script> /* <![CDATA[ */var tribe_l10n_datatables = {\"aria\":{\"sort_ascending\":\": activate to sort column ascending\",\"sort_descending\":\": activate to sort column descending\"},\"length_menu\":\"Show _MENU_ entries\",\"empty_table\":\"No data available in table\",\"info\":\"Showing _START_ to _END_ of _TOTAL_ entries\",\"info_empty\":\"Showing 0 to 0 of 0 entries\",\"info_filtered\":\"(filtered from _MAX_ total entries)\",\"zero_records\":\"No matching records found\",\"search\":\"Search:\",\"all_selected_text\":\"All items on this page were selected. \",\"select_all_link\":\"Select all pages\",\"clear_selection\":\"Clear Selection.\",\"pagination\":{\"all\":\"All\",\"next\":\"Next\",\"previous\":\"Previous\"},\"select\":{\"rows\":{\"0\":\"\",\"_\":\": Selected %d rows\",\"1\":\": Selected 1 row\"}},\"datepicker\":{\"dayNames\":[\"Sunday\",\"Monday\",\"Tuesday\",\"Wednesday\",\"Thursday\",\"Friday\",\"Saturday\"],\"dayNamesShort\":[\"Sun\",\"Mon\",\"Tue\",\"Wed\",\"Thu\",\"Fri\",\"Sat\"],\"dayNamesMin\":[\"S\",\"M\",\"T\",\"W\",\"T\",\"F\",\"S\"],\"monthNames\":[\"January\",\"February\",\"March\",\"April\",\"May\",\"June\",\"July\",\"August\",\"September\",\"October\",\"November\",\"December\"],\"monthNamesShort\":[\"January\",\"February\",\"March\",\"April\",\"May\",\"June\",\"July\",\"August\",\"September\",\"October\",\"November\",\"December\"],\"nextText\":\"Next\",\"prevText\":\"Prev\",\"currentText\":\"Today\",\"closeText\":\"Done\"}};/* ]]> */ </script><script type='text/javascript' src='https://www.cs.uci.edu/wp-content/cs/plugins/jquery-collapse-o-matic/js/collapse.js?ver=1.6.5'></script>\n<script type='text/javascript' src='https://www.cs.uci.edu/wp-content/cs/plugins/genesis-responsive-slider/js/jquery.flexslider.js?ver=0.9.5'></script>\n<script type='text/javascript' src='https://www.cs.uci.edu/wp-includes/js/wp-embed.min.js?ver=5.2.3'></script>\n</body></html>\r\n", "encoding": "utf-8"}