{"url": "https://www.cs.uci.edu/news/page/9/", "content": "<!DOCTYPE html>\n<html lang=\"en-US\">\n<head >\n<meta charset=\"UTF-8\" />\n<title>News</title><meta name=\"description\" content=\"View the latest news from UC Irvine&#039;s Department of Computer Science, including faculty research highlights and alumni success stories.\" />\n\t\t<meta name=\"robots\" content=\"noodp,noydir\" />\n\t\t<meta name=\"viewport\" content=\"width=device-width, initial-scale=1\" />\n\n\t\t<style type=\"text/css\">\n\t\t\t.slide-excerpt { width: 50%; }\n\t\t\t.slide-excerpt { bottom: 0; }\n\t\t\t.slide-excerpt { left: 0; }\n\t\t\t.flexslider { max-width: 1180px; max-height: 340px; }\n\t\t\t.slide-image { max-height: 340px; }\n\t\t</style>\n\t\t<style type=\"text/css\">\n\t\t\t@media only screen\n\t\t\tand (min-device-width : 320px)\n\t\t\tand (max-device-width : 480px) {\n\t\t\t\t.slide-excerpt { display: none !important; }\n\t\t\t}\n\t\t</style> <link rel='dns-prefetch' href='//fonts.googleapis.com' />\n<link rel='dns-prefetch' href='//s.w.org' />\n<link rel=\"alternate\" type=\"application/rss+xml\" title=\"Department of Computer Science - Donald Bren School of Information &amp; Computer Sciences &raquo; Feed\" href=\"https://www.cs.uci.edu/feed/\" />\n<link rel=\"alternate\" type=\"application/rss+xml\" title=\"Department of Computer Science - Donald Bren School of Information &amp; Computer Sciences &raquo; Comments Feed\" href=\"https://www.cs.uci.edu/comments/feed/\" />\n<link rel=\"alternate\" type=\"text/calendar\" title=\"Department of Computer Science - Donald Bren School of Information &amp; Computer Sciences &raquo; iCal Feed\" href=\"https://www.cs.uci.edu/events/?ical=1\" />\n\t\t<script type=\"text/javascript\">\n\t\t\twindow._wpemojiSettings = {\"baseUrl\":\"https:\\/\\/s.w.org\\/images\\/core\\/emoji\\/12.0.0-1\\/72x72\\/\",\"ext\":\".png\",\"svgUrl\":\"https:\\/\\/s.w.org\\/images\\/core\\/emoji\\/12.0.0-1\\/svg\\/\",\"svgExt\":\".svg\",\"source\":{\"concatemoji\":\"https:\\/\\/www.cs.uci.edu\\/wp-includes\\/js\\/wp-emoji-release.min.js?ver=5.2.3\"}};\n\t\t\t!function(a,b,c){function d(a,b){var c=String.fromCharCode;l.clearRect(0,0,k.width,k.height),l.fillText(c.apply(this,a),0,0);var d=k.toDataURL();l.clearRect(0,0,k.width,k.height),l.fillText(c.apply(this,b),0,0);var e=k.toDataURL();return d===e}function e(a){var b;if(!l||!l.fillText)return!1;switch(l.textBaseline=\"top\",l.font=\"600 32px Arial\",a){case\"flag\":return!(b=d([55356,56826,55356,56819],[55356,56826,8203,55356,56819]))&&(b=d([55356,57332,56128,56423,56128,56418,56128,56421,56128,56430,56128,56423,56128,56447],[55356,57332,8203,56128,56423,8203,56128,56418,8203,56128,56421,8203,56128,56430,8203,56128,56423,8203,56128,56447]),!b);case\"emoji\":return b=d([55357,56424,55356,57342,8205,55358,56605,8205,55357,56424,55356,57340],[55357,56424,55356,57342,8203,55358,56605,8203,55357,56424,55356,57340]),!b}return!1}function f(a){var c=b.createElement(\"script\");c.src=a,c.defer=c.type=\"text/javascript\",b.getElementsByTagName(\"head\")[0].appendChild(c)}var g,h,i,j,k=b.createElement(\"canvas\"),l=k.getContext&&k.getContext(\"2d\");for(j=Array(\"flag\",\"emoji\"),c.supports={everything:!0,everythingExceptFlag:!0},i=0;i<j.length;i++)c.supports[j[i]]=e(j[i]),c.supports.everything=c.supports.everything&&c.supports[j[i]],\"flag\"!==j[i]&&(c.supports.everythingExceptFlag=c.supports.everythingExceptFlag&&c.supports[j[i]]);c.supports.everythingExceptFlag=c.supports.everythingExceptFlag&&!c.supports.flag,c.DOMReady=!1,c.readyCallback=function(){c.DOMReady=!0},c.supports.everything||(h=function(){c.readyCallback()},b.addEventListener?(b.addEventListener(\"DOMContentLoaded\",h,!1),a.addEventListener(\"load\",h,!1)):(a.attachEvent(\"onload\",h),b.attachEvent(\"onreadystatechange\",function(){\"complete\"===b.readyState&&c.readyCallback()})),g=c.source||{},g.concatemoji?f(g.concatemoji):g.wpemoji&&g.twemoji&&(f(g.twemoji),f(g.wpemoji)))}(window,document,window._wpemojiSettings);\n\t\t</script>\n\t\t<style type=\"text/css\">\nimg.wp-smiley,\nimg.emoji {\n\tdisplay: inline !important;\n\tborder: none !important;\n\tbox-shadow: none !important;\n\theight: 1em !important;\n\twidth: 1em !important;\n\tmargin: 0 .07em !important;\n\tvertical-align: -0.1em !important;\n\tbackground: none !important;\n\tpadding: 0 !important;\n}\n</style>\n\t<link rel='stylesheet' id='genesis-sample-theme-css'  href='https://www.cs.uci.edu/wp-content/cs/themes/genesis-cs-retry/style.css?ver=2.1.2' type='text/css' media='all' />\n<link rel='stylesheet' id='wp-block-library-css'  href='https://www.cs.uci.edu/wp-includes/css/dist/block-library/style.min.css?ver=5.2.3' type='text/css' media='all' />\n<link rel='stylesheet' id='feedzy-rss-feeds-css'  href='https://www.cs.uci.edu/wp-content/cs/plugins/feedzy-rss-feeds/css/feedzy-rss-feeds.css?ver=3.3.2' type='text/css' media='all' />\n<link rel='stylesheet' id='collapseomatic-css-css'  href='https://www.cs.uci.edu/wp-content/cs/plugins/jquery-collapse-o-matic/light_style.css?ver=1.6' type='text/css' media='all' />\n<link rel='stylesheet' id='google-fonts-css'  href='//fonts.googleapis.com/css?family=Lato%3A300%2C400%2C700&#038;ver=2.1.2' type='text/css' media='all' />\n<link rel='stylesheet' id='slider_styles-css'  href='https://www.cs.uci.edu/wp-content/cs/plugins/genesis-responsive-slider/style.css?ver=0.9.5' type='text/css' media='all' />\n<script type='text/javascript' src='https://www.cs.uci.edu/wp-includes/js/jquery/jquery.js?ver=1.12.4-wp'></script>\n<script type='text/javascript' src='https://www.cs.uci.edu/wp-includes/js/jquery/jquery-migrate.min.js?ver=1.4.1'></script>\n<!--[if lt IE 9]>\n<script type='text/javascript' src='https://www.cs.uci.edu/wp-content/cs/themes/genesis/lib/js/html5shiv.min.js?ver=3.7.3'></script>\n<![endif]-->\n<script type='text/javascript' src='https://www.cs.uci.edu/wp-content/cs/themes/genesis-cs-retry/js/jquery.collapse.js?ver=5.2.3'></script>\n<link rel='https://api.w.org/' href='https://www.cs.uci.edu/wp-json/' />\n<link rel=\"EditURI\" type=\"application/rsd+xml\" title=\"RSD\" href=\"https://www.cs.uci.edu/xmlrpc.php?rsd\" />\n<meta name=\"tec-api-version\" content=\"v1\"><meta name=\"tec-api-origin\" content=\"https://www.cs.uci.edu\"><link rel=\"https://theeventscalendar.com/\" href=\"https://www.cs.uci.edu/wp-json/tribe/events/v1/\" /><link rel=\"icon\" href=\"https://www.cs.uci.edu/wp-content/cs/themes/genesis-cs-retry/images/favicon.ico\" />\n<link rel=\"pingback\" href=\"https://www.cs.uci.edu/xmlrpc.php\" />\n<link rel=\"prev\" href=\"https://www.cs.uci.edu/news/page/8/\" />\n<link rel=\"next\" href=\"https://www.cs.uci.edu/news/page/10/\" />\n\t\t<style type=\"text/css\" id=\"wp-custom-css\">\n\t\t\t.job-ops .name{\n\twidth:53% !important;\n\tfont-size:.95em !important;\n\tline-height:1.5em !important;\n}\n.job-ops .job-number{\n\twidth:23% !important;\n\tfont-size:.75em !important;\n}\n.job-ops .submission-dates{\n\twidth:53% !important;\n\tfont-size:.95em !important;\n\tline-height:1.5em !important;\n}\n\n.people_table img{\n\twidth:150px;\n}\n\n.apply-now-btn{\n\tborder:1px solid #ffffff;\n\tborder-radius:3px;\n\tpadding:7px 15px 7px 15px;\n}\n.undergrad-tbl td{padding:10px;}\n.staffcsl-tbl td{padding:10px;}\n\n\n.rss_header { display: none;}\t\t</style>\n\t\t</head>\n<body class=\"blog paged paged-9 tribe-no-js header-image full-width-content elementor-default\" itemscope itemtype=\"http://schema.org/WebPage\"><div class=\"site-container\"><header class=\"site-header\" itemscope itemtype=\"http://schema.org/WPHeader\"><div class=\"wrap\"><div class=\"title-area\"><h1 class=\"site-title\">\n\n      <div id='dept_header'>\n\n         <a id='dept_link' href='http://www.cs.uci.edu/' TITLE='Department of Computer Science in the Donald Bren School of Information and Computer Sciences @ UC Irvine'></a>\n\n         <a id='uci_link' href='http://www.uci.edu/' TITLE='University of California, Irvine'></a>\n\n         <a id='school_link' href='http://www.ics.uci.edu/' TITLE='Donald Bren School of Information and Computer Sciences'></a>\n\n      </div>\n\n   </h1></div><div class=\"widget-area header-widget-area\"><section id=\"search-4\" class=\"widget widget_search\"><div class=\"widget-wrap\"><form class=\"search-form\" itemprop=\"potentialAction\" itemscope itemtype=\"http://schema.org/SearchAction\" method=\"get\" action=\"https://www.cs.uci.edu/\" role=\"search\"><meta itemprop=\"target\" content=\"https://www.cs.uci.edu/?s={s}\"/><input itemprop=\"query-input\" type=\"search\" name=\"s\" placeholder=\"Search this site...\" /><input type=\"submit\" value=\"Search\"  /></form></div></section>\n</div></div></header><nav class=\"nav-primary\" itemscope itemtype=\"http://schema.org/SiteNavigationElement\"><div class=\"wrap\"><ul id=\"menu-header-menu\" class=\"menu genesis-nav-menu menu-primary\"><li id=\"menu-item-17\" class=\"menu-item menu-item-type-post_type menu-item-object-page menu-item-has-children menu-item-17\"><a href=\"https://www.cs.uci.edu/about-the-department/\" itemprop=\"url\"><span itemprop=\"name\">Explore</span></a>\n<ul class=\"sub-menu\">\n\t<li id=\"menu-item-58\" class=\"menu-item menu-item-type-post_type menu-item-object-page menu-item-58\"><a href=\"https://www.cs.uci.edu/contact/\" itemprop=\"url\"><span itemprop=\"name\">Contact Us</span></a></li>\n</ul>\n</li>\n<li id=\"menu-item-16\" class=\"menu-item menu-item-type-post_type menu-item-object-page menu-item-16\"><a href=\"https://www.cs.uci.edu/faculty/\" itemprop=\"url\"><span itemprop=\"name\">Faculty</span></a></li>\n<li id=\"menu-item-18\" class=\"menu-item menu-item-type-custom menu-item-object-custom menu-item-has-children menu-item-18\"><a href=\"#\" itemprop=\"url\"><span itemprop=\"name\">Research</span></a>\n<ul class=\"sub-menu\">\n\t<li id=\"menu-item-2407\" class=\"menu-item menu-item-type-post_type menu-item-object-page menu-item-2407\"><a href=\"https://www.cs.uci.edu/cs-research-areas/\" itemprop=\"url\"><span itemprop=\"name\">Research Areas</span></a></li>\n\t<li id=\"menu-item-50\" class=\"menu-item menu-item-type-post_type menu-item-object-page menu-item-50\"><a href=\"https://www.cs.uci.edu/research-centers/\" itemprop=\"url\"><span itemprop=\"name\">Research Centers</span></a></li>\n</ul>\n</li>\n<li id=\"menu-item-370\" class=\"menu-item menu-item-type-custom menu-item-object-custom menu-item-has-children menu-item-370\"><a href=\"#\" itemprop=\"url\"><span itemprop=\"name\">Graduate Degrees</span></a>\n<ul class=\"sub-menu\">\n\t<li id=\"menu-item-372\" class=\"menu-item menu-item-type-post_type menu-item-object-page menu-item-372\"><a href=\"https://www.cs.uci.edu/graduate-computer-science-programs/\" itemprop=\"url\"><span itemprop=\"name\">Computer Science Programs</span></a></li>\n\t<li id=\"menu-item-371\" class=\"menu-item menu-item-type-post_type menu-item-object-page menu-item-371\"><a href=\"https://www.cs.uci.edu/current-graduate-students/\" itemprop=\"url\"><span itemprop=\"name\">Current Graduate Students</span></a></li>\n</ul>\n</li>\n<li id=\"menu-item-1915\" class=\"menu-item menu-item-type-post_type menu-item-object-page menu-item-1915\"><a href=\"https://www.cs.uci.edu/undergraduate-programs/\" itemprop=\"url\"><span itemprop=\"name\">Undergraduate Degrees</span></a></li>\n<li id=\"menu-item-1382\" class=\"menu-item menu-item-type-custom menu-item-object-custom menu-item-has-children menu-item-1382\"><a href=\"#\" itemprop=\"url\"><span itemprop=\"name\">News  &#038; Events</span></a>\n<ul class=\"sub-menu\">\n\t<li id=\"menu-item-1688\" class=\"menu-item menu-item-type-custom menu-item-object-custom menu-item-1688\"><a href=\"/news\" itemprop=\"url\"><span itemprop=\"name\">News</span></a></li>\n\t<li id=\"menu-item-1423\" class=\"menu-item menu-item-type-custom menu-item-object-custom menu-item-1423\"><a href=\"/events/computer-science-seminar-series/\" itemprop=\"url\"><span itemprop=\"name\">Seminar Series</span></a></li>\n\t<li id=\"menu-item-1655\" class=\"menu-item menu-item-type-custom menu-item-object-custom menu-item-1655\"><a href=\"/events/distinguished-lecture-series/\" itemprop=\"url\"><span itemprop=\"name\">Distinguished Lecture Series</span></a></li>\n\t<li id=\"menu-item-1442\" class=\"menu-item menu-item-type-custom menu-item-object-custom menu-item-1442\"><a href=\"/event/2017-computer-science-research-showcase/\" itemprop=\"url\"><span itemprop=\"name\">Research Showcase</span></a></li>\n</ul>\n</li>\n<li id=\"menu-item-1873\" class=\"menu-item menu-item-type-custom menu-item-object-custom menu-item-has-children menu-item-1873\"><a href=\"#\" itemprop=\"url\"><span itemprop=\"name\"><span class=\"apply-now-btn\">Apply Now</span></span></a>\n<ul class=\"sub-menu\">\n\t<li id=\"menu-item-1875\" class=\"menu-item menu-item-type-custom menu-item-object-custom menu-item-1875\"><a target=\"_blank\" rel=\"noopener noreferrer\" href=\"https://www.admissions.uci.edu/apply/index.php\" itemprop=\"url\"><span itemprop=\"name\">Undergraduate Admissions</span></a></li>\n\t<li id=\"menu-item-1874\" class=\"menu-item menu-item-type-custom menu-item-object-custom menu-item-1874\"><a target=\"_blank\" rel=\"noopener noreferrer\" href=\"https://apply.grad.uci.edu/apply/\" itemprop=\"url\"><span itemprop=\"name\">Graduate Admissions</span></a></li>\n\t<li id=\"menu-item-1927\" class=\"menu-item menu-item-type-post_type menu-item-object-page menu-item-1927\"><a href=\"https://www.cs.uci.edu/job-opportunities/\" itemprop=\"url\"><span itemprop=\"name\">Faculty Candidates</span></a></li>\n</ul>\n</li>\n</ul></div></nav><div class=\"site-inner\"><div class=\"content-sidebar-wrap\"><main class=\"content\"><article class=\"post-1698 post type-post status-publish format-standard category-noteworthy-achievement entry\" itemscope itemtype=\"http://schema.org/CreativeWork\"><header class=\"entry-header\"><h1 class=\"entry-title\" itemprop=\"headline\"><a href=\"https://www.cs.uci.edu/ics-researchers-introduce-thermanator-revealing-a-new-threat-to-using-keyboards-to-enter-passwords-and-other-sensitive-information/\" rel=\"bookmark\">ICS Researchers Introduce Thermanator, Revealing a New Threat to Using Keyboards to Enter Passwords and Other Sensitive Information</a></h1> \n<p class=\"entry-meta\"><time class=\"entry-time\" itemprop=\"datePublished\" datetime=\"2018-06-29T11:39:43-07:00\">June 29, 2018</time> </p></header><div class=\"entry-content\" itemprop=\"text\"><div id=\"attachment_1699\" style=\"width: 367px\" class=\"wp-caption alignright\"><a href=\"http://www.cs.uci.edu/wp-content/cs/uploads/Password-fire.png\"><img aria-describedby=\"caption-attachment-1699\" class=\" wp-image-1699\" src=\"http://www.cs.uci.edu/wp-content/cs/uploads/Password-fire-300x165.png\" alt=\"\" width=\"357\" height=\"196\" srcset=\"https://www.cs.uci.edu/wp-content/cs/uploads/Password-fire-300x165.png 300w, https://www.cs.uci.edu/wp-content/cs/uploads/Password-fire.png 481w\" sizes=\"(max-width: 357px) 100vw, 357px\" /></a><p id=\"caption-attachment-1699\" class=\"wp-caption-text\">A thermal image of \u201ciloveyou\u201d 20 seconds after entry.</p></div>\n<p>After entering a password, your regular computer keyboard might appear to look the same as always, but a new approach harvesting thermal energy can illuminate the recently pressed keys, revealing that keyboard-based password entry is even less secure than previously thought. Computer Science Ph.D. students\u00a0<a href=\"http://sprout.ics.uci.edu/people/tkaczmar/index.html\" target=\"_blank\" rel=\"noopener\">Tyler Kaczmarek</a>\u00a0and\u00a0<a href=\"https://www.linkedin.com/in/ercan-ozturk-1382556a/\" target=\"_blank\" rel=\"noopener\">Ercan Ozturk</a>\u00a0in the Donald Bren School of Information and Computer Sciences (<a href=\"https://www.ics.uci.edu/\">ICS</a>), working with Chancellor\u2019s Professor of Computer Science\u00a0<a href=\"https://www.ics.uci.edu/~gts/\" target=\"_blank\" rel=\"noopener\">Gene Tsudik</a>, have exploited thermal residue from human fingertips to introduce a new insider attack \u2014 the Thermanator.</p>\n<p> <a href=\"https://www.cs.uci.edu/ics-researchers-introduce-thermanator-revealing-a-new-threat-to-using-keyboards-to-enter-passwords-and-other-sensitive-information/#more-1698\" class=\"more-link\">[Read more&#8230;]</a></p>\n</div><footer class=\"entry-footer\"></footer></article><article class=\"post-1691 post type-post status-publish format-standard category-noteworthy-achievement entry\" itemscope itemtype=\"http://schema.org/CreativeWork\"><header class=\"entry-header\"><h1 class=\"entry-title\" itemprop=\"headline\"><a href=\"https://www.cs.uci.edu/gene-tsudik-ics-exchange-students-on-international-team-studying-information-leakage/\" rel=\"bookmark\">Gene Tsudik, ICS Exchange Students on International Team Studying Information Leakage</a></h1> \n<p class=\"entry-meta\"><time class=\"entry-time\" itemprop=\"datePublished\" datetime=\"2018-06-25T15:12:15-07:00\">June 25, 2018</time> </p></header><div class=\"entry-content\" itemprop=\"text\"><p><a href=\"http://www.cs.uci.edu/wp-content/cs/uploads/gene.jpg\"><img class=\"size-full wp-image-1221 alignright\" src=\"http://www.cs.uci.edu/wp-content/cs/uploads/gene.jpg\" alt=\"\" width=\"220\" height=\"220\" srcset=\"https://www.cs.uci.edu/wp-content/cs/uploads/gene.jpg 220w, https://www.cs.uci.edu/wp-content/cs/uploads/gene-150x150.jpg 150w\" sizes=\"(max-width: 220px) 100vw, 220px\" /></a>In a <a id=\"LPlnk173485\" class=\"x_OWAAutoLink\" href=\"https://lamp.soecs.nyit.edu/datasets/silk-tv/silk-tv.pdf\">paper</a> to appear at the 2018 European Symposium on Research in Computer Security (<a id=\"LPlnk33405\" class=\"x_OWAAutoLink\" href=\"https://esorics2018.upc.edu/\">ESORICS</a>), a team of researchers from UC Irvine, New York Institute of Technology and University of Padova (Italy) reveal a new attack: Secret Information Leakage from Keystroke Timing Videos (SILK-TV). The UCI researchers include Chancellor\u2019s Professor of Computer Science <a id=\"LPlnk302506\" class=\"OWAAutoLink\" href=\"https://www.ics.uci.edu/~gts/\">Gene Tsudik</a> and undergrad exchange students Martin Georgiev and <a id=\"LPlnk496962\" class=\"OWAAutoLink\" href=\"http://nikitasamarin.com/\">Nikita Samarian</a>.<b></b></p>\n<p> <a href=\"https://www.cs.uci.edu/gene-tsudik-ics-exchange-students-on-international-team-studying-information-leakage/#more-1691\" class=\"more-link\">[Read more&#8230;]</a></p>\n</div><footer class=\"entry-footer\"></footer></article><article class=\"post-1689 post type-post status-publish format-standard category-noteworthy-achievement entry\" itemscope itemtype=\"http://schema.org/CreativeWork\"><header class=\"entry-header\"><h1 class=\"entry-title\" itemprop=\"headline\"><a href=\"https://www.cs.uci.edu/gene-tsudik-two-computer-science-ph-d-students-develop-novel-de-authentication-prototype/\" rel=\"bookmark\">Gene Tsudik, Two Computer Science Ph.D. Students Develop Novel De-Authentication Prototype</a></h1> \n<p class=\"entry-meta\"><time class=\"entry-time\" itemprop=\"datePublished\" datetime=\"2018-06-25T15:11:46-07:00\">June 25, 2018</time> </p></header><div class=\"entry-content\" itemprop=\"text\"><p><a href=\"http://www.cs.uci.edu/wp-content/cs/uploads/gene.jpg\"><img class=\"size-full wp-image-1221 alignright\" src=\"http://www.cs.uci.edu/wp-content/cs/uploads/gene.jpg\" alt=\"\" width=\"220\" height=\"220\" srcset=\"https://www.cs.uci.edu/wp-content/cs/uploads/gene.jpg 220w, https://www.cs.uci.edu/wp-content/cs/uploads/gene-150x150.jpg 150w\" sizes=\"(max-width: 220px) 100vw, 220px\" /></a>Chancellor\u2019s Professor of Computer Science <a id=\"LPlnk349270\" class=\"x_OWAAutoLink\" href=\"https://www.ics.uci.edu/~gts/\">Gene Tsudik</a> and two of his Ph.D. students, <a id=\"LPlnk870325\" class=\"x_OWAAutoLink\" href=\"http://sprout.ics.uci.edu/people/tkaczmar/index.html\">Tyler Kaczmarek</a> and <a id=\"LPlnk848389\" class=\"x_OWAAutoLink\" href=\"https://www.linkedin.com/in/ercan-ozturk-1382556a/\">Ercan Ozturk</a>, have developed a novel technique aimed at mitigating \u201cLunchtime Attacks.\u201d Such attacks occur when an insider adversary takes over an authenticated state of a careless user who has left his or her computer unattended. Tsudik, Kaczmarek and Ozturk have come up with an unobtrusive and continuous biometric-based \u201cde-authentication,\u201d i.e., a means of quickly terminating the secure session of a previously authenticated user after detecting that user\u2019s absence. They introduce the new biometric, called Assentication, in a <a id=\"LPlnk905386\" class=\"x_OWAAutoLink\" href=\"https://link.springer.com/chapter/10.1007/978-3-319-93387-0_32\">paper</a> appearing at the 2018 International Conference on Applied Cryptography and Network Security (<a id=\"LPlnk946791\" class=\"x_OWAAutoLink\" href=\"https://www.cosic.esat.kuleuven.be/events/acns2018/\">ACNS</a>).</p>\n<p> <a href=\"https://www.cs.uci.edu/gene-tsudik-two-computer-science-ph-d-students-develop-novel-de-authentication-prototype/#more-1689\" class=\"more-link\">[Read more&#8230;]</a></p>\n</div><footer class=\"entry-footer\"></footer></article><article class=\"post-1696 post type-post status-publish format-standard category-article entry\" itemscope itemtype=\"http://schema.org/CreativeWork\"><header class=\"entry-header\"><h1 class=\"entry-title\" itemprop=\"headline\"><a href=\"https://www.cs.uci.edu/los-angeles-times-a-machine-taught-itself-to-solve-rubiks-cube-without-human-help-uc-irvine-researchers-say/\" rel=\"bookmark\">Los Angeles Times: &#8220;A machine taught itself to solve Rubik\u2019s Cube without human help, UC Irvine researchers say&#8221;</a></h1> \n<p class=\"entry-meta\"><time class=\"entry-time\" itemprop=\"datePublished\" datetime=\"2018-06-25T08:41:16-07:00\">June 25, 2018</time> </p></header><div class=\"entry-content\" itemprop=\"text\"><p>Two algorithms developed by the researchers, collectively called Deep Cube, typically can solve the 3-D combination puzzle within 30 moves, which is less than or equal to systems that use human knowledge, according to the team\u2019s <a href='https://arxiv.org/abs/1805.07470'>research paper</a>. Less than 5.8% of the world\u2019s population can solve the Rubik\u2019s Cube, according to the <a href='http://www.rubiks.com/'>Rubik\u2019s website</a>. </p>\n<p><i>Read the full story at the <a href='http://www.latimes.com/local/lanow/la-me-ln-rubiks-cube-20180623-story.html'>Los Angeles Times</a>.</i> </p>\n</div><footer class=\"entry-footer\"></footer></article><article class=\"post-1680 post type-post status-publish format-standard category-noteworthy-achievement entry\" itemscope itemtype=\"http://schema.org/CreativeWork\"><header class=\"entry-header\"><h1 class=\"entry-title\" itemprop=\"headline\"><a href=\"https://www.cs.uci.edu/ics-researchers-advance-machine-learning-with-self-taught-algorithm-that-solves-the-rubiks-cube/\" rel=\"bookmark\">ICS Researchers Advance Machine Learning with Self-Taught Algorithm that Solves the Rubik\u2019s Cube</a></h1> \n<p class=\"entry-meta\"><time class=\"entry-time\" itemprop=\"datePublished\" datetime=\"2018-06-21T07:43:35-07:00\">June 21, 2018</time> </p></header><div class=\"entry-content\" itemprop=\"text\"><p><img class=\"alignright size-medium wp-image-1681\" src=\"http://www.cs.uci.edu/wp-content/cs/uploads/StephenMcAleer-headshot-234x300.jpg\" alt=\"\" width=\"234\" height=\"300\" srcset=\"https://www.cs.uci.edu/wp-content/cs/uploads/StephenMcAleer-headshot-234x300.jpg 234w, https://www.cs.uci.edu/wp-content/cs/uploads/StephenMcAleer-headshot.jpg 500w\" sizes=\"(max-width: 234px) 100vw, 234px\" />Although <a href=\"https://sites.google.com/view/stephenmcaleer/home\">Stephen McAleer</a> first became interested in artificial intelligence after reading the book <a href=\"https://en.wikipedia.org/wiki/G%C3%B6del,_Escher,_Bach\"><i>G\u00f6del, Escher, Bach: An Eternal Golden Braid</i></a>, it wasn\u2019t until Google\u2019s AI program AlphaGo <a href=\"https://www.theatlantic.com/technology/archive/2016/03/the-invisible-opponent/475611/\">beat the world champion</a> of the game Go that he decided to switch careers from finance to AI research. Now, as a Ph.D. student working with Chancellor\u2019s Professor <a href=\"http://www.igb.uci.edu/~pfbaldi/\">Pierre Baldi</a> in the Donald Bren School of Information and Computer Sciences (<a href=\"https://www.ics.uci.edu/\">ICS</a>), he has helped tackle a new deep-learning challenge.</p>\n<p> <a href=\"https://www.cs.uci.edu/ics-researchers-advance-machine-learning-with-self-taught-algorithm-that-solves-the-rubiks-cube/#more-1680\" class=\"more-link\">[Read more&#8230;]</a></p>\n</div><footer class=\"entry-footer\"></footer></article><article class=\"post-1677 post type-post status-publish format-standard category-article entry\" itemscope itemtype=\"http://schema.org/CreativeWork\"><header class=\"entry-header\"><h1 class=\"entry-title\" itemprop=\"headline\"><a href=\"https://www.cs.uci.edu/uci-applied-innovation-currents-putting-the-a-in-steam-professor-aditi-majumder-uses-computer-science-to-amplify-art/\" rel=\"bookmark\">UCI Applied Innovation Currents: &#8220;Putting the \u2018A\u2019 in STEAM: Professor Aditi Majumder uses Computer Science to Amplify Art&#8221;</a></h1> \n<p class=\"entry-meta\"><time class=\"entry-time\" itemprop=\"datePublished\" datetime=\"2018-06-19T09:26:23-07:00\">June 19, 2018</time> </p></header><div class=\"entry-content\" itemprop=\"text\"><p>UCI Professor of Computer Science Aditi Majumder\u2019s, Ph.D., journey into the virtual/augmented reality world stems back to a young girl growing up in Kolkata, India around her mother, a professional musician and her father, a civil engineer. Both parents unknowingly planted the hybrid seed of art and science, which led Majumder to pursue a blossoming career in virtual/augmented reality that intertwines with her deep appreciation for art and music.</p>\n<p><em>Read the full story at <a href=\"http://innovation.uci.edu/2018/05/putting-the-a-in-steam-professor-aditi-majumder-uses-computer-science-to-amplify-art/\" rel=\"noopener\" target=\"_blank\">UCI Applied Innovation Tech Currents</a>.</em></p>\n</div><footer class=\"entry-footer\"></footer></article><article class=\"post-1675 post type-post status-publish format-standard category-uncategorized entry\" itemscope itemtype=\"http://schema.org/CreativeWork\"><header class=\"entry-header\"><h1 class=\"entry-title\" itemprop=\"headline\"><a href=\"https://www.cs.uci.edu/mit-technology-review-a-machine-has-figured-out-rubiks-cube-all-by-itself-phd-researcher-stephen-mcaleer-quoted/\" rel=\"bookmark\">MIT Technology Review: &#8220;A machine has figured out Rubik\u2019s Cube all by itself&#8221; (PhD researcher Stephen McAleer quoted)</a></h1> \n<p class=\"entry-meta\"><time class=\"entry-time\" itemprop=\"datePublished\" datetime=\"2018-06-18T09:45:38-07:00\">June 18, 2018</time> </p></header><div class=\"entry-content\" itemprop=\"text\"><p>In chess, by contrast, there is a relatively large search space but each move can be evaluated and rewarded accordingly. That just isn\u2019t the case for the Rubik\u2019s Cube.</p>\n<p>Enter Stephen McAleer and colleagues from the University of California, Irvine. These guys have pioneered a new kind of deep-learning technique, called \u201cautodidactic iteration,\u201d that can teach itself to solve a Rubik\u2019s Cube with no human assistance. The trick that McAleer and co have mastered is to find a way for the machine to create its own system of rewards.</p>\n<p><em>Read the full story at <a href=\"https://www.technologyreview.com/s/611281/a-machine-has-figured-out-rubiks-cube-all-by-itself/\" rel=\"noopener\" target=\"_blank\">MIT Technology Review</a>.</em></p>\n</div><footer class=\"entry-footer\"></footer></article><article class=\"post-1673 post type-post status-publish format-standard category-article entry\" itemscope itemtype=\"http://schema.org/CreativeWork\"><header class=\"entry-header\"><h1 class=\"entry-title\" itemprop=\"headline\"><a href=\"https://www.cs.uci.edu/nvidia-developer-ai-helps-accelerate-the-drug-development-process-pierre-baldi-research-cited/\" rel=\"bookmark\">NVIDIA Developer: &#8220;AI Helps Accelerate the Drug Development Process&#8221; (Pierre Baldi research cited)</a></h1> \n<p class=\"entry-meta\"><time class=\"entry-time\" itemprop=\"datePublished\" datetime=\"2018-06-15T15:08:44-07:00\">June 15, 2018</time> </p></header><div class=\"entry-content\" itemprop=\"text\"><p>Researchers from the University of California, Irvine developed a\u00a0<a href=\"https://developer.nvidia.com/deep-learning\" target=\"_blank\" rel=\"noopener\">deep learning</a>-based approach to accelerate drug discovery and cancer research.</p>\n<p>\u201cWe have developed a convolutional neural network to improve the data analysis processes for high-throughput drug screening using our microphysiological system (MPS),\u201d the researchers stated in their\u00a0<a href=\"https://ieeexplore.ieee.org/stamp/stamp.jsp?arnumber=8368281\" target=\"_blank\" rel=\"noopener\">paper</a>.</p>\n<p><em>Read the full story at <a href=\"https://news.developer.nvidia.com/ai-helps-further-the-drug-development-process/\" target=\"_blank\" rel=\"noopener\">NVIDIA Developer News Center</a>.</em></p>\n</div><footer class=\"entry-footer\"></footer></article><article class=\"post-1671 post type-post status-publish format-standard category-noteworthy-achievement entry\" itemscope itemtype=\"http://schema.org/CreativeWork\"><header class=\"entry-header\"><h1 class=\"entry-title\" itemprop=\"headline\"><a href=\"https://www.cs.uci.edu/ics-staff-faculty-honored-at-inaugural-faculty-staff-awards-celebration/\" rel=\"bookmark\">ICS Staff, Faculty Honored at Inaugural Faculty &#038; Staff Awards Celebration</a></h1> \n<p class=\"entry-meta\"><time class=\"entry-time\" itemprop=\"datePublished\" datetime=\"2018-06-12T13:24:43-07:00\">June 12, 2018</time> </p></header><div class=\"entry-content\" itemprop=\"text\"><p>Faculty and staff of the Donald Bren School of Information and Computer Sciences (<a href=\"https://www.ics.uci.edu/\" target=\"_blank\" rel=\"noopener\">ICS</a>) gathered for the inaugural ICS Awards Celebration, a luncheon to honor recipients of the Jim McKenzie Staff Leadership Award and the Dean\u2019s Faculty Awards.</p>\n<p> <a href=\"https://www.cs.uci.edu/ics-staff-faculty-honored-at-inaugural-faculty-staff-awards-celebration/#more-1671\" class=\"more-link\">[Read more&#8230;]</a></p>\n</div><footer class=\"entry-footer\"></footer></article><article class=\"post-1666 post type-post status-publish format-standard category-noteworthy-achievement entry\" itemscope itemtype=\"http://schema.org/CreativeWork\"><header class=\"entry-header\"><h1 class=\"entry-title\" itemprop=\"headline\"><a href=\"https://www.cs.uci.edu/ics-students-christian-morte-and-ayesha-syed-honored-with-chancellors-award-of-distinction/\" rel=\"bookmark\">ICS Students Christian Morte and Ayesha Syed Honored with Chancellor\u2019s Award of Distinction</a></h1> \n<p class=\"entry-meta\"><time class=\"entry-time\" itemprop=\"datePublished\" datetime=\"2018-06-12T10:31:22-07:00\">June 12, 2018</time> </p></header><div class=\"entry-content\" itemprop=\"text\"><p>At UCI\u2019s graduation, 49 students will wear a blue and gold shoulder cord with their commencement regalia, indicating that they are <a href=\"http://www.alumni.uci.edu/seniors/recipients.php\">recipients</a> of the 2018 Chancellor\u2019s Award of Distinction. The <a href=\"http://alumni.uci.edu/\">UCI Alumni Association</a> honors outstanding graduating seniors with this award to acknowledge their \u201cexceptional academic achievement and commitment to cutting-edge research, leadership and service to UCI.\u201d Two students from the Donald Bren School of Information and Computer Sciences (<a href=\"https://www.ics.uci.edu/\">ICS</a>) have been honored this year with this distinction: <a href=\"https://kenmorte.github.io/\">Christian Morte</a> and Ayesha Syed.</p>\n<p> <a href=\"https://www.cs.uci.edu/ics-students-christian-morte-and-ayesha-syed-honored-with-chancellors-award-of-distinction/#more-1666\" class=\"more-link\">[Read more&#8230;]</a></p>\n</div><footer class=\"entry-footer\"></footer></article><div class=\"archive-pagination pagination\"><ul><li class=\"pagination-previous\"><a href=\"https://www.cs.uci.edu/news/page/8/\" >&#x000AB; Previous Page</a></li>\n<li><a href=\"https://www.cs.uci.edu/news/\">1</a></li>\n<li class=\"pagination-omission\">&#x02026;</li>\n<li><a href=\"https://www.cs.uci.edu/news/page/7/\">7</a></li>\n<li><a href=\"https://www.cs.uci.edu/news/page/8/\">8</a></li>\n<li class=\"active\"  aria-label=\"Current page\"><a href=\"https://www.cs.uci.edu/news/page/9/\">9</a></li>\n<li><a href=\"https://www.cs.uci.edu/news/page/10/\">10</a></li>\n<li><a href=\"https://www.cs.uci.edu/news/page/11/\">11</a></li>\n<li class=\"pagination-omission\">&#x02026;</li>\n<li><a href=\"https://www.cs.uci.edu/news/page/22/\">22</a></li>\n<li class=\"pagination-next\"><a href=\"https://www.cs.uci.edu/news/page/10/\" >Next Page &#x000BB;</a></li>\n</ul></div>\n</main></div></div><footer class=\"site-footer\" itemscope itemtype=\"http://schema.org/WPFooter\"><div class=\"wrap\">\t\t\t<div class=\"group\">\n\n\t\t\t\t<div id=\"bren\">\n\t\t\t\t\t\t<a href=\"http://www.ics.uci.edu/\"><img src=\"//www.cs.uci.edu//wp-content/cs/uploads/DBren_InfoCompSc_logo-UPDATED.png\"></a>\n\t\t\t\t</div>\n\n\t\t\t\t<div class=\"footer-info\">\n\t\t\t\t\t<UL>\n\t\t\t\t\t   <LI>&copy; 2019 UC Regents</LI>\n\t\t\t\t\t   <LI><A HREF=\"mailto:communications@ics.uci.edu\">Feedback</A></LI>\n\t\t\t\t\t   <LI><A HREF=\"http://uci.edu/privacy/\">Privacy Policy</A></LI>\n\t\t\t\t\t</UL>\n\t\t\t\t</div><!-- .footer-info -->\n\n\t\t\t</div>\n\t</div></footer></div><script type='text/javascript'>\nvar colomatduration = 'fast';\nvar colomatslideEffect = 'slideFade';\n</script>\t\t<script>\n\t\t( function ( body ) {\n\t\t\t'use strict';\n\t\t\tbody.className = body.className.replace( /\\btribe-no-js\\b/, 'tribe-js' );\n\t\t} )( document.body );\n\t\t</script>\n\t\t<script>\n  (function(i,s,o,g,r,a,m){i['GoogleAnalyticsObject']=r;i[r]=i[r]||function(){\n  (i[r].q=i[r].q||[]).push(arguments)},i[r].l=1*new Date();a=s.createElement(o),\n  m=s.getElementsByTagName(o)[0];a.async=1;a.src=g;m.parentNode.insertBefore(a,m)\n  })(window,document,'script','https://www.google-analytics.com/analytics.js','ga');\n\n  ga('create', 'UA-605898-2', 'auto');\n  ga('send', 'pageview');\n\n</script>\n<script type='text/javascript'>jQuery(document).ready(function($) {$(\".flexslider\").flexslider({controlsContainer: \"#genesis-responsive-slider\",animation: \"fade\",directionNav: 0,controlNav: 1,animationDuration: 1000,slideshowSpeed: 10000    });  });</script><script> /* <![CDATA[ */var tribe_l10n_datatables = {\"aria\":{\"sort_ascending\":\": activate to sort column ascending\",\"sort_descending\":\": activate to sort column descending\"},\"length_menu\":\"Show _MENU_ entries\",\"empty_table\":\"No data available in table\",\"info\":\"Showing _START_ to _END_ of _TOTAL_ entries\",\"info_empty\":\"Showing 0 to 0 of 0 entries\",\"info_filtered\":\"(filtered from _MAX_ total entries)\",\"zero_records\":\"No matching records found\",\"search\":\"Search:\",\"all_selected_text\":\"All items on this page were selected. \",\"select_all_link\":\"Select all pages\",\"clear_selection\":\"Clear Selection.\",\"pagination\":{\"all\":\"All\",\"next\":\"Next\",\"previous\":\"Previous\"},\"select\":{\"rows\":{\"0\":\"\",\"_\":\": Selected %d rows\",\"1\":\": Selected 1 row\"}},\"datepicker\":{\"dayNames\":[\"Sunday\",\"Monday\",\"Tuesday\",\"Wednesday\",\"Thursday\",\"Friday\",\"Saturday\"],\"dayNamesShort\":[\"Sun\",\"Mon\",\"Tue\",\"Wed\",\"Thu\",\"Fri\",\"Sat\"],\"dayNamesMin\":[\"S\",\"M\",\"T\",\"W\",\"T\",\"F\",\"S\"],\"monthNames\":[\"January\",\"February\",\"March\",\"April\",\"May\",\"June\",\"July\",\"August\",\"September\",\"October\",\"November\",\"December\"],\"monthNamesShort\":[\"January\",\"February\",\"March\",\"April\",\"May\",\"June\",\"July\",\"August\",\"September\",\"October\",\"November\",\"December\"],\"nextText\":\"Next\",\"prevText\":\"Prev\",\"currentText\":\"Today\",\"closeText\":\"Done\"}};/* ]]> */ </script><script type='text/javascript' src='https://www.cs.uci.edu/wp-content/cs/plugins/jquery-collapse-o-matic/js/collapse.js?ver=1.6.5'></script>\n<script type='text/javascript' src='https://www.cs.uci.edu/wp-content/cs/plugins/genesis-responsive-slider/js/jquery.flexslider.js?ver=0.9.5'></script>\n<script type='text/javascript' src='https://www.cs.uci.edu/wp-includes/js/wp-embed.min.js?ver=5.2.3'></script>\n</body></html>\r\n", "encoding": "utf-8"}