{"url": "https://www.cs.uci.edu/news/", "content": "<!DOCTYPE html>\n<html lang=\"en-US\">\n<head >\n<meta charset=\"UTF-8\" />\n<title>News</title><meta name=\"description\" content=\"View the latest news from UC Irvine&#039;s Department of Computer Science, including faculty research highlights and alumni success stories.\" />\n\t\t<meta name=\"robots\" content=\"noodp,noydir\" />\n\t\t<meta name=\"viewport\" content=\"width=device-width, initial-scale=1\" />\n\n\t\t<style type=\"text/css\">\n\t\t\t.slide-excerpt { width: 50%; }\n\t\t\t.slide-excerpt { bottom: 0; }\n\t\t\t.slide-excerpt { left: 0; }\n\t\t\t.flexslider { max-width: 1180px; max-height: 340px; }\n\t\t\t.slide-image { max-height: 340px; }\n\t\t</style>\n\t\t<style type=\"text/css\">\n\t\t\t@media only screen\n\t\t\tand (min-device-width : 320px)\n\t\t\tand (max-device-width : 480px) {\n\t\t\t\t.slide-excerpt { display: none !important; }\n\t\t\t}\n\t\t</style> <link rel='dns-prefetch' href='//fonts.googleapis.com' />\n<link rel='dns-prefetch' href='//s.w.org' />\n<link rel=\"alternate\" type=\"application/rss+xml\" title=\"Department of Computer Science - Donald Bren School of Information &amp; Computer Sciences &raquo; Feed\" href=\"https://www.cs.uci.edu/feed/\" />\n<link rel=\"alternate\" type=\"application/rss+xml\" title=\"Department of Computer Science - Donald Bren School of Information &amp; Computer Sciences &raquo; Comments Feed\" href=\"https://www.cs.uci.edu/comments/feed/\" />\n<link rel=\"alternate\" type=\"text/calendar\" title=\"Department of Computer Science - Donald Bren School of Information &amp; Computer Sciences &raquo; iCal Feed\" href=\"https://www.cs.uci.edu/events/?ical=1\" />\n\t\t<script type=\"text/javascript\">\n\t\t\twindow._wpemojiSettings = {\"baseUrl\":\"https:\\/\\/s.w.org\\/images\\/core\\/emoji\\/12.0.0-1\\/72x72\\/\",\"ext\":\".png\",\"svgUrl\":\"https:\\/\\/s.w.org\\/images\\/core\\/emoji\\/12.0.0-1\\/svg\\/\",\"svgExt\":\".svg\",\"source\":{\"concatemoji\":\"https:\\/\\/www.cs.uci.edu\\/wp-includes\\/js\\/wp-emoji-release.min.js?ver=5.2.3\"}};\n\t\t\t!function(a,b,c){function d(a,b){var c=String.fromCharCode;l.clearRect(0,0,k.width,k.height),l.fillText(c.apply(this,a),0,0);var d=k.toDataURL();l.clearRect(0,0,k.width,k.height),l.fillText(c.apply(this,b),0,0);var e=k.toDataURL();return d===e}function e(a){var b;if(!l||!l.fillText)return!1;switch(l.textBaseline=\"top\",l.font=\"600 32px Arial\",a){case\"flag\":return!(b=d([55356,56826,55356,56819],[55356,56826,8203,55356,56819]))&&(b=d([55356,57332,56128,56423,56128,56418,56128,56421,56128,56430,56128,56423,56128,56447],[55356,57332,8203,56128,56423,8203,56128,56418,8203,56128,56421,8203,56128,56430,8203,56128,56423,8203,56128,56447]),!b);case\"emoji\":return b=d([55357,56424,55356,57342,8205,55358,56605,8205,55357,56424,55356,57340],[55357,56424,55356,57342,8203,55358,56605,8203,55357,56424,55356,57340]),!b}return!1}function f(a){var c=b.createElement(\"script\");c.src=a,c.defer=c.type=\"text/javascript\",b.getElementsByTagName(\"head\")[0].appendChild(c)}var g,h,i,j,k=b.createElement(\"canvas\"),l=k.getContext&&k.getContext(\"2d\");for(j=Array(\"flag\",\"emoji\"),c.supports={everything:!0,everythingExceptFlag:!0},i=0;i<j.length;i++)c.supports[j[i]]=e(j[i]),c.supports.everything=c.supports.everything&&c.supports[j[i]],\"flag\"!==j[i]&&(c.supports.everythingExceptFlag=c.supports.everythingExceptFlag&&c.supports[j[i]]);c.supports.everythingExceptFlag=c.supports.everythingExceptFlag&&!c.supports.flag,c.DOMReady=!1,c.readyCallback=function(){c.DOMReady=!0},c.supports.everything||(h=function(){c.readyCallback()},b.addEventListener?(b.addEventListener(\"DOMContentLoaded\",h,!1),a.addEventListener(\"load\",h,!1)):(a.attachEvent(\"onload\",h),b.attachEvent(\"onreadystatechange\",function(){\"complete\"===b.readyState&&c.readyCallback()})),g=c.source||{},g.concatemoji?f(g.concatemoji):g.wpemoji&&g.twemoji&&(f(g.twemoji),f(g.wpemoji)))}(window,document,window._wpemojiSettings);\n\t\t</script>\n\t\t<style type=\"text/css\">\nimg.wp-smiley,\nimg.emoji {\n\tdisplay: inline !important;\n\tborder: none !important;\n\tbox-shadow: none !important;\n\theight: 1em !important;\n\twidth: 1em !important;\n\tmargin: 0 .07em !important;\n\tvertical-align: -0.1em !important;\n\tbackground: none !important;\n\tpadding: 0 !important;\n}\n</style>\n\t<link rel='stylesheet' id='genesis-sample-theme-css'  href='https://www.cs.uci.edu/wp-content/cs/themes/genesis-cs-retry/style.css?ver=2.1.2' type='text/css' media='all' />\n<link rel='stylesheet' id='wp-block-library-css'  href='https://www.cs.uci.edu/wp-includes/css/dist/block-library/style.min.css?ver=5.2.3' type='text/css' media='all' />\n<link rel='stylesheet' id='feedzy-rss-feeds-css'  href='https://www.cs.uci.edu/wp-content/cs/plugins/feedzy-rss-feeds/css/feedzy-rss-feeds.css?ver=3.3.2' type='text/css' media='all' />\n<link rel='stylesheet' id='collapseomatic-css-css'  href='https://www.cs.uci.edu/wp-content/cs/plugins/jquery-collapse-o-matic/light_style.css?ver=1.6' type='text/css' media='all' />\n<link rel='stylesheet' id='google-fonts-css'  href='//fonts.googleapis.com/css?family=Lato%3A300%2C400%2C700&#038;ver=2.1.2' type='text/css' media='all' />\n<link rel='stylesheet' id='slider_styles-css'  href='https://www.cs.uci.edu/wp-content/cs/plugins/genesis-responsive-slider/style.css?ver=0.9.5' type='text/css' media='all' />\n<script type='text/javascript' src='https://www.cs.uci.edu/wp-includes/js/jquery/jquery.js?ver=1.12.4-wp'></script>\n<script type='text/javascript' src='https://www.cs.uci.edu/wp-includes/js/jquery/jquery-migrate.min.js?ver=1.4.1'></script>\n<!--[if lt IE 9]>\n<script type='text/javascript' src='https://www.cs.uci.edu/wp-content/cs/themes/genesis/lib/js/html5shiv.min.js?ver=3.7.3'></script>\n<![endif]-->\n<script type='text/javascript' src='https://www.cs.uci.edu/wp-content/cs/themes/genesis-cs-retry/js/jquery.collapse.js?ver=5.2.3'></script>\n<link rel='https://api.w.org/' href='https://www.cs.uci.edu/wp-json/' />\n<link rel=\"EditURI\" type=\"application/rsd+xml\" title=\"RSD\" href=\"https://www.cs.uci.edu/xmlrpc.php?rsd\" />\n<meta name=\"tec-api-version\" content=\"v1\"><meta name=\"tec-api-origin\" content=\"https://www.cs.uci.edu\"><link rel=\"https://theeventscalendar.com/\" href=\"https://www.cs.uci.edu/wp-json/tribe/events/v1/\" /><link rel=\"icon\" href=\"https://www.cs.uci.edu/wp-content/cs/themes/genesis-cs-retry/images/favicon.ico\" />\n<link rel=\"pingback\" href=\"https://www.cs.uci.edu/xmlrpc.php\" />\n<link rel=\"next\" href=\"https://www.cs.uci.edu/news/page/2/\" />\n\t\t<style type=\"text/css\" id=\"wp-custom-css\">\n\t\t\t.job-ops .name{\n\twidth:53% !important;\n\tfont-size:.95em !important;\n\tline-height:1.5em !important;\n}\n.job-ops .job-number{\n\twidth:23% !important;\n\tfont-size:.75em !important;\n}\n.job-ops .submission-dates{\n\twidth:53% !important;\n\tfont-size:.95em !important;\n\tline-height:1.5em !important;\n}\n\n.people_table img{\n\twidth:150px;\n}\n\n.apply-now-btn{\n\tborder:1px solid #ffffff;\n\tborder-radius:3px;\n\tpadding:7px 15px 7px 15px;\n}\n.undergrad-tbl td{padding:10px;}\n.staffcsl-tbl td{padding:10px;}\n\n\n.rss_header { display: none;}\t\t</style>\n\t\t</head>\n<body class=\"blog tribe-no-js header-image full-width-content elementor-default\" itemscope itemtype=\"http://schema.org/WebPage\"><div class=\"site-container\"><header class=\"site-header\" itemscope itemtype=\"http://schema.org/WPHeader\"><div class=\"wrap\"><div class=\"title-area\"><h1 class=\"site-title\">\n\n      <div id='dept_header'>\n\n         <a id='dept_link' href='http://www.cs.uci.edu/' TITLE='Department of Computer Science in the Donald Bren School of Information and Computer Sciences @ UC Irvine'></a>\n\n         <a id='uci_link' href='http://www.uci.edu/' TITLE='University of California, Irvine'></a>\n\n         <a id='school_link' href='http://www.ics.uci.edu/' TITLE='Donald Bren School of Information and Computer Sciences'></a>\n\n      </div>\n\n   </h1></div><div class=\"widget-area header-widget-area\"><section id=\"search-4\" class=\"widget widget_search\"><div class=\"widget-wrap\"><form class=\"search-form\" itemprop=\"potentialAction\" itemscope itemtype=\"http://schema.org/SearchAction\" method=\"get\" action=\"https://www.cs.uci.edu/\" role=\"search\"><meta itemprop=\"target\" content=\"https://www.cs.uci.edu/?s={s}\"/><input itemprop=\"query-input\" type=\"search\" name=\"s\" placeholder=\"Search this site...\" /><input type=\"submit\" value=\"Search\"  /></form></div></section>\n</div></div></header><nav class=\"nav-primary\" itemscope itemtype=\"http://schema.org/SiteNavigationElement\"><div class=\"wrap\"><ul id=\"menu-header-menu\" class=\"menu genesis-nav-menu menu-primary\"><li id=\"menu-item-17\" class=\"menu-item menu-item-type-post_type menu-item-object-page menu-item-has-children menu-item-17\"><a href=\"https://www.cs.uci.edu/about-the-department/\" itemprop=\"url\"><span itemprop=\"name\">Explore</span></a>\n<ul class=\"sub-menu\">\n\t<li id=\"menu-item-58\" class=\"menu-item menu-item-type-post_type menu-item-object-page menu-item-58\"><a href=\"https://www.cs.uci.edu/contact/\" itemprop=\"url\"><span itemprop=\"name\">Contact Us</span></a></li>\n</ul>\n</li>\n<li id=\"menu-item-16\" class=\"menu-item menu-item-type-post_type menu-item-object-page menu-item-16\"><a href=\"https://www.cs.uci.edu/faculty/\" itemprop=\"url\"><span itemprop=\"name\">Faculty</span></a></li>\n<li id=\"menu-item-18\" class=\"menu-item menu-item-type-custom menu-item-object-custom menu-item-has-children menu-item-18\"><a href=\"#\" itemprop=\"url\"><span itemprop=\"name\">Research</span></a>\n<ul class=\"sub-menu\">\n\t<li id=\"menu-item-2407\" class=\"menu-item menu-item-type-post_type menu-item-object-page menu-item-2407\"><a href=\"https://www.cs.uci.edu/cs-research-areas/\" itemprop=\"url\"><span itemprop=\"name\">Research Areas</span></a></li>\n\t<li id=\"menu-item-50\" class=\"menu-item menu-item-type-post_type menu-item-object-page menu-item-50\"><a href=\"https://www.cs.uci.edu/research-centers/\" itemprop=\"url\"><span itemprop=\"name\">Research Centers</span></a></li>\n</ul>\n</li>\n<li id=\"menu-item-370\" class=\"menu-item menu-item-type-custom menu-item-object-custom menu-item-has-children menu-item-370\"><a href=\"#\" itemprop=\"url\"><span itemprop=\"name\">Graduate Degrees</span></a>\n<ul class=\"sub-menu\">\n\t<li id=\"menu-item-372\" class=\"menu-item menu-item-type-post_type menu-item-object-page menu-item-372\"><a href=\"https://www.cs.uci.edu/graduate-computer-science-programs/\" itemprop=\"url\"><span itemprop=\"name\">Computer Science Programs</span></a></li>\n\t<li id=\"menu-item-371\" class=\"menu-item menu-item-type-post_type menu-item-object-page menu-item-371\"><a href=\"https://www.cs.uci.edu/current-graduate-students/\" itemprop=\"url\"><span itemprop=\"name\">Current Graduate Students</span></a></li>\n</ul>\n</li>\n<li id=\"menu-item-1915\" class=\"menu-item menu-item-type-post_type menu-item-object-page menu-item-1915\"><a href=\"https://www.cs.uci.edu/undergraduate-programs/\" itemprop=\"url\"><span itemprop=\"name\">Undergraduate Degrees</span></a></li>\n<li id=\"menu-item-1382\" class=\"menu-item menu-item-type-custom menu-item-object-custom current-menu-ancestor current-menu-parent menu-item-has-children menu-item-1382\"><a href=\"#\" itemprop=\"url\"><span itemprop=\"name\">News  &#038; Events</span></a>\n<ul class=\"sub-menu\">\n\t<li id=\"menu-item-1688\" class=\"menu-item menu-item-type-custom menu-item-object-custom current-menu-item menu-item-1688\"><a href=\"/news\" aria-current=\"page\" itemprop=\"url\"><span itemprop=\"name\">News</span></a></li>\n\t<li id=\"menu-item-1423\" class=\"menu-item menu-item-type-custom menu-item-object-custom menu-item-1423\"><a href=\"/events/computer-science-seminar-series/\" itemprop=\"url\"><span itemprop=\"name\">Seminar Series</span></a></li>\n\t<li id=\"menu-item-1655\" class=\"menu-item menu-item-type-custom menu-item-object-custom menu-item-1655\"><a href=\"/events/distinguished-lecture-series/\" itemprop=\"url\"><span itemprop=\"name\">Distinguished Lecture Series</span></a></li>\n\t<li id=\"menu-item-1442\" class=\"menu-item menu-item-type-custom menu-item-object-custom menu-item-1442\"><a href=\"/event/2017-computer-science-research-showcase/\" itemprop=\"url\"><span itemprop=\"name\">Research Showcase</span></a></li>\n</ul>\n</li>\n<li id=\"menu-item-1873\" class=\"menu-item menu-item-type-custom menu-item-object-custom menu-item-has-children menu-item-1873\"><a href=\"#\" itemprop=\"url\"><span itemprop=\"name\"><span class=\"apply-now-btn\">Apply Now</span></span></a>\n<ul class=\"sub-menu\">\n\t<li id=\"menu-item-1875\" class=\"menu-item menu-item-type-custom menu-item-object-custom menu-item-1875\"><a target=\"_blank\" rel=\"noopener noreferrer\" href=\"https://www.admissions.uci.edu/apply/index.php\" itemprop=\"url\"><span itemprop=\"name\">Undergraduate Admissions</span></a></li>\n\t<li id=\"menu-item-1874\" class=\"menu-item menu-item-type-custom menu-item-object-custom menu-item-1874\"><a target=\"_blank\" rel=\"noopener noreferrer\" href=\"https://apply.grad.uci.edu/apply/\" itemprop=\"url\"><span itemprop=\"name\">Graduate Admissions</span></a></li>\n\t<li id=\"menu-item-1927\" class=\"menu-item menu-item-type-post_type menu-item-object-page menu-item-1927\"><a href=\"https://www.cs.uci.edu/job-opportunities/\" itemprop=\"url\"><span itemprop=\"name\">Faculty Candidates</span></a></li>\n</ul>\n</li>\n</ul></div></nav><div class=\"site-inner\"><div class=\"content-sidebar-wrap\"><main class=\"content\"><article class=\"post-2777 post type-post status-publish format-standard category-noteworthy-achievement entry\" itemscope itemtype=\"http://schema.org/CreativeWork\"><header class=\"entry-header\"><h1 class=\"entry-title\" itemprop=\"headline\"><a href=\"https://www.cs.uci.edu/sangeetha-abdu-jyothi-attends-the-heidelberg-laureate-forum/\" rel=\"bookmark\">Sangeetha Abdu Jyothi Attends the Heidelberg Laureate Forum</a></h1> \n<p class=\"entry-meta\"><time class=\"entry-time\" itemprop=\"datePublished\" datetime=\"2019-10-08T08:35:53-07:00\">October 8, 2019</time> </p></header><div class=\"entry-content\" itemprop=\"text\">\n<p>Incoming faculty member <a href=\"https://www.linkedin.com/in/sangeetha-abdu-jyothi-7702232a/\">Sangeetha Abdu Jyothi</a>, a postdoc at VMware Research who will join the <a href=\"https://www.cs.uci.edu/\">Department of Computer Science</a> in July 2020, was selected to attend the Heidelberg Laureate Forum (<a href=\"https://www.heidelberg-laureate-forum.org/\">HLF</a>) last month as a <a href=\"https://www.heidelberg-laureate-forum.org/young-researchers.html\">young researcher</a>. Each year, 200 early career researchers from across the globe are chosen \u2014 through a multi-step application and selection process \u2014 to attend the event and network with <a href=\"https://www.heidelberg-laureate-forum.org/forum/7th-hlf-2019/participating-laureates.html\">laureates</a> of mathematics and computer science.</p>\n\n\n\n <a href=\"https://www.cs.uci.edu/sangeetha-abdu-jyothi-attends-the-heidelberg-laureate-forum/#more-2777\" class=\"more-link\">[Read more&#8230;]</a></div><footer class=\"entry-footer\"></footer></article><article class=\"post-2747 post type-post status-publish format-standard category-feature entry\" itemscope itemtype=\"http://schema.org/CreativeWork\"><header class=\"entry-header\"><h1 class=\"entry-title\" itemprop=\"headline\"><a href=\"https://www.cs.uci.edu/senior-spotlight-taneisha-arora-pursues-her-passions-from-working-in-industry-to-running-a-bakery/\" rel=\"bookmark\">Senior Spotlight: Taneisha Arora Pursues Her Passions, From Working in Industry to Running a Bakery</a></h1> \n<p class=\"entry-meta\"><time class=\"entry-time\" itemprop=\"datePublished\" datetime=\"2019-10-07T07:45:55-07:00\">October 7, 2019</time> </p></header><div class=\"entry-content\" itemprop=\"text\">\n<div class=\"wp-block-image\"><figure class=\"alignright is-resized\"><img src=\"//www.informatics.uci.edu/wp-content/informatics/uploads/TaneishaArora-Spotlight2019.jpg\" alt=\"\" class=\"wp-image-5950\" width=\"200\" height=\"211\"/></figure></div>\n\n\n\n<p><em>For the past three years, </em><a href=\"https://www.linkedin.com/in/taneisha-arora-04812b153/\"><em>Taneisha Arora</em></a><em> has been double majoring in </em><a href=\"https://www.ics.uci.edu/ugrad/degrees/degree_se.php\"><em>software engineering</em></a><em> and </em><a href=\"https://www.stat.uci.edu/slider/b-s-in-data-science/\"><em>data science</em></a><em>, straddling all three departments in the Donald Bren School of Information and Computer Sciences (</em><a href=\"https://www.ics.uci.edu/\"><em>ICS</em></a><em>). With software engineering being offered by the </em><a href=\"https://www.informatics.uci.edu/\"><em>Department of Informatics</em></a><em> jointly with the </em><a href=\"https://www.cs.uci.edu/\"><em>Department of Computer Science</em></a><em>, and data science offered through the </em><a href=\"https://www.stat.uci.edu/\"><em>Department of Statistics</em></a><em>, the double major supported her work at the intersection of machine learning and statistics. In addition to her studies, Arora volunteered for the </em><a href=\"https://www.dreamsforschools.org/appjam/\"><em>AppJam+ program</em></a><em>, </em><em>mentoring middle school students on STEM concepts, and won </em><em>a \u201cBest Web App\u201d hackathon </em><a href=\"https://www.ics.uci.edu/community/news/view_news?id=1549\"><em>award</em></a><em>. Then, she spent the past summer in Boulder, Colorado, interning at Google. Now, as she starts her senior year, she decided to swap her software engineering major for a minor in ICS, allowing her more time to focus on her research and take classes that excite her.</em><br /></p>\n\n\n\n <a href=\"https://www.cs.uci.edu/senior-spotlight-taneisha-arora-pursues-her-passions-from-working-in-industry-to-running-a-bakery/#more-2747\" class=\"more-link\">[Read more&#8230;]</a></div><footer class=\"entry-footer\"></footer></article><article class=\"post-2545 post type-post status-publish format-standard category-noteworthy-achievement entry\" itemscope itemtype=\"http://schema.org/CreativeWork\"><header class=\"entry-header\"><h1 class=\"entry-title\" itemprop=\"headline\"><a href=\"https://www.cs.uci.edu/ramesh-jain-wins-inaugural-ieee-tcmc-impact-award/\" rel=\"bookmark\">Ramesh Jain Wins Inaugural IEEE TCMC Impact Award</a></h1> \n<p class=\"entry-meta\"><time class=\"entry-time\" itemprop=\"datePublished\" datetime=\"2019-10-03T12:15:16-07:00\">October 3, 2019</time> </p></header><div class=\"entry-content\" itemprop=\"text\">\n<div class=\"wp-block-image\"><figure class=\"alignright is-resized\"><img src=\"http://www.cs.uci.edu/wp-content/cs/uploads/Jain-rj3_4-25-05_400x400.jpg\" alt=\"\" class=\"wp-image-1661\" width=\"200\" height=\"200\" srcset=\"https://www.cs.uci.edu/wp-content/cs/uploads/Jain-rj3_4-25-05_400x400.jpg 400w, https://www.cs.uci.edu/wp-content/cs/uploads/Jain-rj3_4-25-05_400x400-150x150.jpg 150w, https://www.cs.uci.edu/wp-content/cs/uploads/Jain-rj3_4-25-05_400x400-300x300.jpg 300w\" sizes=\"(max-width: 200px) 100vw, 200px\" /></figure></div>\n\n\n\n<p>To foster professional excellence and societal contributions, the&nbsp;<a href=\"https://www.computer.org/\" target=\"_blank\" rel=\"noreferrer noopener\">IEEE Computer Society</a>&nbsp;Technical Committee on Multimedia Computing (<a href=\"https://tc.computer.org/tcmc/\" target=\"_blank\" rel=\"noreferrer noopener\">TCMC</a>) established three new awards this year: the Impact, Rising Star and Service awards. Winners were recently&nbsp;<a href=\"https://tc.computer.org/tcmc/tcmcawardsrecipients/\" target=\"_blank\" rel=\"noreferrer noopener\">announced</a>, and the IEEE TCMC Impact Award went to Donald Bren Professor in Information &amp; Computer Sciences,&nbsp;<a href=\"https://ngs.ics.uci.edu/\" target=\"_blank\" rel=\"noreferrer noopener\">Ramesh Jain</a>, for his \u201cpioneering and wide-spread impact to multimedia computing for the past four decades.\u201d</p>\n\n\n\n <a href=\"https://www.cs.uci.edu/ramesh-jain-wins-inaugural-ieee-tcmc-impact-award/#more-2545\" class=\"more-link\">[Read more&#8230;]</a></div><footer class=\"entry-footer\"></footer></article><article class=\"post-2533 post type-post status-publish format-standard category-article entry\" itemscope itemtype=\"http://schema.org/CreativeWork\"><header class=\"entry-header\"><h1 class=\"entry-title\" itemprop=\"headline\"><a href=\"https://www.cs.uci.edu/uci-other-researchers-develop-deep-learning-technique-to-id-at-risk-anatomy-in-ct-scans/\" rel=\"bookmark\">UCI, other researchers develop deep-learning technique to ID at-risk anatomy in CT scans</a></h1> \n<p class=\"entry-meta\"><time class=\"entry-time\" itemprop=\"datePublished\" datetime=\"2019-10-02T10:41:43-07:00\">October 2, 2019</time> </p></header><div class=\"entry-content\" itemprop=\"text\">\n<p>Radiation therapy is one of the most widely used cancer treatments, but a drawback of the procedure is that it can cause collateral damage to healthy tissue in proximity to cancerous growths. Identifying organs at risk via CT scans is a difficult and labor-intensive process, but UCI computer scientists and researchers from other institutions have developed an automated technique to perform this function using a deep-learning algorithm. Their work was published recently in\u00a0<a href=\"https://www.nature.com/articles/s42256-019-0099-z\"><em>Nature Machine Intelligence</em></a>. </p>\n\n\n\n <a href=\"https://www.cs.uci.edu/uci-other-researchers-develop-deep-learning-technique-to-id-at-risk-anatomy-in-ct-scans/#more-2533\" class=\"more-link\">[Read more&#8230;]</a></div><footer class=\"entry-footer\"></footer></article><article class=\"post-2526 post type-post status-publish format-standard category-article entry\" itemscope itemtype=\"http://schema.org/CreativeWork\"><header class=\"entry-header\"><h1 class=\"entry-title\" itemprop=\"headline\"><a href=\"https://www.cs.uci.edu/science-101-ai-solves-a-rubiks-cube-without-human-help-pierre-baldi-research-mentioned/\" rel=\"bookmark\">Science 101: &#8220;AI solves a Rubik\u2019s cube without human help&#8221; (Pierre Baldi research mentioned)</a></h1> \n<p class=\"entry-meta\"><time class=\"entry-time\" itemprop=\"datePublished\" datetime=\"2019-09-27T11:13:09-07:00\">September 27, 2019</time> </p></header><div class=\"entry-content\" itemprop=\"text\">\n<p>While computers have been solving Rubik\u2019s cubes with regularity, they typically required some coaching and interaction from humans. This time, at the University of California, Irvine, researchers programmed a machine-learning algorithm, called DeepCubeA, to solve a Rubik\u2019s Cube completely on its own.\u00a0The algorithm did astonishingly well. At best, the\u00a0<a href=\"https://mashable.com/article/ai-rubiks-cube/\">puzzle was solved</a>\u00a0in under a second and with less than 20 moves. According to reports, results were consistent as the test was repeated, with AI solving 100 percent of the tests and identifying the fastest route to a solution 60 percent of the time.</p>\n\n\n\n<p><em>Read the full story at </em><a rel=\"noreferrer noopener\" aria-label=\"Science 101 (opens in a new tab)\" href=\"https://www.science101.com/ai-solves-rubiks-cube-human-help/\" target=\"_blank\"><em>Science 101</em></a><em>.</em></p>\n</div><footer class=\"entry-footer\"></footer></article><article class=\"post-2522 post type-post status-publish format-standard category-uncategorized entry\" itemscope itemtype=\"http://schema.org/CreativeWork\"><header class=\"entry-header\"><h1 class=\"entry-title\" itemprop=\"headline\"><a href=\"https://www.cs.uci.edu/qualcomm-funds-research-projects-in-computer-vision-and-machine-learning/\" rel=\"bookmark\">Qualcomm Funds Research Projects in Computer Vision and Machine Learning</a></h1> \n<p class=\"entry-meta\"><time class=\"entry-time\" itemprop=\"datePublished\" datetime=\"2019-09-23T14:58:53-07:00\">September 23, 2019</time> </p></header><div class=\"entry-content\" itemprop=\"text\">\n<p><a rel=\"noreferrer noopener\" href=\"https://www.qualcomm.com/\" target=\"_blank\">Qualcomm Inc.</a>\u00a0has provided gift funding to Computer Science Professors\u00a0<a rel=\"noreferrer noopener\" href=\"https://www.ics.uci.edu/~fowlkes/\" target=\"_blank\">Charless Fowlkes</a>,\u00a0<a rel=\"noreferrer noopener\" href=\"http://www.stephanmandt.com/\" target=\"_blank\">Stephan Mandt</a>\u00a0and\u00a0<a rel=\"noreferrer noopener\" href=\"https://www.ics.uci.edu/~smyth/\" target=\"_blank\">Padhraic Smyth</a>\u00a0in the Donald Bren School of Information and Computer Sciences (<a rel=\"noreferrer noopener\" href=\"https://www.ics.uci.edu/\" target=\"_blank\">ICS</a>). This funding will support Ph.D. students involved in basic research projects across the three groups on topics related to the development of new theories and algorithms in the areas of computer vision and machine learning. The initial award is in the amount of $255,000, with Professors Fowlkes and Mandt each receiving $90,000, and Professor Smyth receiving $75,000 through a 2019 Qualcomm Faculty Award.</p>\n\n\n\n <a href=\"https://www.cs.uci.edu/qualcomm-funds-research-projects-in-computer-vision-and-machine-learning/#more-2522\" class=\"more-link\">[Read more&#8230;]</a></div><footer class=\"entry-footer\"></footer></article><article class=\"post-2512 post type-post status-publish format-standard category-noteworthy-achievement entry\" itemscope itemtype=\"http://schema.org/CreativeWork\"><header class=\"entry-header\"><h1 class=\"entry-title\" itemprop=\"headline\"><a href=\"https://www.cs.uci.edu/professor-chens-talk-on-self-driving-security-wins-hotsec-awards/\" rel=\"bookmark\">Professor Chen\u2019s Talk on Self-Driving Security Wins HotSec Awards</a></h1> \n<p class=\"entry-meta\"><time class=\"entry-time\" itemprop=\"datePublished\" datetime=\"2019-09-17T13:33:49-07:00\">September 17, 2019</time> </p></header><div class=\"entry-content\" itemprop=\"text\">\n<p>Assistant Professor of Computer Science <a href=\"https://www.ics.uci.edu/~alfchen/\">Qi Alfred Chen</a> recently received awards for the \u201cMost Engaging\u201d and \u201cMost Amusing\u201d talk at the 2019 USENIX Summit on Hot Topics in Security (<a href=\"https://www.usenix.org/conference/hotsec19\">HotSec \u201919</a>), held in conjunction with <a href=\"https://www.usenix.org/conference/usenixsecurity19\">USENIX Security \u201919</a>. HotSec brings together researchers across computer security disciplines to discuss the state of the art, focusing on future directions and emerging areas.</p>\n\n\n\n <a href=\"https://www.cs.uci.edu/professor-chens-talk-on-self-driving-security-wins-hotsec-awards/#more-2512\" class=\"more-link\">[Read more&#8230;]</a></div><footer class=\"entry-footer\"></footer></article><article class=\"post-2510 post type-post status-publish format-standard category-article category-noteworthy-achievement entry\" itemscope itemtype=\"http://schema.org/CreativeWork\"><header class=\"entry-header\"><h1 class=\"entry-title\" itemprop=\"headline\"><a href=\"https://www.cs.uci.edu/uci-team-uses-machine-learning-to-help-tell-which-wildfires-will-burn-out-of-control-padhraic-smyth-mentioned/\" rel=\"bookmark\">UCI team uses machine learning to help tell which wildfires will burn out of control (Padhraic Smyth mentioned)</a></h1> \n<p class=\"entry-meta\"><time class=\"entry-time\" itemprop=\"datePublished\" datetime=\"2019-09-17T11:07:01-07:00\">September 17, 2019</time> </p></header><div class=\"entry-content\" itemprop=\"text\">\n<p>An interdisciplinary team of scientists at the University of California, Irvine has developed a new technique for predicting the final size of a wildfire from the moment of ignition.</p>\n\n\n\n<p>Built around a machine learning algorithm, the model can help in forecasting whether a blaze is going to be small, medium or large by the time it has run its course \u2013 knowledge useful to those in charge of allocating scarce firefighting resources. The researchers\u2019 work is highlighted in a study published today in the\u00a0<em><a rel=\"noreferrer noopener\" href=\"http://www.publish.csiro.au/wf/WF19023\" target=\"_blank\">International Journal of Wildland Fire</a></em>.</p>\n\n\n\n<p><em>Read the full story at </em><a rel=\"noreferrer noopener\" aria-label=\"UCI News (opens in a new tab)\" href=\"https://news.uci.edu/2019/09/17/uci-team-uses-machine-learning-to-help-tell-which-wildfires-will-burn-out-of-control/\" target=\"_blank\"><em>UCI News</em></a><em>.</em></p>\n</div><footer class=\"entry-footer\"></footer></article><article class=\"post-2503 post type-post status-publish format-standard category-noteworthy-achievement entry\" itemscope itemtype=\"http://schema.org/CreativeWork\"><header class=\"entry-header\"><h1 class=\"entry-title\" itemprop=\"headline\"><a href=\"https://www.cs.uci.edu/multidisciplinary-graduate-training-program-advances-wildfire-prediction-research/\" rel=\"bookmark\">Multidisciplinary Graduate Training Program Advances Wildfire Prediction Research</a></h1> \n<p class=\"entry-meta\"><time class=\"entry-time\" itemprop=\"datePublished\" datetime=\"2019-09-12T09:45:02-07:00\">September 12, 2019</time> </p></header><div class=\"entry-content\" itemprop=\"text\">\n<p>Back in 2016, Chancellor\u2019s Professor of Computer Science <a href=\"https://www.ics.uci.edu/~smyth/\">Padhraic Smyth</a> was principal investigator of a multidisciplinary team awarded a five-year, $3 million <a href=\"https://www.nsf.gov/awardsearch/showAward?AWD_ID=1633631\">grant</a> from the National Science Foundation (NSF) through its National Research Traineeship (<a href=\"https://www.nsf.gov/funding/pgm_summ.jsp?pims_id=505015\">NRT</a>) program. The funds were used to develop UCI\u2019s Machine Learning and Physical Sciences (<a href=\"http://maps-nsf.uci.edu/\">MAPS</a>) program, which trains and supports graduate students from both the Donald Bren School of Information and Computer Sciences (<a href=\"https://www.ics.uci.edu/\">ICS</a>) and the <a href=\"https://ps.uci.edu/\">School of Physical Sciences</a>. The goal is to prepare students working at the intersection of machine learning and the physical sciences to realize the potential of today\u2019s massive scientific data sets while tackling real-world problems.</p>\n\n\n\n <a href=\"https://www.cs.uci.edu/multidisciplinary-graduate-training-program-advances-wildfire-prediction-research/#more-2503\" class=\"more-link\">[Read more&#8230;]</a></div><footer class=\"entry-footer\"></footer></article><article class=\"post-2500 post type-post status-publish format-standard category-noteworthy-achievement entry\" itemscope itemtype=\"http://schema.org/CreativeWork\"><header class=\"entry-header\"><h1 class=\"entry-title\" itemprop=\"headline\"><a href=\"https://www.cs.uci.edu/nsf-continues-funding-for-asterixdb-with-2m-grant/\" rel=\"bookmark\">NSF Continues Funding for AsterixDB with $2M Grant</a></h1> \n<p class=\"entry-meta\"><time class=\"entry-time\" itemprop=\"datePublished\" datetime=\"2019-09-10T10:23:01-07:00\">September 10, 2019</time> </p></header><div class=\"entry-content\" itemprop=\"text\">\n<div class=\"wp-block-image\"><figure class=\"alignright is-resized\"><img src=\"https://www.cs.uci.edu/wp-content/cs/uploads/asterixdb_tm-1024x322.png\" alt=\"\" class=\"wp-image-2501\" width=\"256\" height=\"81\" srcset=\"https://www.cs.uci.edu/wp-content/cs/uploads/asterixdb_tm-1024x322.png 1024w, https://www.cs.uci.edu/wp-content/cs/uploads/asterixdb_tm-300x94.png 300w, https://www.cs.uci.edu/wp-content/cs/uploads/asterixdb_tm-768x241.png 768w, https://www.cs.uci.edu/wp-content/cs/uploads/asterixdb_tm.png 1516w\" sizes=\"(max-width: 256px) 100vw, 256px\" /></figure></div>\n\n\n\n<p>The National Science&nbsp;Foundation (<a href=\"https://nsf.gov/\" target=\"_blank\" rel=\"noreferrer noopener\">NSF</a>) recently provided additional support for the AsterixDB project with $2 million&nbsp;in funding&nbsp;split between UCI and UC Riverside.&nbsp;Professors&nbsp;<a href=\"https://www.ics.uci.edu/~mjcarey/\" target=\"_blank\" rel=\"noreferrer noopener\">Michael Carey</a>&nbsp;and&nbsp;<a href=\"https://chenli.ics.uci.edu/\" target=\"_blank\" rel=\"noreferrer noopener\">Chen Li</a>&nbsp;in UCI\u2019s Donald Bren School of Information and Computer Sciences (<a href=\"https://www.ics.uci.edu/\" target=\"_blank\" rel=\"noreferrer noopener\">ICS</a>) will receive $1,140,000 for the&nbsp;<a href=\"https://www.nsf.gov/awardsearch/showAward?AWD_ID=1925610&amp;HistoricalAwards=false\" target=\"_blank\" rel=\"noreferrer noopener\">grant</a>, \u201cSupporting and Sustaining Apache AsterixDB for the CISE Research Community,\u201d while Professors&nbsp;<a href=\"https://www.cs.ucr.edu/~tsotras/\" target=\"_blank\" rel=\"noreferrer noopener\">Vassilis Tsotras</a>&nbsp;and&nbsp;<a href=\"https://www.cs.ucr.edu/~eldawy/\" target=\"_blank\" rel=\"noreferrer noopener\">Ahmed Eldawy</a>&nbsp;in UCR\u2019s Bourns College of Engineering will receive $860,000.</p>\n\n\n\n <a href=\"https://www.cs.uci.edu/nsf-continues-funding-for-asterixdb-with-2m-grant/#more-2500\" class=\"more-link\">[Read more&#8230;]</a></div><footer class=\"entry-footer\"></footer></article><div class=\"archive-pagination pagination\"><ul><li class=\"active\"  aria-label=\"Current page\"><a href=\"https://www.cs.uci.edu/news/\">1</a></li>\n<li><a href=\"https://www.cs.uci.edu/news/page/2/\">2</a></li>\n<li><a href=\"https://www.cs.uci.edu/news/page/3/\">3</a></li>\n<li class=\"pagination-omission\">&#x02026;</li>\n<li><a href=\"https://www.cs.uci.edu/news/page/22/\">22</a></li>\n<li class=\"pagination-next\"><a href=\"https://www.cs.uci.edu/news/page/2/\" >Next Page &#x000BB;</a></li>\n</ul></div>\n</main></div></div><footer class=\"site-footer\" itemscope itemtype=\"http://schema.org/WPFooter\"><div class=\"wrap\">\t\t\t<div class=\"group\">\n\n\t\t\t\t<div id=\"bren\">\n\t\t\t\t\t\t<a href=\"http://www.ics.uci.edu/\"><img src=\"//www.cs.uci.edu//wp-content/cs/uploads/DBren_InfoCompSc_logo-UPDATED.png\"></a>\n\t\t\t\t</div>\n\n\t\t\t\t<div class=\"footer-info\">\n\t\t\t\t\t<UL>\n\t\t\t\t\t   <LI>&copy; 2019 UC Regents</LI>\n\t\t\t\t\t   <LI><A HREF=\"mailto:communications@ics.uci.edu\">Feedback</A></LI>\n\t\t\t\t\t   <LI><A HREF=\"http://uci.edu/privacy/\">Privacy Policy</A></LI>\n\t\t\t\t\t</UL>\n\t\t\t\t</div><!-- .footer-info -->\n\n\t\t\t</div>\n\t</div></footer></div><script type='text/javascript'>\nvar colomatduration = 'fast';\nvar colomatslideEffect = 'slideFade';\n</script>\t\t<script>\n\t\t( function ( body ) {\n\t\t\t'use strict';\n\t\t\tbody.className = body.className.replace( /\\btribe-no-js\\b/, 'tribe-js' );\n\t\t} )( document.body );\n\t\t</script>\n\t\t<script>\n  (function(i,s,o,g,r,a,m){i['GoogleAnalyticsObject']=r;i[r]=i[r]||function(){\n  (i[r].q=i[r].q||[]).push(arguments)},i[r].l=1*new Date();a=s.createElement(o),\n  m=s.getElementsByTagName(o)[0];a.async=1;a.src=g;m.parentNode.insertBefore(a,m)\n  })(window,document,'script','https://www.google-analytics.com/analytics.js','ga');\n\n  ga('create', 'UA-605898-2', 'auto');\n  ga('send', 'pageview');\n\n</script>\n<script type='text/javascript'>jQuery(document).ready(function($) {$(\".flexslider\").flexslider({controlsContainer: \"#genesis-responsive-slider\",animation: \"fade\",directionNav: 0,controlNav: 1,animationDuration: 1000,slideshowSpeed: 10000    });  });</script><script> /* <![CDATA[ */var tribe_l10n_datatables = {\"aria\":{\"sort_ascending\":\": activate to sort column ascending\",\"sort_descending\":\": activate to sort column descending\"},\"length_menu\":\"Show _MENU_ entries\",\"empty_table\":\"No data available in table\",\"info\":\"Showing _START_ to _END_ of _TOTAL_ entries\",\"info_empty\":\"Showing 0 to 0 of 0 entries\",\"info_filtered\":\"(filtered from _MAX_ total entries)\",\"zero_records\":\"No matching records found\",\"search\":\"Search:\",\"all_selected_text\":\"All items on this page were selected. \",\"select_all_link\":\"Select all pages\",\"clear_selection\":\"Clear Selection.\",\"pagination\":{\"all\":\"All\",\"next\":\"Next\",\"previous\":\"Previous\"},\"select\":{\"rows\":{\"0\":\"\",\"_\":\": Selected %d rows\",\"1\":\": Selected 1 row\"}},\"datepicker\":{\"dayNames\":[\"Sunday\",\"Monday\",\"Tuesday\",\"Wednesday\",\"Thursday\",\"Friday\",\"Saturday\"],\"dayNamesShort\":[\"Sun\",\"Mon\",\"Tue\",\"Wed\",\"Thu\",\"Fri\",\"Sat\"],\"dayNamesMin\":[\"S\",\"M\",\"T\",\"W\",\"T\",\"F\",\"S\"],\"monthNames\":[\"January\",\"February\",\"March\",\"April\",\"May\",\"June\",\"July\",\"August\",\"September\",\"October\",\"November\",\"December\"],\"monthNamesShort\":[\"January\",\"February\",\"March\",\"April\",\"May\",\"June\",\"July\",\"August\",\"September\",\"October\",\"November\",\"December\"],\"nextText\":\"Next\",\"prevText\":\"Prev\",\"currentText\":\"Today\",\"closeText\":\"Done\"}};/* ]]> */ </script><script type='text/javascript' src='https://www.cs.uci.edu/wp-content/cs/plugins/jquery-collapse-o-matic/js/collapse.js?ver=1.6.5'></script>\n<script type='text/javascript' src='https://www.cs.uci.edu/wp-content/cs/plugins/genesis-responsive-slider/js/jquery.flexslider.js?ver=0.9.5'></script>\n<script type='text/javascript' src='https://www.cs.uci.edu/wp-includes/js/wp-embed.min.js?ver=5.2.3'></script>\n</body></html>\r\n", "encoding": "utf-8"}