{"url": "https://www.cs.uci.edu/news/page/5/", "content": "<!DOCTYPE html>\n<html lang=\"en-US\">\n<head >\n<meta charset=\"UTF-8\" />\n<title>News</title><meta name=\"description\" content=\"View the latest news from UC Irvine&#039;s Department of Computer Science, including faculty research highlights and alumni success stories.\" />\n\t\t<meta name=\"robots\" content=\"noodp,noydir\" />\n\t\t<meta name=\"viewport\" content=\"width=device-width, initial-scale=1\" />\n\n\t\t<style type=\"text/css\">\n\t\t\t.slide-excerpt { width: 50%; }\n\t\t\t.slide-excerpt { bottom: 0; }\n\t\t\t.slide-excerpt { left: 0; }\n\t\t\t.flexslider { max-width: 1180px; max-height: 340px; }\n\t\t\t.slide-image { max-height: 340px; }\n\t\t</style>\n\t\t<style type=\"text/css\">\n\t\t\t@media only screen\n\t\t\tand (min-device-width : 320px)\n\t\t\tand (max-device-width : 480px) {\n\t\t\t\t.slide-excerpt { display: none !important; }\n\t\t\t}\n\t\t</style> <link rel='dns-prefetch' href='//fonts.googleapis.com' />\n<link rel='dns-prefetch' href='//s.w.org' />\n<link rel=\"alternate\" type=\"application/rss+xml\" title=\"Department of Computer Science - Donald Bren School of Information &amp; Computer Sciences &raquo; Feed\" href=\"https://www.cs.uci.edu/feed/\" />\n<link rel=\"alternate\" type=\"application/rss+xml\" title=\"Department of Computer Science - Donald Bren School of Information &amp; Computer Sciences &raquo; Comments Feed\" href=\"https://www.cs.uci.edu/comments/feed/\" />\n<link rel=\"alternate\" type=\"text/calendar\" title=\"Department of Computer Science - Donald Bren School of Information &amp; Computer Sciences &raquo; iCal Feed\" href=\"https://www.cs.uci.edu/events/?ical=1\" />\n\t\t<script type=\"text/javascript\">\n\t\t\twindow._wpemojiSettings = {\"baseUrl\":\"https:\\/\\/s.w.org\\/images\\/core\\/emoji\\/12.0.0-1\\/72x72\\/\",\"ext\":\".png\",\"svgUrl\":\"https:\\/\\/s.w.org\\/images\\/core\\/emoji\\/12.0.0-1\\/svg\\/\",\"svgExt\":\".svg\",\"source\":{\"concatemoji\":\"https:\\/\\/www.cs.uci.edu\\/wp-includes\\/js\\/wp-emoji-release.min.js?ver=5.2.3\"}};\n\t\t\t!function(a,b,c){function d(a,b){var c=String.fromCharCode;l.clearRect(0,0,k.width,k.height),l.fillText(c.apply(this,a),0,0);var d=k.toDataURL();l.clearRect(0,0,k.width,k.height),l.fillText(c.apply(this,b),0,0);var e=k.toDataURL();return d===e}function e(a){var b;if(!l||!l.fillText)return!1;switch(l.textBaseline=\"top\",l.font=\"600 32px Arial\",a){case\"flag\":return!(b=d([55356,56826,55356,56819],[55356,56826,8203,55356,56819]))&&(b=d([55356,57332,56128,56423,56128,56418,56128,56421,56128,56430,56128,56423,56128,56447],[55356,57332,8203,56128,56423,8203,56128,56418,8203,56128,56421,8203,56128,56430,8203,56128,56423,8203,56128,56447]),!b);case\"emoji\":return b=d([55357,56424,55356,57342,8205,55358,56605,8205,55357,56424,55356,57340],[55357,56424,55356,57342,8203,55358,56605,8203,55357,56424,55356,57340]),!b}return!1}function f(a){var c=b.createElement(\"script\");c.src=a,c.defer=c.type=\"text/javascript\",b.getElementsByTagName(\"head\")[0].appendChild(c)}var g,h,i,j,k=b.createElement(\"canvas\"),l=k.getContext&&k.getContext(\"2d\");for(j=Array(\"flag\",\"emoji\"),c.supports={everything:!0,everythingExceptFlag:!0},i=0;i<j.length;i++)c.supports[j[i]]=e(j[i]),c.supports.everything=c.supports.everything&&c.supports[j[i]],\"flag\"!==j[i]&&(c.supports.everythingExceptFlag=c.supports.everythingExceptFlag&&c.supports[j[i]]);c.supports.everythingExceptFlag=c.supports.everythingExceptFlag&&!c.supports.flag,c.DOMReady=!1,c.readyCallback=function(){c.DOMReady=!0},c.supports.everything||(h=function(){c.readyCallback()},b.addEventListener?(b.addEventListener(\"DOMContentLoaded\",h,!1),a.addEventListener(\"load\",h,!1)):(a.attachEvent(\"onload\",h),b.attachEvent(\"onreadystatechange\",function(){\"complete\"===b.readyState&&c.readyCallback()})),g=c.source||{},g.concatemoji?f(g.concatemoji):g.wpemoji&&g.twemoji&&(f(g.twemoji),f(g.wpemoji)))}(window,document,window._wpemojiSettings);\n\t\t</script>\n\t\t<style type=\"text/css\">\nimg.wp-smiley,\nimg.emoji {\n\tdisplay: inline !important;\n\tborder: none !important;\n\tbox-shadow: none !important;\n\theight: 1em !important;\n\twidth: 1em !important;\n\tmargin: 0 .07em !important;\n\tvertical-align: -0.1em !important;\n\tbackground: none !important;\n\tpadding: 0 !important;\n}\n</style>\n\t<link rel='stylesheet' id='genesis-sample-theme-css'  href='https://www.cs.uci.edu/wp-content/cs/themes/genesis-cs-retry/style.css?ver=2.1.2' type='text/css' media='all' />\n<link rel='stylesheet' id='wp-block-library-css'  href='https://www.cs.uci.edu/wp-includes/css/dist/block-library/style.min.css?ver=5.2.3' type='text/css' media='all' />\n<link rel='stylesheet' id='feedzy-rss-feeds-css'  href='https://www.cs.uci.edu/wp-content/cs/plugins/feedzy-rss-feeds/css/feedzy-rss-feeds.css?ver=3.3.2' type='text/css' media='all' />\n<link rel='stylesheet' id='collapseomatic-css-css'  href='https://www.cs.uci.edu/wp-content/cs/plugins/jquery-collapse-o-matic/light_style.css?ver=1.6' type='text/css' media='all' />\n<link rel='stylesheet' id='google-fonts-css'  href='//fonts.googleapis.com/css?family=Lato%3A300%2C400%2C700&#038;ver=2.1.2' type='text/css' media='all' />\n<link rel='stylesheet' id='slider_styles-css'  href='https://www.cs.uci.edu/wp-content/cs/plugins/genesis-responsive-slider/style.css?ver=0.9.5' type='text/css' media='all' />\n<script type='text/javascript' src='https://www.cs.uci.edu/wp-includes/js/jquery/jquery.js?ver=1.12.4-wp'></script>\n<script type='text/javascript' src='https://www.cs.uci.edu/wp-includes/js/jquery/jquery-migrate.min.js?ver=1.4.1'></script>\n<!--[if lt IE 9]>\n<script type='text/javascript' src='https://www.cs.uci.edu/wp-content/cs/themes/genesis/lib/js/html5shiv.min.js?ver=3.7.3'></script>\n<![endif]-->\n<script type='text/javascript' src='https://www.cs.uci.edu/wp-content/cs/themes/genesis-cs-retry/js/jquery.collapse.js?ver=5.2.3'></script>\n<link rel='https://api.w.org/' href='https://www.cs.uci.edu/wp-json/' />\n<link rel=\"EditURI\" type=\"application/rsd+xml\" title=\"RSD\" href=\"https://www.cs.uci.edu/xmlrpc.php?rsd\" />\n<meta name=\"tec-api-version\" content=\"v1\"><meta name=\"tec-api-origin\" content=\"https://www.cs.uci.edu\"><link rel=\"https://theeventscalendar.com/\" href=\"https://www.cs.uci.edu/wp-json/tribe/events/v1/\" /><link rel=\"icon\" href=\"https://www.cs.uci.edu/wp-content/cs/themes/genesis-cs-retry/images/favicon.ico\" />\n<link rel=\"pingback\" href=\"https://www.cs.uci.edu/xmlrpc.php\" />\n<link rel=\"prev\" href=\"https://www.cs.uci.edu/news/page/4/\" />\n<link rel=\"next\" href=\"https://www.cs.uci.edu/news/page/6/\" />\n\t\t<style type=\"text/css\" id=\"wp-custom-css\">\n\t\t\t.job-ops .name{\n\twidth:53% !important;\n\tfont-size:.95em !important;\n\tline-height:1.5em !important;\n}\n.job-ops .job-number{\n\twidth:23% !important;\n\tfont-size:.75em !important;\n}\n.job-ops .submission-dates{\n\twidth:53% !important;\n\tfont-size:.95em !important;\n\tline-height:1.5em !important;\n}\n\n.people_table img{\n\twidth:150px;\n}\n\n.apply-now-btn{\n\tborder:1px solid #ffffff;\n\tborder-radius:3px;\n\tpadding:7px 15px 7px 15px;\n}\n.undergrad-tbl td{padding:10px;}\n.staffcsl-tbl td{padding:10px;}\n\n\n.rss_header { display: none;}\t\t</style>\n\t\t</head>\n<body class=\"blog paged paged-5 tribe-no-js header-image full-width-content elementor-default\" itemscope itemtype=\"http://schema.org/WebPage\"><div class=\"site-container\"><header class=\"site-header\" itemscope itemtype=\"http://schema.org/WPHeader\"><div class=\"wrap\"><div class=\"title-area\"><h1 class=\"site-title\">\n\n      <div id='dept_header'>\n\n         <a id='dept_link' href='http://www.cs.uci.edu/' TITLE='Department of Computer Science in the Donald Bren School of Information and Computer Sciences @ UC Irvine'></a>\n\n         <a id='uci_link' href='http://www.uci.edu/' TITLE='University of California, Irvine'></a>\n\n         <a id='school_link' href='http://www.ics.uci.edu/' TITLE='Donald Bren School of Information and Computer Sciences'></a>\n\n      </div>\n\n   </h1></div><div class=\"widget-area header-widget-area\"><section id=\"search-4\" class=\"widget widget_search\"><div class=\"widget-wrap\"><form class=\"search-form\" itemprop=\"potentialAction\" itemscope itemtype=\"http://schema.org/SearchAction\" method=\"get\" action=\"https://www.cs.uci.edu/\" role=\"search\"><meta itemprop=\"target\" content=\"https://www.cs.uci.edu/?s={s}\"/><input itemprop=\"query-input\" type=\"search\" name=\"s\" placeholder=\"Search this site...\" /><input type=\"submit\" value=\"Search\"  /></form></div></section>\n</div></div></header><nav class=\"nav-primary\" itemscope itemtype=\"http://schema.org/SiteNavigationElement\"><div class=\"wrap\"><ul id=\"menu-header-menu\" class=\"menu genesis-nav-menu menu-primary\"><li id=\"menu-item-17\" class=\"menu-item menu-item-type-post_type menu-item-object-page menu-item-has-children menu-item-17\"><a href=\"https://www.cs.uci.edu/about-the-department/\" itemprop=\"url\"><span itemprop=\"name\">Explore</span></a>\n<ul class=\"sub-menu\">\n\t<li id=\"menu-item-58\" class=\"menu-item menu-item-type-post_type menu-item-object-page menu-item-58\"><a href=\"https://www.cs.uci.edu/contact/\" itemprop=\"url\"><span itemprop=\"name\">Contact Us</span></a></li>\n</ul>\n</li>\n<li id=\"menu-item-16\" class=\"menu-item menu-item-type-post_type menu-item-object-page menu-item-16\"><a href=\"https://www.cs.uci.edu/faculty/\" itemprop=\"url\"><span itemprop=\"name\">Faculty</span></a></li>\n<li id=\"menu-item-18\" class=\"menu-item menu-item-type-custom menu-item-object-custom menu-item-has-children menu-item-18\"><a href=\"#\" itemprop=\"url\"><span itemprop=\"name\">Research</span></a>\n<ul class=\"sub-menu\">\n\t<li id=\"menu-item-2407\" class=\"menu-item menu-item-type-post_type menu-item-object-page menu-item-2407\"><a href=\"https://www.cs.uci.edu/cs-research-areas/\" itemprop=\"url\"><span itemprop=\"name\">Research Areas</span></a></li>\n\t<li id=\"menu-item-50\" class=\"menu-item menu-item-type-post_type menu-item-object-page menu-item-50\"><a href=\"https://www.cs.uci.edu/research-centers/\" itemprop=\"url\"><span itemprop=\"name\">Research Centers</span></a></li>\n</ul>\n</li>\n<li id=\"menu-item-370\" class=\"menu-item menu-item-type-custom menu-item-object-custom menu-item-has-children menu-item-370\"><a href=\"#\" itemprop=\"url\"><span itemprop=\"name\">Graduate Degrees</span></a>\n<ul class=\"sub-menu\">\n\t<li id=\"menu-item-372\" class=\"menu-item menu-item-type-post_type menu-item-object-page menu-item-372\"><a href=\"https://www.cs.uci.edu/graduate-computer-science-programs/\" itemprop=\"url\"><span itemprop=\"name\">Computer Science Programs</span></a></li>\n\t<li id=\"menu-item-371\" class=\"menu-item menu-item-type-post_type menu-item-object-page menu-item-371\"><a href=\"https://www.cs.uci.edu/current-graduate-students/\" itemprop=\"url\"><span itemprop=\"name\">Current Graduate Students</span></a></li>\n</ul>\n</li>\n<li id=\"menu-item-1915\" class=\"menu-item menu-item-type-post_type menu-item-object-page menu-item-1915\"><a href=\"https://www.cs.uci.edu/undergraduate-programs/\" itemprop=\"url\"><span itemprop=\"name\">Undergraduate Degrees</span></a></li>\n<li id=\"menu-item-1382\" class=\"menu-item menu-item-type-custom menu-item-object-custom menu-item-has-children menu-item-1382\"><a href=\"#\" itemprop=\"url\"><span itemprop=\"name\">News  &#038; Events</span></a>\n<ul class=\"sub-menu\">\n\t<li id=\"menu-item-1688\" class=\"menu-item menu-item-type-custom menu-item-object-custom menu-item-1688\"><a href=\"/news\" itemprop=\"url\"><span itemprop=\"name\">News</span></a></li>\n\t<li id=\"menu-item-1423\" class=\"menu-item menu-item-type-custom menu-item-object-custom menu-item-1423\"><a href=\"/events/computer-science-seminar-series/\" itemprop=\"url\"><span itemprop=\"name\">Seminar Series</span></a></li>\n\t<li id=\"menu-item-1655\" class=\"menu-item menu-item-type-custom menu-item-object-custom menu-item-1655\"><a href=\"/events/distinguished-lecture-series/\" itemprop=\"url\"><span itemprop=\"name\">Distinguished Lecture Series</span></a></li>\n\t<li id=\"menu-item-1442\" class=\"menu-item menu-item-type-custom menu-item-object-custom menu-item-1442\"><a href=\"/event/2017-computer-science-research-showcase/\" itemprop=\"url\"><span itemprop=\"name\">Research Showcase</span></a></li>\n</ul>\n</li>\n<li id=\"menu-item-1873\" class=\"menu-item menu-item-type-custom menu-item-object-custom menu-item-has-children menu-item-1873\"><a href=\"#\" itemprop=\"url\"><span itemprop=\"name\"><span class=\"apply-now-btn\">Apply Now</span></span></a>\n<ul class=\"sub-menu\">\n\t<li id=\"menu-item-1875\" class=\"menu-item menu-item-type-custom menu-item-object-custom menu-item-1875\"><a target=\"_blank\" rel=\"noopener noreferrer\" href=\"https://www.admissions.uci.edu/apply/index.php\" itemprop=\"url\"><span itemprop=\"name\">Undergraduate Admissions</span></a></li>\n\t<li id=\"menu-item-1874\" class=\"menu-item menu-item-type-custom menu-item-object-custom menu-item-1874\"><a target=\"_blank\" rel=\"noopener noreferrer\" href=\"https://apply.grad.uci.edu/apply/\" itemprop=\"url\"><span itemprop=\"name\">Graduate Admissions</span></a></li>\n\t<li id=\"menu-item-1927\" class=\"menu-item menu-item-type-post_type menu-item-object-page menu-item-1927\"><a href=\"https://www.cs.uci.edu/job-opportunities/\" itemprop=\"url\"><span itemprop=\"name\">Faculty Candidates</span></a></li>\n</ul>\n</li>\n</ul></div></nav><div class=\"site-inner\"><div class=\"content-sidebar-wrap\"><main class=\"content\"><article class=\"post-2152 post type-post status-publish format-standard category-uncategorized entry\" itemscope itemtype=\"http://schema.org/CreativeWork\"><header class=\"entry-header\"><h1 class=\"entry-title\" itemprop=\"headline\"><a href=\"https://www.cs.uci.edu/securing-self-driving-and-smart-transportation/\" rel=\"bookmark\">Securing Self-Driving and Smart Transportation</a></h1> \n<p class=\"entry-meta\"><time class=\"entry-time\" itemprop=\"datePublished\" datetime=\"2019-03-12T13:35:16-07:00\">March 12, 2019</time> </p></header><div class=\"entry-content\" itemprop=\"text\">\n<p>We are on the verge of a major shift in transportation, with&nbsp;<a href=\"https://www.wired.com/story/guide-self-driving-cars/\" target=\"_blank\" rel=\"noreferrer noopener\">self-driving vehicles</a>&nbsp;starting to appear on&nbsp;<a href=\"https://www.wired.com/story/when-self-driving-cars-will-arrive-where/\" target=\"_blank\" rel=\"noreferrer noopener\">various roadways</a>. When sensor data takes control of the wheel, the goal is fewer accidents, given that 94 percent of accidents are caused by&nbsp;<a href=\"https://www.digitaltrends.com/cars/2016-nhtsa-fatality-report/\" target=\"_blank\" rel=\"noreferrer noopener\">human error</a>. But what happens when such sensor data comes under attack?</p>\n\n\n\n <a href=\"https://www.cs.uci.edu/securing-self-driving-and-smart-transportation/#more-2152\" class=\"more-link\">[Read more&#8230;]</a></div><footer class=\"entry-footer\"></footer></article><article class=\"post-2147 post type-post status-publish format-standard category-noteworthy-achievement entry\" itemscope itemtype=\"http://schema.org/CreativeWork\"><header class=\"entry-header\"><h1 class=\"entry-title\" itemprop=\"headline\"><a href=\"https://www.cs.uci.edu/ics-researchers-win-ndss-poster-award/\" rel=\"bookmark\">ICS Researchers Win NDSS Poster Award</a></h1> \n<p class=\"entry-meta\"><time class=\"entry-time\" itemprop=\"datePublished\" datetime=\"2019-03-07T08:21:28-07:00\">March 7, 2019</time> </p></header><div class=\"entry-content\" itemprop=\"text\">\n<p>For autonomous vehicles (AVs) to be safe, their systems must not only be accurate but also secure \u2014 how do AVs defend against attacks? A group of researchers from the Donald Bren School of Information and Computer Sciences (<a href=\"https://www.ics.uci.edu/\">ICS</a>) is exploring this, looking in particular at GPS spoofing attacks. The group recently received the <a href=\"https://www.ndss-symposium.org/ndss2019/\">Distinguished Poster Presentation</a> Award for new work at the Network and Distributed System Security (<a href=\"https://www.ndss-symposium.org/\">NDSS</a>) Symposium, a top-tier academic conference in computer security.<br /></p>\n\n\n\n <a href=\"https://www.cs.uci.edu/ics-researchers-win-ndss-poster-award/#more-2147\" class=\"more-link\">[Read more&#8230;]</a></div><footer class=\"entry-footer\"></footer></article><article class=\"post-2080 post type-post status-publish format-standard category-feature entry\" itemscope itemtype=\"http://schema.org/CreativeWork\"><header class=\"entry-header\"><h1 class=\"entry-title\" itemprop=\"headline\"><a href=\"https://www.cs.uci.edu/senior-spotlight-uci-sets-up-dante-chakravorti-for-continued-success-in-computer-science-and-volleyball-after-graduation/\" rel=\"bookmark\">Senior Spotlight: UCI Sets Up Dante Chakravorti for Continued Success in Computer Science and Volleyball After Graduation</a></h1> \n<p class=\"entry-meta\"><time class=\"entry-time\" itemprop=\"datePublished\" datetime=\"2019-03-04T13:36:12-07:00\">March 4, 2019</time> </p></header><div class=\"entry-content\" itemprop=\"text\">\n<div class=\"wp-block-image\"><figure class=\"aligncenter is-resized\"><img src=\"https://www.cs.uci.edu/wp-content/cs/uploads/Dante-Chakravorti-MVB-2019-1024x682.jpg\" alt=\"\" class=\"wp-image-2081\" width=\"512\" height=\"341\" srcset=\"https://www.cs.uci.edu/wp-content/cs/uploads/Dante-Chakravorti-MVB-2019-1024x682.jpg 1024w, https://www.cs.uci.edu/wp-content/cs/uploads/Dante-Chakravorti-MVB-2019-300x200.jpg 300w, https://www.cs.uci.edu/wp-content/cs/uploads/Dante-Chakravorti-MVB-2019-768x512.jpg 768w\" sizes=\"(max-width: 512px) 100vw, 512px\" /><figcaption> <strong>Senior setter Dante Chakravorti \u00a0in action. <em>(Glenn Feingerts/UCI Athletics)</em></strong></figcaption></figure></div>\n\n\n\n <a href=\"https://www.cs.uci.edu/senior-spotlight-uci-sets-up-dante-chakravorti-for-continued-success-in-computer-science-and-volleyball-after-graduation/#more-2080\" class=\"more-link\">[Read more&#8230;]</a></div><footer class=\"entry-footer\"></footer></article><article class=\"post-2063 post type-post status-publish format-standard category-uncategorized entry\" itemscope itemtype=\"http://schema.org/CreativeWork\"><header class=\"entry-header\"><h1 class=\"entry-title\" itemprop=\"headline\"><a href=\"https://www.cs.uci.edu/professor-scott-jordan-testifies-at-california-assemblys-privacy-hearing/\" rel=\"bookmark\">Professor Scott Jordan Testifies at California Assembly&#8217;s Privacy Hearing</a></h1> \n<p class=\"entry-meta\"><time class=\"entry-time\" itemprop=\"datePublished\" datetime=\"2019-02-28T14:01:25-07:00\">February 28, 2019</time> </p></header><div class=\"entry-content\" itemprop=\"text\">\n<p>Computer Science Professor Scott Jordan testified before the California State Assembly\u2019s Committee on Privacy and Consumer Protection on Feb. 20, 2019. The topic of the informational hearing was \u201cUnderstanding the Rights, Protections, and Obligations Established by the California Consumer Privacy Act of 2018: Where should California go from here?\u201d and Jordan spoke among others during the portion on \u201cLooking Ahead: Marinating a Lead in Privacy.\u201d</p>\n\n\n\n <a href=\"https://www.cs.uci.edu/professor-scott-jordan-testifies-at-california-assemblys-privacy-hearing/#more-2063\" class=\"more-link\">[Read more&#8230;]</a></div><footer class=\"entry-footer\"></footer></article><article class=\"post-2060 post type-post status-publish format-standard category-feature entry\" itemscope itemtype=\"http://schema.org/CreativeWork\"><header class=\"entry-header\"><h1 class=\"entry-title\" itemprop=\"headline\"><a href=\"https://www.cs.uci.edu/pierre-baldis-transformative-ai-leadership/\" rel=\"bookmark\">Pierre Baldi\u2019s Transformative AI Leadership</a></h1> \n<p class=\"entry-meta\"><time class=\"entry-time\" itemprop=\"datePublished\" datetime=\"2019-02-28T13:40:19-07:00\">February 28, 2019</time> </p></header><div class=\"entry-content\" itemprop=\"text\">\n<div class=\"wp-block-image\"><figure class=\"alignright is-resized\"><img src=\"http://www.cs.uci.edu/wp-content/cs/uploads/PierreBaldi-819x1024.jpg\" alt=\"\" class=\"wp-image-1350\" width=\"205\" height=\"256\" srcset=\"https://www.cs.uci.edu/wp-content/cs/uploads/PierreBaldi-819x1024.jpg 819w, https://www.cs.uci.edu/wp-content/cs/uploads/PierreBaldi-240x300.jpg 240w, https://www.cs.uci.edu/wp-content/cs/uploads/PierreBaldi-768x960.jpg 768w, https://www.cs.uci.edu/wp-content/cs/uploads/PierreBaldi.jpg 1000w\" sizes=\"(max-width: 205px) 100vw, 205px\" /></figure></div>\n\n\n\n<p>At the end of January, Distinguished&nbsp;Professor of Computer Science&nbsp;<a href=\"http://www.igb.uci.edu/~pfbaldi/\" target=\"_blank\" rel=\"noreferrer noopener\">Pierre Baldi</a>&nbsp;was recognized for his significant contributions to artificial intelligence (AI). He made the list of&nbsp;innovative and entrepreneurial AI leaders&nbsp;compiled by<a href=\"https://www.dka.global/\" target=\"_blank\" rel=\"noreferrer noopener\">Deep Knowledge Analytics</a>&nbsp;in its&nbsp;<a href=\"https://www.linkedin.com/pulse/top-100-ai-leaders-drug-discovery-advanced-healthcare-colangelo/\" target=\"_blank\" rel=\"noreferrer noopener\">report</a>, \u201cTop 100 AI Leaders in Drug Discovery and Advanced Healthcare.\u201d It is no surprise to see Baldi on the list, given his application of AI to&nbsp;detect everything from&nbsp;<a href=\"https://www.ncbi.nlm.nih.gov/pubmed/28113340\" target=\"_blank\" rel=\"noreferrer noopener\">cardiovascular disease</a>&nbsp;and<a href=\"https://www.ncbi.nlm.nih.gov/pubmed/28364643\" target=\"_blank\" rel=\"noreferrer noopener\">spinal metastasis</a>&nbsp;to&nbsp;<a href=\"https://www.gastrojournal.org/article/S0016-5085(18)34659-6/fulltext\" target=\"_blank\" rel=\"noreferrer noopener\">colorectal cancers</a>&nbsp;and&nbsp;<a href=\"http://www.ajnr.org/content/early/2018/05/10/ajnr.A5667\" target=\"_blank\" rel=\"noreferrer noopener\">glioma in the brain</a>. His research collaborations are helping medical professionals greatly improve diagnostic techniques and advance healthcare.</p>\n\n\n\n <a href=\"https://www.cs.uci.edu/pierre-baldis-transformative-ai-leadership/#more-2060\" class=\"more-link\">[Read more&#8230;]</a></div><footer class=\"entry-footer\"></footer></article><article class=\"post-2052 post type-post status-publish format-standard category-article entry\" itemscope itemtype=\"http://schema.org/CreativeWork\"><header class=\"entry-header\"><h1 class=\"entry-title\" itemprop=\"headline\"><a href=\"https://www.cs.uci.edu/abc-australian-citizens-are-unwitting-combatants-in-cyberspace-defence-boss-says/\" rel=\"bookmark\">ABC: &#8220;Australian citizens are unwitting &#8216;combatants&#8217; in cyberspace, Defence boss says&#8221;</a></h1> \n<p class=\"entry-meta\"><time class=\"entry-time\" itemprop=\"datePublished\" datetime=\"2019-02-19T13:14:41-07:00\">February 19, 2019</time> </p></header><div class=\"entry-content\" itemprop=\"text\">\n<p>\nThe cybersecurity threat could come to resemble the Dunkirk evacuation \nof World War II, suggested Bryan Cunningham, executive director of the \nCybersecurity Policy and Research Institute at the University of \nCalifornia, Irvine. \u2026 \u201cIf there\u2019s a significant cyber conflict, a \u2018Cyber\n World War\u2019 if you will \u2014 we\u2019re going to be in that same situation [as \nDunkirk],\u201d Mr Cunningham told the ABC. At least in the beginning stages \nof an online conflict, he suggested, it will be civilians and civilian \ninfrastructure under attack and by necessity it will be civilians that \ndefend it.\n\n</p>\n\n\n\n<p><em>Read the full story at the <a href=\"https://www.abc.net.au/news/science/2019-02-18/defence-boss-citizens-unwitting-combatants-cyberspace/10822588\" target=\"_blank\" rel=\"noreferrer noopener\" aria-label=\"ABC (opens in a new tab)\">ABC</a>.</em></p>\n</div><footer class=\"entry-footer\"></footer></article><article class=\"post-2049 post type-post status-publish format-standard category-article entry\" itemscope itemtype=\"http://schema.org/CreativeWork\"><header class=\"entry-header\"><h1 class=\"entry-title\" itemprop=\"headline\"><a href=\"https://www.cs.uci.edu/forbes-the-100-leading-pioneers-of-ai-drug-development-pierre-baldi-named/\" rel=\"bookmark\">Forbes: &#8220;The 100 Leading Pioneers Of AI Drug Development&#8221; (Pierre Baldi named)</a></h1> \n<p class=\"entry-meta\"><time class=\"entry-time\" itemprop=\"datePublished\" datetime=\"2019-02-19T09:09:50-07:00\">February 19, 2019</time> </p></header><div class=\"entry-content\" itemprop=\"text\">\n<p>The profile of these people is quite interesting as 43% of them come from Academia. It seems that some of the big brains of the planet have targeted their efforts on improving human life and possibly extending the lifespan. The impact of AI leaders in this category is characterized by a high number of peer-reviewed publications, a high level of citation, pioneering roles in theoretical or engineering of ML/AI for drug discovery, a notable theoretical breakthrough, a technical invention, or a widely adopted commercial model.</p>\n\n\n\n<p><em>Read the full story at </em><a rel=\"noreferrer noopener\" aria-label=\"Forbes (opens in a new tab)\" href=\"https://www.forbes.com/sites/yiannismouratidis/2019/02/13/the-100-leading-pioneers-of-ai-drug-development/#6d130bca4598\" target=\"_blank\"><em>Forbes</em></a><em>.</em></p>\n</div><footer class=\"entry-footer\"></footer></article><article class=\"post-2047 post type-post status-publish format-standard category-uncategorized entry\" itemscope itemtype=\"http://schema.org/CreativeWork\"><header class=\"entry-header\"><h1 class=\"entry-title\" itemprop=\"headline\"><a href=\"https://www.cs.uci.edu/cpri-receives-1-4m-gift-for-securing-the-seams-of-the-internet-of-everything/\" rel=\"bookmark\">CPRI Receives $1.4M Gift for Securing the Seams of the Internet of Everything</a></h1> \n<p class=\"entry-meta\"><time class=\"entry-time\" itemprop=\"datePublished\" datetime=\"2019-02-15T14:24:04-07:00\">February 15, 2019</time> </p></header><div class=\"entry-content\" itemprop=\"text\">\n<div class=\"wp-block-image\"><figure class=\"alignright is-resized\"><img src=\"http://www.cs.uci.edu/wp-content/cs/uploads/pexels-photo-1054397-683x1024.jpeg\" alt=\"\" class=\"wp-image-2056\" width=\"171\" height=\"256\" srcset=\"https://www.cs.uci.edu/wp-content/cs/uploads/pexels-photo-1054397-683x1024.jpeg 683w, https://www.cs.uci.edu/wp-content/cs/uploads/pexels-photo-1054397-200x300.jpeg 200w, https://www.cs.uci.edu/wp-content/cs/uploads/pexels-photo-1054397-768x1152.jpeg 768w, https://www.cs.uci.edu/wp-content/cs/uploads/pexels-photo-1054397.jpeg 1000w\" sizes=\"(max-width: 171px) 100vw, 171px\" /></figure></div>\n\n\n\n<p>The Herman P. &amp; Sophia Taubman Foundation has provided a generous\n gift of $1.4 million to UCI\u2019s Cybersecurity Policy &amp; Research \nInstitute (<a href=\"https://cpri.uci.edu/\">CPRI</a>), led by Executive Director <a href=\"https://cpri.uci.edu/leadership/uci-leadership/bryan-cunningham-bio/\">Bryan Cunningham</a>.\n Founded in the 1960s by the six children of Herman and Sophia Taubman, \nthe foundation aims to promote the advancement of scientific research, \nhigher education and community philanthropy. Six Taubman cousins manage \nthe foundation, including attorney <a href=\"https://www.linkedin.com/in/perry-taubman-9627b699/\">Perry Taubman</a>, currentlya\n visiting scholar at UC San Diego researching autonomous agents for \nmedical diagnosis and insurance coding. Taubman and his cousins \nunderstand the crucial need for research focused on cybersecurity and \nthe emerging Internet of Everything (IoE) \u2014 that is, the interaction \nbetween the traditional internet and the hundreds of millions of \nconnected Internet of Things (IoT) devices.</p>\n\n\n\n <a href=\"https://www.cs.uci.edu/cpri-receives-1-4m-gift-for-securing-the-seams-of-the-internet-of-everything/#more-2047\" class=\"more-link\">[Read more&#8230;]</a></div><footer class=\"entry-footer\"></footer></article><article class=\"post-2044 post type-post status-publish format-standard category-feature category-noteworthy-achievement entry\" itemscope itemtype=\"http://schema.org/CreativeWork\"><header class=\"entry-header\"><h1 class=\"entry-title\" itemprop=\"headline\"><a href=\"https://www.cs.uci.edu/ics-honors-four-alumni-at-2019-hall-of-fame-celebration/\" rel=\"bookmark\">ICS Honors Four Alumni at 2019 Hall of Fame Celebration</a></h1> \n<p class=\"entry-meta\"><time class=\"entry-time\" itemprop=\"datePublished\" datetime=\"2019-02-15T08:15:12-07:00\">February 15, 2019</time> </p></header><div class=\"entry-content\" itemprop=\"text\">\n<p>On Friday, Feb. 8, the Donald Bren School of Information and Computer Sciences (<a href=\"https://www.ics.uci.edu/\">ICS</a>) inducted four esteemed alumni into its <a href=\"https://tech.uci.edu/halloffame/\">Hall of Fame</a>. In a joint ceremony with UCI\u2019s Schools of Engineering and Physical Sciences and their own <a href=\"http://tech.uci.edu/halloffame2019/inductees-current\">2019 inductees</a>, ICS celebrated the achievements of its newest inductees in the impressive expanse of the Tustin Hangar. Noted for being one of the largest wooden structures in the world, the immense venue \u2014 with a rotating spotlight highlighting the vast open space surrounding the vibrant central event \u2014 seemed a perfect reflection of the far-reaching accomplishments of the night\u2019s inductees.<br /></p>\n\n\n\n <a href=\"https://www.cs.uci.edu/ics-honors-four-alumni-at-2019-hall-of-fame-celebration/#more-2044\" class=\"more-link\">[Read more&#8230;]</a></div><footer class=\"entry-footer\"></footer></article><article class=\"post-2014 post type-post status-publish format-standard category-article entry\" itemscope itemtype=\"http://schema.org/CreativeWork\"><header class=\"entry-header\"><h1 class=\"entry-title\" itemprop=\"headline\"><a href=\"https://www.cs.uci.edu/uci-news-improved-land-management-project-co-led-by-uci-gets-4-6-million-in-state-funding-padhraic-smyth-research-group-mentioned/\" rel=\"bookmark\">UCI News: &#8220;Improved land management project co-led by UCI gets $4.6 million in state funding&#8221; (Padhraic Smyth research group mentioned)</a></h1> \n<p class=\"entry-meta\"><time class=\"entry-time\" itemprop=\"datePublished\" datetime=\"2019-02-08T14:28:16-07:00\">February 8, 2019</time> </p></header><div class=\"entry-content\" itemprop=\"text\">\n<p>At UCI, an interdisciplinary group of researchers from three departments \u2013 Earth system science, computer science, and civil &amp; environmental engineering \u2013 will study and identify the most beneficial land management practices over the last few decades in terms of water conservation, forest health, fire resistance and carbon capture.</p>\n\n\n\n<p><em>Read the full story at </em><a rel=\"noreferrer noopener\" aria-label=\"UCI News (opens in a new tab)\" href=\"https://news.uci.edu/2019/02/06/improved-land-management-project-co-led-by-uci-gets-4-6-million-in-state-funding/\" target=\"_blank\"><em>UCI News</em></a><em>.</em><br></p>\n</div><footer class=\"entry-footer\"></footer></article><div class=\"archive-pagination pagination\"><ul><li class=\"pagination-previous\"><a href=\"https://www.cs.uci.edu/news/page/4/\" >&#x000AB; Previous Page</a></li>\n<li><a href=\"https://www.cs.uci.edu/news/\">1</a></li>\n<li class=\"pagination-omission\">&#x02026;</li>\n<li><a href=\"https://www.cs.uci.edu/news/page/3/\">3</a></li>\n<li><a href=\"https://www.cs.uci.edu/news/page/4/\">4</a></li>\n<li class=\"active\"  aria-label=\"Current page\"><a href=\"https://www.cs.uci.edu/news/page/5/\">5</a></li>\n<li><a href=\"https://www.cs.uci.edu/news/page/6/\">6</a></li>\n<li><a href=\"https://www.cs.uci.edu/news/page/7/\">7</a></li>\n<li class=\"pagination-omission\">&#x02026;</li>\n<li><a href=\"https://www.cs.uci.edu/news/page/22/\">22</a></li>\n<li class=\"pagination-next\"><a href=\"https://www.cs.uci.edu/news/page/6/\" >Next Page &#x000BB;</a></li>\n</ul></div>\n</main></div></div><footer class=\"site-footer\" itemscope itemtype=\"http://schema.org/WPFooter\"><div class=\"wrap\">\t\t\t<div class=\"group\">\n\n\t\t\t\t<div id=\"bren\">\n\t\t\t\t\t\t<a href=\"http://www.ics.uci.edu/\"><img src=\"//www.cs.uci.edu//wp-content/cs/uploads/DBren_InfoCompSc_logo-UPDATED.png\"></a>\n\t\t\t\t</div>\n\n\t\t\t\t<div class=\"footer-info\">\n\t\t\t\t\t<UL>\n\t\t\t\t\t   <LI>&copy; 2019 UC Regents</LI>\n\t\t\t\t\t   <LI><A HREF=\"mailto:communications@ics.uci.edu\">Feedback</A></LI>\n\t\t\t\t\t   <LI><A HREF=\"http://uci.edu/privacy/\">Privacy Policy</A></LI>\n\t\t\t\t\t</UL>\n\t\t\t\t</div><!-- .footer-info -->\n\n\t\t\t</div>\n\t</div></footer></div><script type='text/javascript'>\nvar colomatduration = 'fast';\nvar colomatslideEffect = 'slideFade';\n</script>\t\t<script>\n\t\t( function ( body ) {\n\t\t\t'use strict';\n\t\t\tbody.className = body.className.replace( /\\btribe-no-js\\b/, 'tribe-js' );\n\t\t} )( document.body );\n\t\t</script>\n\t\t<script>\n  (function(i,s,o,g,r,a,m){i['GoogleAnalyticsObject']=r;i[r]=i[r]||function(){\n  (i[r].q=i[r].q||[]).push(arguments)},i[r].l=1*new Date();a=s.createElement(o),\n  m=s.getElementsByTagName(o)[0];a.async=1;a.src=g;m.parentNode.insertBefore(a,m)\n  })(window,document,'script','https://www.google-analytics.com/analytics.js','ga');\n\n  ga('create', 'UA-605898-2', 'auto');\n  ga('send', 'pageview');\n\n</script>\n<script type='text/javascript'>jQuery(document).ready(function($) {$(\".flexslider\").flexslider({controlsContainer: \"#genesis-responsive-slider\",animation: \"fade\",directionNav: 0,controlNav: 1,animationDuration: 1000,slideshowSpeed: 10000    });  });</script><script> /* <![CDATA[ */var tribe_l10n_datatables = {\"aria\":{\"sort_ascending\":\": activate to sort column ascending\",\"sort_descending\":\": activate to sort column descending\"},\"length_menu\":\"Show _MENU_ entries\",\"empty_table\":\"No data available in table\",\"info\":\"Showing _START_ to _END_ of _TOTAL_ entries\",\"info_empty\":\"Showing 0 to 0 of 0 entries\",\"info_filtered\":\"(filtered from _MAX_ total entries)\",\"zero_records\":\"No matching records found\",\"search\":\"Search:\",\"all_selected_text\":\"All items on this page were selected. \",\"select_all_link\":\"Select all pages\",\"clear_selection\":\"Clear Selection.\",\"pagination\":{\"all\":\"All\",\"next\":\"Next\",\"previous\":\"Previous\"},\"select\":{\"rows\":{\"0\":\"\",\"_\":\": Selected %d rows\",\"1\":\": Selected 1 row\"}},\"datepicker\":{\"dayNames\":[\"Sunday\",\"Monday\",\"Tuesday\",\"Wednesday\",\"Thursday\",\"Friday\",\"Saturday\"],\"dayNamesShort\":[\"Sun\",\"Mon\",\"Tue\",\"Wed\",\"Thu\",\"Fri\",\"Sat\"],\"dayNamesMin\":[\"S\",\"M\",\"T\",\"W\",\"T\",\"F\",\"S\"],\"monthNames\":[\"January\",\"February\",\"March\",\"April\",\"May\",\"June\",\"July\",\"August\",\"September\",\"October\",\"November\",\"December\"],\"monthNamesShort\":[\"January\",\"February\",\"March\",\"April\",\"May\",\"June\",\"July\",\"August\",\"September\",\"October\",\"November\",\"December\"],\"nextText\":\"Next\",\"prevText\":\"Prev\",\"currentText\":\"Today\",\"closeText\":\"Done\"}};/* ]]> */ </script><script type='text/javascript' src='https://www.cs.uci.edu/wp-content/cs/plugins/jquery-collapse-o-matic/js/collapse.js?ver=1.6.5'></script>\n<script type='text/javascript' src='https://www.cs.uci.edu/wp-content/cs/plugins/genesis-responsive-slider/js/jquery.flexslider.js?ver=0.9.5'></script>\n<script type='text/javascript' src='https://www.cs.uci.edu/wp-includes/js/wp-embed.min.js?ver=5.2.3'></script>\n</body></html>\r\n", "encoding": "utf-8"}