{"url": "https://www.cs.uci.edu/senior-spotlight-kevin-kes-journey-from-guangzhou-to-uci-to-amazon/", "content": "<!DOCTYPE html>\n<html lang=\"en-US\">\n<head >\n<meta charset=\"UTF-8\" />\n<title>Senior Spotlight: Kevin Ke\u2019s Journey from Guangzhou to UCI to Amazon</title>\t\t<meta name=\"robots\" content=\"noodp,noydir\" />\n\t\t<meta name=\"viewport\" content=\"width=device-width, initial-scale=1\" />\n\n\t\t<style type=\"text/css\">\n\t\t\t.slide-excerpt { width: 50%; }\n\t\t\t.slide-excerpt { bottom: 0; }\n\t\t\t.slide-excerpt { left: 0; }\n\t\t\t.flexslider { max-width: 1180px; max-height: 340px; }\n\t\t\t.slide-image { max-height: 340px; }\n\t\t</style>\n\t\t<style type=\"text/css\">\n\t\t\t@media only screen\n\t\t\tand (min-device-width : 320px)\n\t\t\tand (max-device-width : 480px) {\n\t\t\t\t.slide-excerpt { display: none !important; }\n\t\t\t}\n\t\t</style> <link rel='dns-prefetch' href='//fonts.googleapis.com' />\n<link rel='dns-prefetch' href='//s.w.org' />\n<link rel=\"alternate\" type=\"application/rss+xml\" title=\"Department of Computer Science - Donald Bren School of Information &amp; Computer Sciences &raquo; Feed\" href=\"https://www.cs.uci.edu/feed/\" />\n<link rel=\"alternate\" type=\"application/rss+xml\" title=\"Department of Computer Science - Donald Bren School of Information &amp; Computer Sciences &raquo; Comments Feed\" href=\"https://www.cs.uci.edu/comments/feed/\" />\n<link rel=\"alternate\" type=\"text/calendar\" title=\"Department of Computer Science - Donald Bren School of Information &amp; Computer Sciences &raquo; iCal Feed\" href=\"https://www.cs.uci.edu/events/?ical=1\" />\n<link rel=\"canonical\" href=\"https://www.cs.uci.edu/senior-spotlight-kevin-kes-journey-from-guangzhou-to-uci-to-amazon/\" />\n\t\t<script type=\"text/javascript\">\n\t\t\twindow._wpemojiSettings = {\"baseUrl\":\"https:\\/\\/s.w.org\\/images\\/core\\/emoji\\/12.0.0-1\\/72x72\\/\",\"ext\":\".png\",\"svgUrl\":\"https:\\/\\/s.w.org\\/images\\/core\\/emoji\\/12.0.0-1\\/svg\\/\",\"svgExt\":\".svg\",\"source\":{\"concatemoji\":\"https:\\/\\/www.cs.uci.edu\\/wp-includes\\/js\\/wp-emoji-release.min.js?ver=5.2.3\"}};\n\t\t\t!function(a,b,c){function d(a,b){var c=String.fromCharCode;l.clearRect(0,0,k.width,k.height),l.fillText(c.apply(this,a),0,0);var d=k.toDataURL();l.clearRect(0,0,k.width,k.height),l.fillText(c.apply(this,b),0,0);var e=k.toDataURL();return d===e}function e(a){var b;if(!l||!l.fillText)return!1;switch(l.textBaseline=\"top\",l.font=\"600 32px Arial\",a){case\"flag\":return!(b=d([55356,56826,55356,56819],[55356,56826,8203,55356,56819]))&&(b=d([55356,57332,56128,56423,56128,56418,56128,56421,56128,56430,56128,56423,56128,56447],[55356,57332,8203,56128,56423,8203,56128,56418,8203,56128,56421,8203,56128,56430,8203,56128,56423,8203,56128,56447]),!b);case\"emoji\":return b=d([55357,56424,55356,57342,8205,55358,56605,8205,55357,56424,55356,57340],[55357,56424,55356,57342,8203,55358,56605,8203,55357,56424,55356,57340]),!b}return!1}function f(a){var c=b.createElement(\"script\");c.src=a,c.defer=c.type=\"text/javascript\",b.getElementsByTagName(\"head\")[0].appendChild(c)}var g,h,i,j,k=b.createElement(\"canvas\"),l=k.getContext&&k.getContext(\"2d\");for(j=Array(\"flag\",\"emoji\"),c.supports={everything:!0,everythingExceptFlag:!0},i=0;i<j.length;i++)c.supports[j[i]]=e(j[i]),c.supports.everything=c.supports.everything&&c.supports[j[i]],\"flag\"!==j[i]&&(c.supports.everythingExceptFlag=c.supports.everythingExceptFlag&&c.supports[j[i]]);c.supports.everythingExceptFlag=c.supports.everythingExceptFlag&&!c.supports.flag,c.DOMReady=!1,c.readyCallback=function(){c.DOMReady=!0},c.supports.everything||(h=function(){c.readyCallback()},b.addEventListener?(b.addEventListener(\"DOMContentLoaded\",h,!1),a.addEventListener(\"load\",h,!1)):(a.attachEvent(\"onload\",h),b.attachEvent(\"onreadystatechange\",function(){\"complete\"===b.readyState&&c.readyCallback()})),g=c.source||{},g.concatemoji?f(g.concatemoji):g.wpemoji&&g.twemoji&&(f(g.twemoji),f(g.wpemoji)))}(window,document,window._wpemojiSettings);\n\t\t</script>\n\t\t<style type=\"text/css\">\nimg.wp-smiley,\nimg.emoji {\n\tdisplay: inline !important;\n\tborder: none !important;\n\tbox-shadow: none !important;\n\theight: 1em !important;\n\twidth: 1em !important;\n\tmargin: 0 .07em !important;\n\tvertical-align: -0.1em !important;\n\tbackground: none !important;\n\tpadding: 0 !important;\n}\n</style>\n\t<link rel='stylesheet' id='genesis-sample-theme-css'  href='https://www.cs.uci.edu/wp-content/cs/themes/genesis-cs-retry/style.css?ver=2.1.2' type='text/css' media='all' />\n<link rel='stylesheet' id='wp-block-library-css'  href='https://www.cs.uci.edu/wp-includes/css/dist/block-library/style.min.css?ver=5.2.3' type='text/css' media='all' />\n<link rel='stylesheet' id='feedzy-rss-feeds-css'  href='https://www.cs.uci.edu/wp-content/cs/plugins/feedzy-rss-feeds/css/feedzy-rss-feeds.css?ver=3.3.2' type='text/css' media='all' />\n<link rel='stylesheet' id='collapseomatic-css-css'  href='https://www.cs.uci.edu/wp-content/cs/plugins/jquery-collapse-o-matic/light_style.css?ver=1.6' type='text/css' media='all' />\n<link rel='stylesheet' id='google-fonts-css'  href='//fonts.googleapis.com/css?family=Lato%3A300%2C400%2C700&#038;ver=2.1.2' type='text/css' media='all' />\n<link rel='stylesheet' id='slider_styles-css'  href='https://www.cs.uci.edu/wp-content/cs/plugins/genesis-responsive-slider/style.css?ver=0.9.5' type='text/css' media='all' />\n<script type='text/javascript' src='https://www.cs.uci.edu/wp-includes/js/jquery/jquery.js?ver=1.12.4-wp'></script>\n<script type='text/javascript' src='https://www.cs.uci.edu/wp-includes/js/jquery/jquery-migrate.min.js?ver=1.4.1'></script>\n<!--[if lt IE 9]>\n<script type='text/javascript' src='https://www.cs.uci.edu/wp-content/cs/themes/genesis/lib/js/html5shiv.min.js?ver=3.7.3'></script>\n<![endif]-->\n<script type='text/javascript' src='https://www.cs.uci.edu/wp-content/cs/themes/genesis-cs-retry/js/jquery.collapse.js?ver=5.2.3'></script>\n<link rel='https://api.w.org/' href='https://www.cs.uci.edu/wp-json/' />\n<link rel=\"EditURI\" type=\"application/rsd+xml\" title=\"RSD\" href=\"https://www.cs.uci.edu/xmlrpc.php?rsd\" />\n<link rel=\"alternate\" type=\"application/json+oembed\" href=\"https://www.cs.uci.edu/wp-json/oembed/1.0/embed?url=https%3A%2F%2Fwww.cs.uci.edu%2Fsenior-spotlight-kevin-kes-journey-from-guangzhou-to-uci-to-amazon%2F\" />\n<link rel=\"alternate\" type=\"text/xml+oembed\" href=\"https://www.cs.uci.edu/wp-json/oembed/1.0/embed?url=https%3A%2F%2Fwww.cs.uci.edu%2Fsenior-spotlight-kevin-kes-journey-from-guangzhou-to-uci-to-amazon%2F&#038;format=xml\" />\n<meta name=\"tec-api-version\" content=\"v1\"><meta name=\"tec-api-origin\" content=\"https://www.cs.uci.edu\"><link rel=\"https://theeventscalendar.com/\" href=\"https://www.cs.uci.edu/wp-json/tribe/events/v1/\" /><link rel=\"icon\" href=\"https://www.cs.uci.edu/wp-content/cs/themes/genesis-cs-retry/images/favicon.ico\" />\n<link rel=\"pingback\" href=\"https://www.cs.uci.edu/xmlrpc.php\" />\n\t\t<style type=\"text/css\" id=\"wp-custom-css\">\n\t\t\t.job-ops .name{\n\twidth:53% !important;\n\tfont-size:.95em !important;\n\tline-height:1.5em !important;\n}\n.job-ops .job-number{\n\twidth:23% !important;\n\tfont-size:.75em !important;\n}\n.job-ops .submission-dates{\n\twidth:53% !important;\n\tfont-size:.95em !important;\n\tline-height:1.5em !important;\n}\n\n.people_table img{\n\twidth:150px;\n}\n\n.apply-now-btn{\n\tborder:1px solid #ffffff;\n\tborder-radius:3px;\n\tpadding:7px 15px 7px 15px;\n}\n.undergrad-tbl td{padding:10px;}\n.staffcsl-tbl td{padding:10px;}\n\n\n.rss_header { display: none;}\t\t</style>\n\t\t</head>\n<body class=\"post-template-default single single-post postid-1326 single-format-standard tribe-no-js header-image content-sidebar elementor-default\" itemscope itemtype=\"http://schema.org/WebPage\"><div class=\"site-container\"><header class=\"site-header\" itemscope itemtype=\"http://schema.org/WPHeader\"><div class=\"wrap\"><div class=\"title-area\"><h1 class=\"site-title\">\n\n      <div id='dept_header'>\n\n         <a id='dept_link' href='http://www.cs.uci.edu/' TITLE='Department of Computer Science in the Donald Bren School of Information and Computer Sciences @ UC Irvine'></a>\n\n         <a id='uci_link' href='http://www.uci.edu/' TITLE='University of California, Irvine'></a>\n\n         <a id='school_link' href='http://www.ics.uci.edu/' TITLE='Donald Bren School of Information and Computer Sciences'></a>\n\n      </div>\n\n   </h1></div><div class=\"widget-area header-widget-area\"><section id=\"search-4\" class=\"widget widget_search\"><div class=\"widget-wrap\"><form class=\"search-form\" itemprop=\"potentialAction\" itemscope itemtype=\"http://schema.org/SearchAction\" method=\"get\" action=\"https://www.cs.uci.edu/\" role=\"search\"><meta itemprop=\"target\" content=\"https://www.cs.uci.edu/?s={s}\"/><input itemprop=\"query-input\" type=\"search\" name=\"s\" placeholder=\"Search this site...\" /><input type=\"submit\" value=\"Search\"  /></form></div></section>\n</div></div></header><nav class=\"nav-primary\" itemscope itemtype=\"http://schema.org/SiteNavigationElement\"><div class=\"wrap\"><ul id=\"menu-header-menu\" class=\"menu genesis-nav-menu menu-primary\"><li id=\"menu-item-17\" class=\"menu-item menu-item-type-post_type menu-item-object-page menu-item-has-children menu-item-17\"><a href=\"https://www.cs.uci.edu/about-the-department/\" itemprop=\"url\"><span itemprop=\"name\">Explore</span></a>\n<ul class=\"sub-menu\">\n\t<li id=\"menu-item-58\" class=\"menu-item menu-item-type-post_type menu-item-object-page menu-item-58\"><a href=\"https://www.cs.uci.edu/contact/\" itemprop=\"url\"><span itemprop=\"name\">Contact Us</span></a></li>\n</ul>\n</li>\n<li id=\"menu-item-16\" class=\"menu-item menu-item-type-post_type menu-item-object-page menu-item-16\"><a href=\"https://www.cs.uci.edu/faculty/\" itemprop=\"url\"><span itemprop=\"name\">Faculty</span></a></li>\n<li id=\"menu-item-18\" class=\"menu-item menu-item-type-custom menu-item-object-custom menu-item-has-children menu-item-18\"><a href=\"#\" itemprop=\"url\"><span itemprop=\"name\">Research</span></a>\n<ul class=\"sub-menu\">\n\t<li id=\"menu-item-2407\" class=\"menu-item menu-item-type-post_type menu-item-object-page menu-item-2407\"><a href=\"https://www.cs.uci.edu/cs-research-areas/\" itemprop=\"url\"><span itemprop=\"name\">Research Areas</span></a></li>\n\t<li id=\"menu-item-50\" class=\"menu-item menu-item-type-post_type menu-item-object-page menu-item-50\"><a href=\"https://www.cs.uci.edu/research-centers/\" itemprop=\"url\"><span itemprop=\"name\">Research Centers</span></a></li>\n</ul>\n</li>\n<li id=\"menu-item-370\" class=\"menu-item menu-item-type-custom menu-item-object-custom menu-item-has-children menu-item-370\"><a href=\"#\" itemprop=\"url\"><span itemprop=\"name\">Graduate Degrees</span></a>\n<ul class=\"sub-menu\">\n\t<li id=\"menu-item-372\" class=\"menu-item menu-item-type-post_type menu-item-object-page menu-item-372\"><a href=\"https://www.cs.uci.edu/graduate-computer-science-programs/\" itemprop=\"url\"><span itemprop=\"name\">Computer Science Programs</span></a></li>\n\t<li id=\"menu-item-371\" class=\"menu-item menu-item-type-post_type menu-item-object-page menu-item-371\"><a href=\"https://www.cs.uci.edu/current-graduate-students/\" itemprop=\"url\"><span itemprop=\"name\">Current Graduate Students</span></a></li>\n</ul>\n</li>\n<li id=\"menu-item-1915\" class=\"menu-item menu-item-type-post_type menu-item-object-page menu-item-1915\"><a href=\"https://www.cs.uci.edu/undergraduate-programs/\" itemprop=\"url\"><span itemprop=\"name\">Undergraduate Degrees</span></a></li>\n<li id=\"menu-item-1382\" class=\"menu-item menu-item-type-custom menu-item-object-custom menu-item-has-children menu-item-1382\"><a href=\"#\" itemprop=\"url\"><span itemprop=\"name\">News  &#038; Events</span></a>\n<ul class=\"sub-menu\">\n\t<li id=\"menu-item-1688\" class=\"menu-item menu-item-type-custom menu-item-object-custom menu-item-1688\"><a href=\"/news\" itemprop=\"url\"><span itemprop=\"name\">News</span></a></li>\n\t<li id=\"menu-item-1423\" class=\"menu-item menu-item-type-custom menu-item-object-custom menu-item-1423\"><a href=\"/events/computer-science-seminar-series/\" itemprop=\"url\"><span itemprop=\"name\">Seminar Series</span></a></li>\n\t<li id=\"menu-item-1655\" class=\"menu-item menu-item-type-custom menu-item-object-custom menu-item-1655\"><a href=\"/events/distinguished-lecture-series/\" itemprop=\"url\"><span itemprop=\"name\">Distinguished Lecture Series</span></a></li>\n\t<li id=\"menu-item-1442\" class=\"menu-item menu-item-type-custom menu-item-object-custom menu-item-1442\"><a href=\"/event/2017-computer-science-research-showcase/\" itemprop=\"url\"><span itemprop=\"name\">Research Showcase</span></a></li>\n</ul>\n</li>\n<li id=\"menu-item-1873\" class=\"menu-item menu-item-type-custom menu-item-object-custom menu-item-has-children menu-item-1873\"><a href=\"#\" itemprop=\"url\"><span itemprop=\"name\"><span class=\"apply-now-btn\">Apply Now</span></span></a>\n<ul class=\"sub-menu\">\n\t<li id=\"menu-item-1875\" class=\"menu-item menu-item-type-custom menu-item-object-custom menu-item-1875\"><a target=\"_blank\" rel=\"noopener noreferrer\" href=\"https://www.admissions.uci.edu/apply/index.php\" itemprop=\"url\"><span itemprop=\"name\">Undergraduate Admissions</span></a></li>\n\t<li id=\"menu-item-1874\" class=\"menu-item menu-item-type-custom menu-item-object-custom menu-item-1874\"><a target=\"_blank\" rel=\"noopener noreferrer\" href=\"https://apply.grad.uci.edu/apply/\" itemprop=\"url\"><span itemprop=\"name\">Graduate Admissions</span></a></li>\n\t<li id=\"menu-item-1927\" class=\"menu-item menu-item-type-post_type menu-item-object-page menu-item-1927\"><a href=\"https://www.cs.uci.edu/job-opportunities/\" itemprop=\"url\"><span itemprop=\"name\">Faculty Candidates</span></a></li>\n</ul>\n</li>\n</ul></div></nav><div class=\"site-inner\"><div class=\"content-sidebar-wrap\"><main class=\"content\"><article class=\"post-1326 post type-post status-publish format-standard category-feature entry\" itemscope itemtype=\"http://schema.org/CreativeWork\"><header class=\"entry-header\"><h1 class=\"entry-title\" itemprop=\"headline\">Senior Spotlight: Kevin Ke\u2019s Journey from Guangzhou to UCI to Amazon</h1> \n<p class=\"entry-meta\"><time class=\"entry-time\" itemprop=\"datePublished\" datetime=\"2018-04-09T17:39:17-07:00\">April 9, 2018</time> </p></header><div class=\"entry-content\" itemprop=\"text\"><p><i><a href=\"http://www.cs.uci.edu/wp-content/cs/uploads/SeniorSpotlight-KevinKe-Spring2018.jpg\"><img class=\"alignright size-medium wp-image-1327\" src=\"http://www.cs.uci.edu/wp-content/cs/uploads/SeniorSpotlight-KevinKe-Spring2018-225x300.jpg\" alt=\"\" width=\"225\" height=\"300\" srcset=\"https://www.cs.uci.edu/wp-content/cs/uploads/SeniorSpotlight-KevinKe-Spring2018-225x300.jpg 225w, https://www.cs.uci.edu/wp-content/cs/uploads/SeniorSpotlight-KevinKe-Spring2018-768x1024.jpg 768w, https://www.cs.uci.edu/wp-content/cs/uploads/SeniorSpotlight-KevinKe-Spring2018.jpg 1500w\" sizes=\"(max-width: 225px) 100vw, 225px\" /></a>If you visit the LinkedIn page of graduating senior\u00a0</i><a id=\"m_2291099793224841142LPlnk381843\" href=\"https://www.linkedin.com/in/zijia-ke-a23720113/\" target=\"_blank\" rel=\"noopener\" data-saferedirecturl=\"https://www.google.com/url?hl=en&amp;q=https://www.linkedin.com/in/zijia-ke-a23720113/&amp;source=gmail&amp;ust=1523377580936000&amp;usg=AFQjCNEUqhu14e4agrOITWHHHTAV4PvUAA\"><i>Kevin (Zijia) Ke</i></a><i>, you\u2019ll see several mottos, two of which are \u201cnever give up\u201d and \u201cstay positive.\u201d Such optimism no doubt helped the computer science major progress from being an undeclared freshman who spoke very little English in 2014 to being a senior who finished his coursework in Winter 2018, and now has a job offer from Amazon and graduate school admission letters from both UCI and UC San Diego.</i></p>\n<p><span id=\"more-1326\"></span></p>\n<p><b>Can you talk a bit about your path to UCI?</b><br />\nBasically, my path was really easy \u2014 just a flight from Guangzhou, China to LAX. That\u2019s it.</p>\n<p><b>You make it sound so simple!</b><br />\nI was a \u201ctraditional\u201d high school student in China, so I wasn\u2019t on the international track, which is for students who plan to study abroad. For traditional students, which Chinese college you attend depends on your score on the high school exit exam, but at the time, I wasn\u2019t the strongest student academically. I was involved in other activities. I was president of the student union and director of the high school prom \u2014 which was rare, because very few schools in China hold a prom. So I picked UCI because it was the best school on my list and it seemed really well-rounded, letting me explore many possible career paths.</p>\n<p><b>What about your decision to study computer science?</b><br />\nWhen I first entered as a freshman, I was undeclared, and then because both of my parents are accounting professors, I quickly switched to business economics. During my first quarter, I was only enrolled in three classes: economics, math and academic English \u2014 a requirement for international students. However, to explore my interests, I audited a lot of other classes, including psychology and French, but I was most attracted to drama, music and computer science. By the end of my first year, I had already taken two computer sciences classes. I had learned a lot about management and economics from my parents and during high school, but computer languages were new to me and I wanted to see if I could do something technical, so I decided to change my major.</p>\n<p><b>Have you had a favorite professor or class at UCI?</b><br />\n<a href=\"http://www.ics.uci.edu/~thornton/\" target=\"_blank\" rel=\"noopener\" >Alex Thornton</a>, my professor for ICS 32, helped push me to try computer science. ICS 32 was my second computer science class, which made me eligible to change my major. Thornton knew that this was the case for many of his students. So, in his last lecture, he talked about three groups of students. He said that by the end of ICS 32, one third of the students knew that they loved computer programming and wanted to change majors. He was pleased to have helped them explore their interest in computer languages. Another third had realized they definitely didn\u2019t want to study computer programming, and he was glad he helped them figure out that this wasn\u2019t the right career path for them. He then told the students between the two groups that they shouldn\u2019t give up on computer science just because it seems too hard. He said that other majors are hard too, so if you like computer programming but you\u2019re struggling, keep trying. I was in the middle group. I thought his projects were really interesting but challenging, and his exams were tricky, but after this conversation, I decided to give it a shot.</p>\n<p><b>Have you been involved in any activities at UCI?<br />\n</b>Because I was really involved in activities in high school, when I came to the U.S., I decided to pay more attention to my studies, which is why I audited all those classes. Plus, I had culture shock and language barriers, so for the first two years, I purely studied.</p>\n<p>By the end of my second year, because of my experience in switching majors, I applied to be an\u00a0<a href=\"https://www.ics.uci.edu/ugrad/sao/index.php\" target=\"_blank\" rel=\"noopener\" >academic advisor</a>\u00a0for the\u00a0<a href=\"http://www.ics.uci.edu/prospective/en/contact/student-affairs/\" target=\"_blank\" rel=\"noopener\" >ICS Student Affairs Office</a>. Working as an advisor was a really enjoyable and valuable experience. In addition to helping students, I got a lot out of it too in terms of learning how to communicate with many different people.</p>\n<p><b>What has been the best part of your experience at UCI?</b><br />\nI would say the\u00a0<a href=\"https://ic.uci.edu/programs/ecp.php\" target=\"_blank\" rel=\"noopener\" >English Conversation Program</a>. It\u2019s my secret weapon \u2014 it\u2019s why I can speak relatively fluent English. It\u2019s a class, 50 minutes per week, on English conversation, and you learn about U.S. culture as well. After a year of taking the class, I volunteered for the next three years as an English facilitator for the program. It helped me grow so much from 2014 to 2018.</p>\n<p><b>What are your plans for the future?</b><br />\nI\u2019m pretty lucky to have a job lined up and to have been admitted to grad school. Last summer, I had an internship at Amazon, and now I can work there as a software engineer. Traditional Chinese thinking really values your graduate degree though. An undergraduate degree isn\u2019t enough, because I eventually want to return to China. I\u2019m pleased to know that admissions officers value me as a computer science student, because I will go to graduate school eventually, even if not now. I think I\u2019m going be a programmer first to gain practical experience while earning enough money to later put myself through grad school.</p>\n<p><b>Do you have any advice for prospective students?</b><br />\nA lot of students struggle, not necessarily academically, but personally. College is difficult in terms of learning how to handle the realities of life \u2014 roommates, commuting and so on \u2014 while also focusing on your studies. Especially starting in your third year, you can\u2019t just focus on your classes. You also need to think about your future, lining up an internship or studying for the GRE. Find a good balance for everything. And for international students in particular, be brave. Everyone here is so nice. Don\u2019t be afraid to share your story and communicate with others.</p>\n<p>\u2014<i>\u00a0Shani Murray</i></p>\n<!--<rdf:RDF xmlns:rdf=\"http://www.w3.org/1999/02/22-rdf-syntax-ns#\"\n\t\t\txmlns:dc=\"http://purl.org/dc/elements/1.1/\"\n\t\t\txmlns:trackback=\"http://madskills.com/public/xml/rss/module/trackback/\">\n\t\t<rdf:Description rdf:about=\"https://www.cs.uci.edu/senior-spotlight-kevin-kes-journey-from-guangzhou-to-uci-to-amazon/\"\n    dc:identifier=\"https://www.cs.uci.edu/senior-spotlight-kevin-kes-journey-from-guangzhou-to-uci-to-amazon/\"\n    dc:title=\"Senior Spotlight: Kevin Ke\u2019s Journey from Guangzhou to UCI to Amazon\"\n    trackback:ping=\"https://www.cs.uci.edu/senior-spotlight-kevin-kes-journey-from-guangzhou-to-uci-to-amazon/trackback/\" />\n</rdf:RDF>-->\n</div><footer class=\"entry-footer\"></footer></article><div class=\"adjacent-entry-pagination pagination\"><div class=\"pagination-previous alignleft\"><a href=\"https://www.cs.uci.edu/dutt-kurdahi-awarded-nsf-grant-for-information-processing-factory-computer-chips/\" rel=\"prev\">&#x000AB; Dutt, Kurdahi Awarded NSF Grant for \u2018Information Processing Factory\u2019 Computer Chips</a></div><div class=\"pagination-next alignright\"><a href=\"https://www.cs.uci.edu/intel-parallel-universe-computer-vision-for-the-masses-bringing-computer-vision-to-the-open-web-platform/\" rel=\"next\">Intel Parallel Universe Magazine: &#8220;Computer Vision for the Masses: Bringing Computer Vision to the Open Web Platform&#8221; by CS Professors Alexandru Nicolau and Alexander Veidenbaum, and Ph.D. Candidate Sajjad Taheri &#x000BB;</a></div></div></main><aside class=\"sidebar sidebar-primary widget-area\" role=\"complementary\" aria-label=\"Primary Sidebar\" itemscope itemtype=\"http://schema.org/WPSideBar\">\t\t<section id=\"recent-posts-3\" class=\"widget widget_recent_entries\"><div class=\"widget-wrap\">\t\t<h4 class=\"widget-title widgettitle\">Latest news</h4>\n\t\t<ul>\n\t\t\t\t\t\t\t\t\t\t\t<li>\n\t\t\t\t\t<a href=\"https://www.cs.uci.edu/sangeetha-abdu-jyothi-attends-the-heidelberg-laureate-forum/\">Sangeetha Abdu Jyothi Attends the Heidelberg Laureate Forum</a>\n\t\t\t\t\t\t\t\t\t\t\t<span class=\"post-date\">October 8, 2019</span>\n\t\t\t\t\t\t\t\t\t</li>\n\t\t\t\t\t\t\t\t\t\t\t<li>\n\t\t\t\t\t<a href=\"https://www.cs.uci.edu/senior-spotlight-taneisha-arora-pursues-her-passions-from-working-in-industry-to-running-a-bakery/\">Senior Spotlight: Taneisha Arora Pursues Her Passions, From Working in Industry to Running a Bakery</a>\n\t\t\t\t\t\t\t\t\t\t\t<span class=\"post-date\">October 7, 2019</span>\n\t\t\t\t\t\t\t\t\t</li>\n\t\t\t\t\t\t\t\t\t\t\t<li>\n\t\t\t\t\t<a href=\"https://www.cs.uci.edu/ramesh-jain-wins-inaugural-ieee-tcmc-impact-award/\">Ramesh Jain Wins Inaugural IEEE TCMC Impact Award</a>\n\t\t\t\t\t\t\t\t\t\t\t<span class=\"post-date\">October 3, 2019</span>\n\t\t\t\t\t\t\t\t\t</li>\n\t\t\t\t\t\t\t\t\t\t\t<li>\n\t\t\t\t\t<a href=\"https://www.cs.uci.edu/uci-other-researchers-develop-deep-learning-technique-to-id-at-risk-anatomy-in-ct-scans/\">UCI, other researchers develop deep-learning technique to ID at-risk anatomy in CT scans</a>\n\t\t\t\t\t\t\t\t\t\t\t<span class=\"post-date\">October 2, 2019</span>\n\t\t\t\t\t\t\t\t\t</li>\n\t\t\t\t\t\t\t\t\t\t\t<li>\n\t\t\t\t\t<a href=\"https://www.cs.uci.edu/science-101-ai-solves-a-rubiks-cube-without-human-help-pierre-baldi-research-mentioned/\">Science 101: &#8220;AI solves a Rubik\u2019s cube without human help&#8221; (Pierre Baldi research mentioned)</a>\n\t\t\t\t\t\t\t\t\t\t\t<span class=\"post-date\">September 27, 2019</span>\n\t\t\t\t\t\t\t\t\t</li>\n\t\t\t\t\t</ul>\n\t\t</div></section>\n</aside></div></div><footer class=\"site-footer\" itemscope itemtype=\"http://schema.org/WPFooter\"><div class=\"wrap\">\t\t\t<div class=\"group\">\n\n\t\t\t\t<div id=\"bren\">\n\t\t\t\t\t\t<a href=\"http://www.ics.uci.edu/\"><img src=\"//www.cs.uci.edu//wp-content/cs/uploads/DBren_InfoCompSc_logo-UPDATED.png\"></a>\n\t\t\t\t</div>\n\n\t\t\t\t<div class=\"footer-info\">\n\t\t\t\t\t<UL>\n\t\t\t\t\t   <LI>&copy; 2019 UC Regents</LI>\n\t\t\t\t\t   <LI><A HREF=\"mailto:communications@ics.uci.edu\">Feedback</A></LI>\n\t\t\t\t\t   <LI><A HREF=\"http://uci.edu/privacy/\">Privacy Policy</A></LI>\n\t\t\t\t\t</UL>\n\t\t\t\t</div><!-- .footer-info -->\n\n\t\t\t</div>\n\t</div></footer></div><script type='text/javascript'>\nvar colomatduration = 'fast';\nvar colomatslideEffect = 'slideFade';\n</script>\t\t<script>\n\t\t( function ( body ) {\n\t\t\t'use strict';\n\t\t\tbody.className = body.className.replace( /\\btribe-no-js\\b/, 'tribe-js' );\n\t\t} )( document.body );\n\t\t</script>\n\t\t<script>\n  (function(i,s,o,g,r,a,m){i['GoogleAnalyticsObject']=r;i[r]=i[r]||function(){\n  (i[r].q=i[r].q||[]).push(arguments)},i[r].l=1*new Date();a=s.createElement(o),\n  m=s.getElementsByTagName(o)[0];a.async=1;a.src=g;m.parentNode.insertBefore(a,m)\n  })(window,document,'script','https://www.google-analytics.com/analytics.js','ga');\n\n  ga('create', 'UA-605898-2', 'auto');\n  ga('send', 'pageview');\n\n</script>\n<script type='text/javascript'>jQuery(document).ready(function($) {$(\".flexslider\").flexslider({controlsContainer: \"#genesis-responsive-slider\",animation: \"fade\",directionNav: 0,controlNav: 1,animationDuration: 1000,slideshowSpeed: 10000    });  });</script><script> /* <![CDATA[ */var tribe_l10n_datatables = {\"aria\":{\"sort_ascending\":\": activate to sort column ascending\",\"sort_descending\":\": activate to sort column descending\"},\"length_menu\":\"Show _MENU_ entries\",\"empty_table\":\"No data available in table\",\"info\":\"Showing _START_ to _END_ of _TOTAL_ entries\",\"info_empty\":\"Showing 0 to 0 of 0 entries\",\"info_filtered\":\"(filtered from _MAX_ total entries)\",\"zero_records\":\"No matching records found\",\"search\":\"Search:\",\"all_selected_text\":\"All items on this page were selected. \",\"select_all_link\":\"Select all pages\",\"clear_selection\":\"Clear Selection.\",\"pagination\":{\"all\":\"All\",\"next\":\"Next\",\"previous\":\"Previous\"},\"select\":{\"rows\":{\"0\":\"\",\"_\":\": Selected %d rows\",\"1\":\": Selected 1 row\"}},\"datepicker\":{\"dayNames\":[\"Sunday\",\"Monday\",\"Tuesday\",\"Wednesday\",\"Thursday\",\"Friday\",\"Saturday\"],\"dayNamesShort\":[\"Sun\",\"Mon\",\"Tue\",\"Wed\",\"Thu\",\"Fri\",\"Sat\"],\"dayNamesMin\":[\"S\",\"M\",\"T\",\"W\",\"T\",\"F\",\"S\"],\"monthNames\":[\"January\",\"February\",\"March\",\"April\",\"May\",\"June\",\"July\",\"August\",\"September\",\"October\",\"November\",\"December\"],\"monthNamesShort\":[\"January\",\"February\",\"March\",\"April\",\"May\",\"June\",\"July\",\"August\",\"September\",\"October\",\"November\",\"December\"],\"nextText\":\"Next\",\"prevText\":\"Prev\",\"currentText\":\"Today\",\"closeText\":\"Done\"}};/* ]]> */ </script><script type='text/javascript' src='https://www.cs.uci.edu/wp-content/cs/plugins/jquery-collapse-o-matic/js/collapse.js?ver=1.6.5'></script>\n<script type='text/javascript' src='https://www.cs.uci.edu/wp-content/cs/plugins/genesis-responsive-slider/js/jquery.flexslider.js?ver=0.9.5'></script>\n<script type='text/javascript' src='https://www.cs.uci.edu/wp-includes/js/wp-embed.min.js?ver=5.2.3'></script>\n</body></html>\r\n", "encoding": "utf-8"}