{"url": "https://www.cs.uci.edu/news/page/8/", "content": "<!DOCTYPE html>\n<html lang=\"en-US\">\n<head >\n<meta charset=\"UTF-8\" />\n<title>News</title><meta name=\"description\" content=\"View the latest news from UC Irvine&#039;s Department of Computer Science, including faculty research highlights and alumni success stories.\" />\n\t\t<meta name=\"robots\" content=\"noodp,noydir\" />\n\t\t<meta name=\"viewport\" content=\"width=device-width, initial-scale=1\" />\n\n\t\t<style type=\"text/css\">\n\t\t\t.slide-excerpt { width: 50%; }\n\t\t\t.slide-excerpt { bottom: 0; }\n\t\t\t.slide-excerpt { left: 0; }\n\t\t\t.flexslider { max-width: 1180px; max-height: 340px; }\n\t\t\t.slide-image { max-height: 340px; }\n\t\t</style>\n\t\t<style type=\"text/css\">\n\t\t\t@media only screen\n\t\t\tand (min-device-width : 320px)\n\t\t\tand (max-device-width : 480px) {\n\t\t\t\t.slide-excerpt { display: none !important; }\n\t\t\t}\n\t\t</style> <link rel='dns-prefetch' href='//fonts.googleapis.com' />\n<link rel='dns-prefetch' href='//s.w.org' />\n<link rel=\"alternate\" type=\"application/rss+xml\" title=\"Department of Computer Science - Donald Bren School of Information &amp; Computer Sciences &raquo; Feed\" href=\"https://www.cs.uci.edu/feed/\" />\n<link rel=\"alternate\" type=\"application/rss+xml\" title=\"Department of Computer Science - Donald Bren School of Information &amp; Computer Sciences &raquo; Comments Feed\" href=\"https://www.cs.uci.edu/comments/feed/\" />\n<link rel=\"alternate\" type=\"text/calendar\" title=\"Department of Computer Science - Donald Bren School of Information &amp; Computer Sciences &raquo; iCal Feed\" href=\"https://www.cs.uci.edu/events/?ical=1\" />\n\t\t<script type=\"text/javascript\">\n\t\t\twindow._wpemojiSettings = {\"baseUrl\":\"https:\\/\\/s.w.org\\/images\\/core\\/emoji\\/12.0.0-1\\/72x72\\/\",\"ext\":\".png\",\"svgUrl\":\"https:\\/\\/s.w.org\\/images\\/core\\/emoji\\/12.0.0-1\\/svg\\/\",\"svgExt\":\".svg\",\"source\":{\"concatemoji\":\"https:\\/\\/www.cs.uci.edu\\/wp-includes\\/js\\/wp-emoji-release.min.js?ver=5.2.3\"}};\n\t\t\t!function(a,b,c){function d(a,b){var c=String.fromCharCode;l.clearRect(0,0,k.width,k.height),l.fillText(c.apply(this,a),0,0);var d=k.toDataURL();l.clearRect(0,0,k.width,k.height),l.fillText(c.apply(this,b),0,0);var e=k.toDataURL();return d===e}function e(a){var b;if(!l||!l.fillText)return!1;switch(l.textBaseline=\"top\",l.font=\"600 32px Arial\",a){case\"flag\":return!(b=d([55356,56826,55356,56819],[55356,56826,8203,55356,56819]))&&(b=d([55356,57332,56128,56423,56128,56418,56128,56421,56128,56430,56128,56423,56128,56447],[55356,57332,8203,56128,56423,8203,56128,56418,8203,56128,56421,8203,56128,56430,8203,56128,56423,8203,56128,56447]),!b);case\"emoji\":return b=d([55357,56424,55356,57342,8205,55358,56605,8205,55357,56424,55356,57340],[55357,56424,55356,57342,8203,55358,56605,8203,55357,56424,55356,57340]),!b}return!1}function f(a){var c=b.createElement(\"script\");c.src=a,c.defer=c.type=\"text/javascript\",b.getElementsByTagName(\"head\")[0].appendChild(c)}var g,h,i,j,k=b.createElement(\"canvas\"),l=k.getContext&&k.getContext(\"2d\");for(j=Array(\"flag\",\"emoji\"),c.supports={everything:!0,everythingExceptFlag:!0},i=0;i<j.length;i++)c.supports[j[i]]=e(j[i]),c.supports.everything=c.supports.everything&&c.supports[j[i]],\"flag\"!==j[i]&&(c.supports.everythingExceptFlag=c.supports.everythingExceptFlag&&c.supports[j[i]]);c.supports.everythingExceptFlag=c.supports.everythingExceptFlag&&!c.supports.flag,c.DOMReady=!1,c.readyCallback=function(){c.DOMReady=!0},c.supports.everything||(h=function(){c.readyCallback()},b.addEventListener?(b.addEventListener(\"DOMContentLoaded\",h,!1),a.addEventListener(\"load\",h,!1)):(a.attachEvent(\"onload\",h),b.attachEvent(\"onreadystatechange\",function(){\"complete\"===b.readyState&&c.readyCallback()})),g=c.source||{},g.concatemoji?f(g.concatemoji):g.wpemoji&&g.twemoji&&(f(g.twemoji),f(g.wpemoji)))}(window,document,window._wpemojiSettings);\n\t\t</script>\n\t\t<style type=\"text/css\">\nimg.wp-smiley,\nimg.emoji {\n\tdisplay: inline !important;\n\tborder: none !important;\n\tbox-shadow: none !important;\n\theight: 1em !important;\n\twidth: 1em !important;\n\tmargin: 0 .07em !important;\n\tvertical-align: -0.1em !important;\n\tbackground: none !important;\n\tpadding: 0 !important;\n}\n</style>\n\t<link rel='stylesheet' id='genesis-sample-theme-css'  href='https://www.cs.uci.edu/wp-content/cs/themes/genesis-cs-retry/style.css?ver=2.1.2' type='text/css' media='all' />\n<link rel='stylesheet' id='wp-block-library-css'  href='https://www.cs.uci.edu/wp-includes/css/dist/block-library/style.min.css?ver=5.2.3' type='text/css' media='all' />\n<link rel='stylesheet' id='feedzy-rss-feeds-css'  href='https://www.cs.uci.edu/wp-content/cs/plugins/feedzy-rss-feeds/css/feedzy-rss-feeds.css?ver=3.3.2' type='text/css' media='all' />\n<link rel='stylesheet' id='collapseomatic-css-css'  href='https://www.cs.uci.edu/wp-content/cs/plugins/jquery-collapse-o-matic/light_style.css?ver=1.6' type='text/css' media='all' />\n<link rel='stylesheet' id='google-fonts-css'  href='//fonts.googleapis.com/css?family=Lato%3A300%2C400%2C700&#038;ver=2.1.2' type='text/css' media='all' />\n<link rel='stylesheet' id='slider_styles-css'  href='https://www.cs.uci.edu/wp-content/cs/plugins/genesis-responsive-slider/style.css?ver=0.9.5' type='text/css' media='all' />\n<script type='text/javascript' src='https://www.cs.uci.edu/wp-includes/js/jquery/jquery.js?ver=1.12.4-wp'></script>\n<script type='text/javascript' src='https://www.cs.uci.edu/wp-includes/js/jquery/jquery-migrate.min.js?ver=1.4.1'></script>\n<!--[if lt IE 9]>\n<script type='text/javascript' src='https://www.cs.uci.edu/wp-content/cs/themes/genesis/lib/js/html5shiv.min.js?ver=3.7.3'></script>\n<![endif]-->\n<script type='text/javascript' src='https://www.cs.uci.edu/wp-content/cs/themes/genesis-cs-retry/js/jquery.collapse.js?ver=5.2.3'></script>\n<link rel='https://api.w.org/' href='https://www.cs.uci.edu/wp-json/' />\n<link rel=\"EditURI\" type=\"application/rsd+xml\" title=\"RSD\" href=\"https://www.cs.uci.edu/xmlrpc.php?rsd\" />\n<meta name=\"tec-api-version\" content=\"v1\"><meta name=\"tec-api-origin\" content=\"https://www.cs.uci.edu\"><link rel=\"https://theeventscalendar.com/\" href=\"https://www.cs.uci.edu/wp-json/tribe/events/v1/\" /><link rel=\"icon\" href=\"https://www.cs.uci.edu/wp-content/cs/themes/genesis-cs-retry/images/favicon.ico\" />\n<link rel=\"pingback\" href=\"https://www.cs.uci.edu/xmlrpc.php\" />\n<link rel=\"prev\" href=\"https://www.cs.uci.edu/news/page/7/\" />\n<link rel=\"next\" href=\"https://www.cs.uci.edu/news/page/9/\" />\n\t\t<style type=\"text/css\" id=\"wp-custom-css\">\n\t\t\t.job-ops .name{\n\twidth:53% !important;\n\tfont-size:.95em !important;\n\tline-height:1.5em !important;\n}\n.job-ops .job-number{\n\twidth:23% !important;\n\tfont-size:.75em !important;\n}\n.job-ops .submission-dates{\n\twidth:53% !important;\n\tfont-size:.95em !important;\n\tline-height:1.5em !important;\n}\n\n.people_table img{\n\twidth:150px;\n}\n\n.apply-now-btn{\n\tborder:1px solid #ffffff;\n\tborder-radius:3px;\n\tpadding:7px 15px 7px 15px;\n}\n.undergrad-tbl td{padding:10px;}\n.staffcsl-tbl td{padding:10px;}\n\n\n.rss_header { display: none;}\t\t</style>\n\t\t</head>\n<body class=\"blog paged paged-8 tribe-no-js header-image full-width-content elementor-default\" itemscope itemtype=\"http://schema.org/WebPage\"><div class=\"site-container\"><header class=\"site-header\" itemscope itemtype=\"http://schema.org/WPHeader\"><div class=\"wrap\"><div class=\"title-area\"><h1 class=\"site-title\">\n\n      <div id='dept_header'>\n\n         <a id='dept_link' href='http://www.cs.uci.edu/' TITLE='Department of Computer Science in the Donald Bren School of Information and Computer Sciences @ UC Irvine'></a>\n\n         <a id='uci_link' href='http://www.uci.edu/' TITLE='University of California, Irvine'></a>\n\n         <a id='school_link' href='http://www.ics.uci.edu/' TITLE='Donald Bren School of Information and Computer Sciences'></a>\n\n      </div>\n\n   </h1></div><div class=\"widget-area header-widget-area\"><section id=\"search-4\" class=\"widget widget_search\"><div class=\"widget-wrap\"><form class=\"search-form\" itemprop=\"potentialAction\" itemscope itemtype=\"http://schema.org/SearchAction\" method=\"get\" action=\"https://www.cs.uci.edu/\" role=\"search\"><meta itemprop=\"target\" content=\"https://www.cs.uci.edu/?s={s}\"/><input itemprop=\"query-input\" type=\"search\" name=\"s\" placeholder=\"Search this site...\" /><input type=\"submit\" value=\"Search\"  /></form></div></section>\n</div></div></header><nav class=\"nav-primary\" itemscope itemtype=\"http://schema.org/SiteNavigationElement\"><div class=\"wrap\"><ul id=\"menu-header-menu\" class=\"menu genesis-nav-menu menu-primary\"><li id=\"menu-item-17\" class=\"menu-item menu-item-type-post_type menu-item-object-page menu-item-has-children menu-item-17\"><a href=\"https://www.cs.uci.edu/about-the-department/\" itemprop=\"url\"><span itemprop=\"name\">Explore</span></a>\n<ul class=\"sub-menu\">\n\t<li id=\"menu-item-58\" class=\"menu-item menu-item-type-post_type menu-item-object-page menu-item-58\"><a href=\"https://www.cs.uci.edu/contact/\" itemprop=\"url\"><span itemprop=\"name\">Contact Us</span></a></li>\n</ul>\n</li>\n<li id=\"menu-item-16\" class=\"menu-item menu-item-type-post_type menu-item-object-page menu-item-16\"><a href=\"https://www.cs.uci.edu/faculty/\" itemprop=\"url\"><span itemprop=\"name\">Faculty</span></a></li>\n<li id=\"menu-item-18\" class=\"menu-item menu-item-type-custom menu-item-object-custom menu-item-has-children menu-item-18\"><a href=\"#\" itemprop=\"url\"><span itemprop=\"name\">Research</span></a>\n<ul class=\"sub-menu\">\n\t<li id=\"menu-item-2407\" class=\"menu-item menu-item-type-post_type menu-item-object-page menu-item-2407\"><a href=\"https://www.cs.uci.edu/cs-research-areas/\" itemprop=\"url\"><span itemprop=\"name\">Research Areas</span></a></li>\n\t<li id=\"menu-item-50\" class=\"menu-item menu-item-type-post_type menu-item-object-page menu-item-50\"><a href=\"https://www.cs.uci.edu/research-centers/\" itemprop=\"url\"><span itemprop=\"name\">Research Centers</span></a></li>\n</ul>\n</li>\n<li id=\"menu-item-370\" class=\"menu-item menu-item-type-custom menu-item-object-custom menu-item-has-children menu-item-370\"><a href=\"#\" itemprop=\"url\"><span itemprop=\"name\">Graduate Degrees</span></a>\n<ul class=\"sub-menu\">\n\t<li id=\"menu-item-372\" class=\"menu-item menu-item-type-post_type menu-item-object-page menu-item-372\"><a href=\"https://www.cs.uci.edu/graduate-computer-science-programs/\" itemprop=\"url\"><span itemprop=\"name\">Computer Science Programs</span></a></li>\n\t<li id=\"menu-item-371\" class=\"menu-item menu-item-type-post_type menu-item-object-page menu-item-371\"><a href=\"https://www.cs.uci.edu/current-graduate-students/\" itemprop=\"url\"><span itemprop=\"name\">Current Graduate Students</span></a></li>\n</ul>\n</li>\n<li id=\"menu-item-1915\" class=\"menu-item menu-item-type-post_type menu-item-object-page menu-item-1915\"><a href=\"https://www.cs.uci.edu/undergraduate-programs/\" itemprop=\"url\"><span itemprop=\"name\">Undergraduate Degrees</span></a></li>\n<li id=\"menu-item-1382\" class=\"menu-item menu-item-type-custom menu-item-object-custom menu-item-has-children menu-item-1382\"><a href=\"#\" itemprop=\"url\"><span itemprop=\"name\">News  &#038; Events</span></a>\n<ul class=\"sub-menu\">\n\t<li id=\"menu-item-1688\" class=\"menu-item menu-item-type-custom menu-item-object-custom menu-item-1688\"><a href=\"/news\" itemprop=\"url\"><span itemprop=\"name\">News</span></a></li>\n\t<li id=\"menu-item-1423\" class=\"menu-item menu-item-type-custom menu-item-object-custom menu-item-1423\"><a href=\"/events/computer-science-seminar-series/\" itemprop=\"url\"><span itemprop=\"name\">Seminar Series</span></a></li>\n\t<li id=\"menu-item-1655\" class=\"menu-item menu-item-type-custom menu-item-object-custom menu-item-1655\"><a href=\"/events/distinguished-lecture-series/\" itemprop=\"url\"><span itemprop=\"name\">Distinguished Lecture Series</span></a></li>\n\t<li id=\"menu-item-1442\" class=\"menu-item menu-item-type-custom menu-item-object-custom menu-item-1442\"><a href=\"/event/2017-computer-science-research-showcase/\" itemprop=\"url\"><span itemprop=\"name\">Research Showcase</span></a></li>\n</ul>\n</li>\n<li id=\"menu-item-1873\" class=\"menu-item menu-item-type-custom menu-item-object-custom menu-item-has-children menu-item-1873\"><a href=\"#\" itemprop=\"url\"><span itemprop=\"name\"><span class=\"apply-now-btn\">Apply Now</span></span></a>\n<ul class=\"sub-menu\">\n\t<li id=\"menu-item-1875\" class=\"menu-item menu-item-type-custom menu-item-object-custom menu-item-1875\"><a target=\"_blank\" rel=\"noopener noreferrer\" href=\"https://www.admissions.uci.edu/apply/index.php\" itemprop=\"url\"><span itemprop=\"name\">Undergraduate Admissions</span></a></li>\n\t<li id=\"menu-item-1874\" class=\"menu-item menu-item-type-custom menu-item-object-custom menu-item-1874\"><a target=\"_blank\" rel=\"noopener noreferrer\" href=\"https://apply.grad.uci.edu/apply/\" itemprop=\"url\"><span itemprop=\"name\">Graduate Admissions</span></a></li>\n\t<li id=\"menu-item-1927\" class=\"menu-item menu-item-type-post_type menu-item-object-page menu-item-1927\"><a href=\"https://www.cs.uci.edu/job-opportunities/\" itemprop=\"url\"><span itemprop=\"name\">Faculty Candidates</span></a></li>\n</ul>\n</li>\n</ul></div></nav><div class=\"site-inner\"><div class=\"content-sidebar-wrap\"><main class=\"content\"><article class=\"post-1757 post type-post status-publish format-standard category-noteworthy-achievement entry\" itemscope itemtype=\"http://schema.org/CreativeWork\"><header class=\"entry-header\"><h1 class=\"entry-title\" itemprop=\"headline\"><a href=\"https://www.cs.uci.edu/professors-burtsev-and-tsudik-awarded-1m-to-secure-large-scale-scientific-cloud-computing/\" rel=\"bookmark\">Professors Burtsev and Tsudik Awarded $1M to Secure Large-Scale Scientific Cloud Computing</a></h1> \n<p class=\"entry-meta\"><time class=\"entry-time\" itemprop=\"datePublished\" datetime=\"2018-08-30T13:55:22-07:00\">August 30, 2018</time> </p></header><div class=\"entry-content\" itemprop=\"text\"><p><img class=\"alignright size-thumbnail wp-image-1221\" src=\"//www.cs.uci.edu/wp-content/cs/uploads/gene-150x150.jpg\" alt=\"\" width=\"150\" height=\"150\" srcset=\"https://www.cs.uci.edu/wp-content/cs/uploads/gene-150x150.jpg 150w, https://www.cs.uci.edu/wp-content/cs/uploads/gene.jpg 220w\" sizes=\"(max-width: 150px) 100vw, 150px\" /><img src=\"//www.cs.uci.edu/wp-content/cs/uploads/AntonBurtsev-150x150.jpg\" alt=\"\" width=\"150\" height=\"150\" class=\"alignright size-thumbnail wp-image-1761\" />Researchers in many fields increasingly use cloud computing and storage for computationally intensive scientific tasks. However, how secure is data stored in public and private clouds? \u201cNot secure enough,\u201d according to Computer Science Professors\u00a0<a href=\"https://www.ics.uci.edu/~aburtsev/\" target=\"_blank\" rel=\"noopener\">Anton Burtsev</a>\u00a0and\u00a0<a id=\"m_374329941144553669LPlnk929299\" class=\"m_374329941144553669OWAAutoLink\" href=\"https://www.ics.uci.edu/~gts/\" target=\"_blank\" rel=\"noopener\">Gene Tsudik</a>. Fortunately, the two were recently awarded a $1 million grant from the National Science Foundation (NSF) for their proposal: \u201cHorizon: Secure Large-Scale Scientific Cloud Computing.\u201d The Horizon project will be a part of the NSF Cybersecurity Innovation for Cyberinfrastructure (<a id=\"m_374329941144553669LPlnk764006\" class=\"m_374329941144553669OWAAutoLink\" href=\"https://www.nsf.gov/funding/pgm_summ.jsp?pims_id=505159\" target=\"_blank\" rel=\"noopener\">CICI</a>) program created to \u201cdevelop, deploy and integrate security solutions that benefit the scientific community by ensuring the integrity, resilience and reliability of the end-to-end scientific workflow.\u201d</p>\n<p> <a href=\"https://www.cs.uci.edu/professors-burtsev-and-tsudik-awarded-1m-to-secure-large-scale-scientific-cloud-computing/#more-1757\" class=\"more-link\">[Read more&#8230;]</a></p>\n</div><footer class=\"entry-footer\"></footer></article><article class=\"post-1752 post type-post status-publish format-standard category-noteworthy-achievement entry\" itemscope itemtype=\"http://schema.org/CreativeWork\"><header class=\"entry-header\"><h1 class=\"entry-title\" itemprop=\"headline\"><a href=\"https://www.cs.uci.edu/professor-harris-presents-tool-to-detect-social-engineering-attacks-at-black-hat-usa/\" rel=\"bookmark\">Professor Harris Presents Tool to Detect Social Engineering Attacks at Black Hat USA</a></h1> \n<p class=\"entry-meta\"><time class=\"entry-time\" itemprop=\"datePublished\" datetime=\"2018-08-24T10:27:53-07:00\">August 24, 2018</time> </p></header><div class=\"entry-content\" itemprop=\"text\"><p><img class=\"alignright\" src=\"//www.ics.uci.edu/~harris/images/harris_cropped.jpg\" />In early August, Computer Science Professor\u00a0<a href=\"https://www.ics.uci.edu/~harris/\" target=\"_blank\" rel=\"noopener\">Ian Harris</a>\u00a0gave a presentation on social engineering at\u00a0<a href=\"https://www.blackhat.com/us-18/\" target=\"_blank\" rel=\"noopener\">Black Hat USA</a>, the massive annual security conference held in Las Vegas every summer, with over 15,000 attendees. His\u00a0<a href=\"https://www.blackhat.com/us-18/briefings/schedule/index.html#catch-me-yes-we-can--pwning-social-engineers-using-natural-language-processing-techniques-in-real-time-9946\" target=\"_blank\" rel=\"noopener\">talk</a>, \u201cCatch Me, Yes We Can! Pwning Social Engineers Using Natural Language Processing Techniques in Real-Time,\u201d attracted more than 900 attendees.</p>\n<p> <a href=\"https://www.cs.uci.edu/professor-harris-presents-tool-to-detect-social-engineering-attacks-at-black-hat-usa/#more-1752\" class=\"more-link\">[Read more&#8230;]</a></p>\n</div><footer class=\"entry-footer\"></footer></article><article class=\"post-1749 post type-post status-publish format-standard category-noteworthy-achievement entry\" itemscope itemtype=\"http://schema.org/CreativeWork\"><header class=\"entry-header\"><h1 class=\"entry-title\" itemprop=\"headline\"><a href=\"https://www.cs.uci.edu/professor-singh-awarded-two-nsf-grants-to-advance-machine-learning/\" rel=\"bookmark\">Professor Singh Awarded Two NSF Grants to Advance Machine Learning</a></h1> \n<p class=\"entry-meta\"><time class=\"entry-time\" itemprop=\"datePublished\" datetime=\"2018-08-22T10:32:25-07:00\">August 22, 2018</time> </p></header><div class=\"entry-content\" itemprop=\"text\"><p><img class=\"alignright size-thumbnail wp-image-995\" src=\"http://www.cs.uci.edu/wp-content/cs/uploads/Sameer-Singh-1-150x150.jpg\" alt=\"\" width=\"150\" height=\"150\" srcset=\"https://www.cs.uci.edu/wp-content/cs/uploads/Sameer-Singh-1-150x150.jpg 150w, https://www.cs.uci.edu/wp-content/cs/uploads/Sameer-Singh-1-300x300.jpg 300w, https://www.cs.uci.edu/wp-content/cs/uploads/Sameer-Singh-1-768x768.jpg 768w, https://www.cs.uci.edu/wp-content/cs/uploads/Sameer-Singh-1.jpg 1000w\" sizes=\"(max-width: 150px) 100vw, 150px\" />Assistant Professor of Computer Science\u00a0<a href=\"http://sameersingh.org/\" target=\"_blank\" rel=\"noopener\" >Sameer Singh</a>\u00a0has been awarded two separate National Science Foundation (<a href=\"https://www.nsf.gov/\" target=\"_blank\" rel=\"noopener\" >NSF</a>) grants that started this summer. Both relate to machine learning but in very different ways.</p>\n<p> <a href=\"https://www.cs.uci.edu/professor-singh-awarded-two-nsf-grants-to-advance-machine-learning/#more-1749\" class=\"more-link\">[Read more&#8230;]</a></p>\n</div><footer class=\"entry-footer\"></footer></article><article class=\"post-1746 post type-post status-publish format-standard category-noteworthy-achievement entry\" itemscope itemtype=\"http://schema.org/CreativeWork\"><header class=\"entry-header\"><h1 class=\"entry-title\" itemprop=\"headline\"><a href=\"https://www.cs.uci.edu/professor-zhao-receives-nsf-grant-to-develop-tools-for-improved-virtual-reality/\" rel=\"bookmark\">Professor Zhao Receives NSF Grant to Develop Tools for Improved Virtual Reality</a></h1> \n<p class=\"entry-meta\"><time class=\"entry-time\" itemprop=\"datePublished\" datetime=\"2018-08-21T13:52:03-07:00\">August 21, 2018</time> </p></header><div class=\"entry-content\" itemprop=\"text\"><p><img class=\"alignright size-thumbnail\" src=\"http://shuangz.com/images/me/self_170.jpg\" />How can we provide users with an accurate impression of the terrain and sky when they experience in-flight simulation, or a detailed view of various decorative materials such as wood or metal when they explore virtual rooms?\u00a0Assistant Professor of Computer Science\u00a0<a href=\"http://shuangz.com/\" target=\"_blank\" rel=\"noopener\" >Shuang Zhao</a>\u00a0has received a National Science Foundation (<a id=\"m_5578309082361698922LPlnk920281\" class=\"m_5578309082361698922OWAAutoLink\" href=\"https://www.nsf.gov/\" target=\"_blank\" rel=\"noopener\" >NSF</a>) award of $500,000 to address this issue.</p>\n<p> <a href=\"https://www.cs.uci.edu/professor-zhao-receives-nsf-grant-to-develop-tools-for-improved-virtual-reality/#more-1746\" class=\"more-link\">[Read more&#8230;]</a></p>\n</div><footer class=\"entry-footer\"></footer></article><article class=\"post-1744 post type-post status-publish format-standard category-article entry\" itemscope itemtype=\"http://schema.org/CreativeWork\"><header class=\"entry-header\"><h1 class=\"entry-title\" itemprop=\"headline\"><a href=\"https://www.cs.uci.edu/channel-influencer-spotlight-bittitans-geeman-yip-on-why-the-end-of-the-world-isnt-so-bad-cs-alumnus-geeman-yip-profiled/\" rel=\"bookmark\">&#8220;Channel Influencer Spotlight: BitTitan\u2019s Geeman Yip On Why the End of the World Isn\u2019t So Bad&#8221; (CS alumnus Geeman Yip profiled)</a></h1> \n<p class=\"entry-meta\"><time class=\"entry-time\" itemprop=\"datePublished\" datetime=\"2018-08-15T12:42:39-07:00\">August 15, 2018</time> </p></header><div class=\"entry-content\" itemprop=\"text\"><p>Ten years ago,\u00a0<a href=\"https://www.geemanyip.com/\" target=\"_blank\" rel=\"noopener\">Geeman Yip</a>\u00a0sat in his basement with his two dogs waiting for the world to end. That\u2019s what it felt like, anyway. Facing bankruptcy, a market that didn\u2019t believe in his vision and a crisis of confidence unparalleled in his experience, Yip felt like he was standing completely alone on a ledge screaming into a void. It would have been easier to jump, to fold his nascent startup and head back to his cushy job at\u00a0<a href=\"https://www.microsoft.com/en-us/\" target=\"_blank\" rel=\"noopener\">Microsoft</a>. It was tempting. But Yip somehow dug deep and found the grit he needed to pull himself and his company,\u00a0<a href=\"https://www.bittitan.com/\">BitTitan</a>, back from the ledge for one final effort.</p>\n<p><em>Read the full story at <a href=\"https://www.channelpartnersonline.com/article/channel-influencer-spotlight-bittitans-geeman-yip-on-why-the-end-of-the-world-isnt-so-bad/\" target=\"_blank\" rel=\"noopener\">Channel Partners Online</a>.</em></p>\n</div><footer class=\"entry-footer\"></footer></article><article class=\"post-1739 post type-post status-publish format-standard category-uncategorized entry\" itemscope itemtype=\"http://schema.org/CreativeWork\"><header class=\"entry-header\"><h1 class=\"entry-title\" itemprop=\"headline\"><a href=\"https://www.cs.uci.edu/alumni-spotlight-from-blockbuster-movies-to-enriching-u-howard-gersh-inspires-future-digital-artists/\" rel=\"bookmark\">Alumni Spotlight: From Blockbuster Movies to Enriching U, Howard Gersh Inspires Future Digital Artists</a></h1> \n<p class=\"entry-meta\"><time class=\"entry-time\" itemprop=\"datePublished\" datetime=\"2018-07-27T13:06:55-07:00\">July 27, 2018</time> </p></header><div class=\"entry-content\" itemprop=\"text\"><div id=\"attachment_1740\" style=\"width: 310px\" class=\"wp-caption alignright\"><img aria-describedby=\"caption-attachment-1740\" class=\"wp-image-1740 size-medium\" src=\"http://www.cs.uci.edu/wp-content/cs/uploads/HowardGersh-300x200.jpg\" alt=\"\" width=\"300\" height=\"200\" srcset=\"https://www.cs.uci.edu/wp-content/cs/uploads/HowardGersh-300x200.jpg 300w, https://www.cs.uci.edu/wp-content/cs/uploads/HowardGersh-768x512.jpg 768w, https://www.cs.uci.edu/wp-content/cs/uploads/HowardGersh-1024x683.jpg 1024w\" sizes=\"(max-width: 300px) 100vw, 300px\" /><p id=\"caption-attachment-1740\" class=\"wp-caption-text\">ICS alumnus Howard Gersh \u201991. (Photo courtesy of Michael Clemens of Sees the Day Photography, seestheday.com)</p></div>\n<p><i>At a young age, <a href=\"https://howardgersh.weebly.com/bio--filmography.html\">Howard Gersh</a> \u201991 knew what he wanted to do when he grew up \u2014 work on visual effects for \u201cStar Wars.\u201d By the time the prequel trilogy started production in the late 1990s, he had received his B.S. in computer science from UCI and worked his way up to becoming a senior technical director at Industrial Light + Magic. His dream became a reality as he helped create visual effects for \u201cStar Wars\u201d Episodes I, II and III, as well as for dozens of other movies, from \u201cForrest Gump\u201d to \u201cHarry Potter\u201d and \u201cPirates of the Caribbean.\u201d Now, the recent <a href=\"https://www.ics.uci.edu/community/alumni/hall_of_fame/inductees.php\">ICS Hall of Fame</a> inductee teaches virtual reality, animation and digital visual effects to high school students at Marin School of the Arts as well as to kids in underserved communities through <a href=\"https://www.enrichingu.com/\">Enriching U</a>, an organization he and his wife founded to help such kids pursue their dreams as Gersh once pursued his.</i></p>\n<p> <a href=\"https://www.cs.uci.edu/alumni-spotlight-from-blockbuster-movies-to-enriching-u-howard-gersh-inspires-future-digital-artists/#more-1739\" class=\"more-link\">[Read more&#8230;]</a></p>\n</div><footer class=\"entry-footer\"></footer></article><article class=\"post-1730 post type-post status-publish format-standard category-noteworthy-achievement entry\" itemscope itemtype=\"http://schema.org/CreativeWork\"><header class=\"entry-header\"><h1 class=\"entry-title\" itemprop=\"headline\"><a href=\"https://www.cs.uci.edu/professor-harris-awarded-nsf-grant-to-detect-social-engineering-attacks/\" rel=\"bookmark\">Professor Harris Awarded NSF Grant to Detect Social Engineering Attacks</a></h1> \n<p class=\"entry-meta\"><time class=\"entry-time\" itemprop=\"datePublished\" datetime=\"2018-07-25T14:15:59-07:00\">July 25, 2018</time> </p></header><div class=\"entry-content\" itemprop=\"text\"><div id=\"attachment_1732\" style=\"width: 310px\" class=\"wp-caption alignright\"><img aria-describedby=\"caption-attachment-1732\" class=\"wp-image-1732 size-medium\" src=\"http://www.cs.uci.edu/wp-content/cs/uploads/ian-harris-classroom-300x300.jpg\" alt=\"Ian Harris\" width=\"300\" height=\"300\" srcset=\"https://www.cs.uci.edu/wp-content/cs/uploads/ian-harris-classroom-300x300.jpg 300w, https://www.cs.uci.edu/wp-content/cs/uploads/ian-harris-classroom-150x150.jpg 150w, https://www.cs.uci.edu/wp-content/cs/uploads/ian-harris-classroom.jpg 500w\" sizes=\"(max-width: 300px) 100vw, 300px\" /><p id=\"caption-attachment-1732\" class=\"wp-caption-text\">Professor Ian Harris</p></div>\n<p>Social engineering poses a critical threat to information security, with cyberattackers recognizing that people are often more vulnerable to manipulation than a hardened computer system. &#8220;Social engineering targets the weakest link in the system, the human actors,&#8221; explains Computer Science Professor <a href=\"https://www.ics.uci.edu/~harris/\">Ian Harris</a>, who is working to address this issue as Principal Investigator of a <a href=\"https://www.nsf.gov/awardsearch/showAward?AWD_ID=1813858&amp;HistoricalAwards=false\">grant</a> from the National Science Foundation (<a href=\"https://nsf.gov/\">NSF</a>). The work, \u201cDetecting Social Engineering Attacks Using Semantic Language Analysis,\u201d falls under the NSF\u2019s Secure and Trustworthy Cyberspace (SaTC) program, and Harris was awarded nearly $500,000 to study this growing threat.</p>\n<p>According to the grant abstract, the project will &#8220;confront the problem of social engineering by developing automated approaches to detect social engineering attacks in real time and alert the victim before harm can occur.&#8221; Leveraging question answering and natural language understanding techniques, the goal is to identify conversational statements with malicious intent. &#8220;The attacker must always perform one of two dialog actions, either asking a question whose answer is private, or issuing a command to perform a forbidden operation.&#8221;</p>\n<p>This work will also result in a large corpus of non-phishing social engineering attacks in the form of audio recordings and written transcripts, which will be made publicly available to support both further research into the topic and the development of courses on social engineering attacks.</p>\n<p>Read more about Harris&#8217; research on this topic on\u00a0<a href=\"https://www.darkreading.com/threat-intelligence/natural-language-processing-fights-social-engineers/d/d-id/1332189\" target=\"_blank\" rel=\"noopener\">DarkReading.com</a>.</p>\n<p>\u2014 <em>Shani Murray</em></p>\n</div><footer class=\"entry-footer\"></footer></article><article class=\"post-1723 post type-post status-publish format-standard category-noteworthy-achievement entry\" itemscope itemtype=\"http://schema.org/CreativeWork\"><header class=\"entry-header\"><h1 class=\"entry-title\" itemprop=\"headline\"><a href=\"https://www.cs.uci.edu/ph-d-student-jihyun-park-wins-best-paper-award-at-international-data-mining-conference/\" rel=\"bookmark\">Ph.D. Student Jihyun Park Wins Best Paper Award at International Data Mining Conference</a></h1> \n<p class=\"entry-meta\"><time class=\"entry-time\" itemprop=\"datePublished\" datetime=\"2018-07-23T12:45:09-07:00\">July 23, 2018</time> </p></header><div class=\"entry-content\" itemprop=\"text\"><p><img class=\"alignright size-medium wp-image-1728\" src=\"http://www.cs.uci.edu/wp-content/cs/uploads/JihyunPark-220x300.jpg\" alt=\"\" width=\"220\" height=\"300\" srcset=\"https://www.cs.uci.edu/wp-content/cs/uploads/JihyunPark-220x300.jpg 220w, https://www.cs.uci.edu/wp-content/cs/uploads/JihyunPark.jpg 656w\" sizes=\"(max-width: 220px) 100vw, 220px\" />Computer Science Ph.D. student\u00a0<a href=\"https://www.ics.uci.edu/~jihyunp/\" target=\"_blank\" rel=\"noopener\">Jihyun Park</a>\u00a0is the lead author on a paper that recently won the best paper award at the 11th International Conference on Educational Data Mining Conference\u00a0(<a href=\"http://educationaldatamining.org/EDM2018/\" target=\"_blank\" rel=\"noopener\">EDM 2018</a>) in Buffalo,\u00a0N.Y. The paper, \u201cUnderstanding Student Procrastination via Mixture Models,\u201d\u00a0proposes a new approach based on statistical machine learning techniques that can extract and quantify patterns of procrastination observed from student clickstream data in online college courses. In particular, persistent procrastination over the duration of a course was found to be strongly predictive of poorer student outcomes, providing strong evidence that time management is critical for success in online courses.</p>\n<p> <a href=\"https://www.cs.uci.edu/ph-d-student-jihyun-park-wins-best-paper-award-at-international-data-mining-conference/#more-1723\" class=\"more-link\">[Read more&#8230;]</a></p>\n</div><footer class=\"entry-footer\"></footer></article><article class=\"post-1714 post type-post status-publish format-standard category-article entry\" itemscope itemtype=\"http://schema.org/CreativeWork\"><header class=\"entry-header\"><h1 class=\"entry-title\" itemprop=\"headline\"><a href=\"https://www.cs.uci.edu/medium-towards-data-science-introducing-a-simple-and-intuitive-python-api-for-uci-machine-learning-repository/\" rel=\"bookmark\">Medium &#8211; Towards Data Science: &#8220;Introducing a simple and intuitive Python API for UCI machine learning repository&#8221;</a></h1> \n<p class=\"entry-meta\"><time class=\"entry-time\" itemprop=\"datePublished\" datetime=\"2018-07-18T12:19:39-07:00\">July 18, 2018</time> </p></header><div class=\"entry-content\" itemprop=\"text\"><p><a id=\"m_7990837489986876093LPlnk39683\" class=\"m_7990837489986876093OWAAutoLink\" href=\"https://archive.ics.uci.edu/ml/index.php\" target=\"_blank\" rel=\"noopener\" data-saferedirecturl=\"https://www.google.com/url?hl=en&amp;q=https://archive.ics.uci.edu/ml/index.php&amp;source=gmail&amp;ust=1532019028585000&amp;usg=AFQjCNGTnoVCWdvs2-bGT3nffDTNTwuFYA\">UCI machine learning dataset repository</a>\u00a0is something of a legend in the field of machine learning pedagogy. \u2026 As an indication of the impact of the archive, it has been cited over 1000 times, making it one of the top 100 most cited \u201cpapers\u201d in all of computer science.</p>\n<p><em>Read the full story at <a href=\"https://towardsdatascience.com/introducing-a-simple-and-intuitive-python-api-for-uci-machine-learning-repository-fd2ce8eb6cd4\" rel=\"noopener\" target=\"_blank\">Medium</a>.</em></p>\n</div><footer class=\"entry-footer\"></footer></article><article class=\"post-1709 post type-post status-publish format-standard category-feature category-noteworthy-achievement entry\" itemscope itemtype=\"http://schema.org/CreativeWork\"><header class=\"entry-header\"><h1 class=\"entry-title\" itemprop=\"headline\"><a href=\"https://www.cs.uci.edu/sankofa-receives-bronze-medal-at-2018-international-serious-play-awards/\" rel=\"bookmark\">\u2018Sankofa\u2019 Receives Bronze Medal at 2018 International Serious Play Awards</a></h1> \n<p class=\"entry-meta\"><time class=\"entry-time\" itemprop=\"datePublished\" datetime=\"2018-07-17T11:28:44-07:00\">July 17, 2018</time> </p></header><div class=\"entry-content\" itemprop=\"text\"><p>Computer Science Professor <a href=\"https://www.ics.uci.edu/~magda/\">Magda El Zarki</a> and History Professor <a href=\"https://www.faculty.uci.edu/profile.cfm?faculty_id=5308\">Pat Seed</a> were thrilled to see their game, \u201c<a href=\"http://sankofagame.org/\">Sankofa</a>,\u201d first on the list of <a href=\"http://seriousplayconf.com/may-21-2018/\">Bronze Medal</a> winners for the 2018 International Serious Play <a href=\"https://seriousplayconf.com/awards\">Awards</a>. The awards recognize excellence in <a href=\"https://en.wikipedia.org/wiki/Serious_game\">serious games</a> designed for use in K-12 or higher education, and \u201cSankofa\u201d is designed to teach history and anthropology in a fun and engaging way by bringing 19th-century Ghana to life through gameplay.</p>\n<p> <a href=\"https://www.cs.uci.edu/sankofa-receives-bronze-medal-at-2018-international-serious-play-awards/#more-1709\" class=\"more-link\">[Read more&#8230;]</a></p>\n</div><footer class=\"entry-footer\"></footer></article><div class=\"archive-pagination pagination\"><ul><li class=\"pagination-previous\"><a href=\"https://www.cs.uci.edu/news/page/7/\" >&#x000AB; Previous Page</a></li>\n<li><a href=\"https://www.cs.uci.edu/news/\">1</a></li>\n<li class=\"pagination-omission\">&#x02026;</li>\n<li><a href=\"https://www.cs.uci.edu/news/page/6/\">6</a></li>\n<li><a href=\"https://www.cs.uci.edu/news/page/7/\">7</a></li>\n<li class=\"active\"  aria-label=\"Current page\"><a href=\"https://www.cs.uci.edu/news/page/8/\">8</a></li>\n<li><a href=\"https://www.cs.uci.edu/news/page/9/\">9</a></li>\n<li><a href=\"https://www.cs.uci.edu/news/page/10/\">10</a></li>\n<li class=\"pagination-omission\">&#x02026;</li>\n<li><a href=\"https://www.cs.uci.edu/news/page/22/\">22</a></li>\n<li class=\"pagination-next\"><a href=\"https://www.cs.uci.edu/news/page/9/\" >Next Page &#x000BB;</a></li>\n</ul></div>\n</main></div></div><footer class=\"site-footer\" itemscope itemtype=\"http://schema.org/WPFooter\"><div class=\"wrap\">\t\t\t<div class=\"group\">\n\n\t\t\t\t<div id=\"bren\">\n\t\t\t\t\t\t<a href=\"http://www.ics.uci.edu/\"><img src=\"//www.cs.uci.edu//wp-content/cs/uploads/DBren_InfoCompSc_logo-UPDATED.png\"></a>\n\t\t\t\t</div>\n\n\t\t\t\t<div class=\"footer-info\">\n\t\t\t\t\t<UL>\n\t\t\t\t\t   <LI>&copy; 2019 UC Regents</LI>\n\t\t\t\t\t   <LI><A HREF=\"mailto:communications@ics.uci.edu\">Feedback</A></LI>\n\t\t\t\t\t   <LI><A HREF=\"http://uci.edu/privacy/\">Privacy Policy</A></LI>\n\t\t\t\t\t</UL>\n\t\t\t\t</div><!-- .footer-info -->\n\n\t\t\t</div>\n\t</div></footer></div><script type='text/javascript'>\nvar colomatduration = 'fast';\nvar colomatslideEffect = 'slideFade';\n</script>\t\t<script>\n\t\t( function ( body ) {\n\t\t\t'use strict';\n\t\t\tbody.className = body.className.replace( /\\btribe-no-js\\b/, 'tribe-js' );\n\t\t} )( document.body );\n\t\t</script>\n\t\t<script>\n  (function(i,s,o,g,r,a,m){i['GoogleAnalyticsObject']=r;i[r]=i[r]||function(){\n  (i[r].q=i[r].q||[]).push(arguments)},i[r].l=1*new Date();a=s.createElement(o),\n  m=s.getElementsByTagName(o)[0];a.async=1;a.src=g;m.parentNode.insertBefore(a,m)\n  })(window,document,'script','https://www.google-analytics.com/analytics.js','ga');\n\n  ga('create', 'UA-605898-2', 'auto');\n  ga('send', 'pageview');\n\n</script>\n<script type='text/javascript'>jQuery(document).ready(function($) {$(\".flexslider\").flexslider({controlsContainer: \"#genesis-responsive-slider\",animation: \"fade\",directionNav: 0,controlNav: 1,animationDuration: 1000,slideshowSpeed: 10000    });  });</script><script> /* <![CDATA[ */var tribe_l10n_datatables = {\"aria\":{\"sort_ascending\":\": activate to sort column ascending\",\"sort_descending\":\": activate to sort column descending\"},\"length_menu\":\"Show _MENU_ entries\",\"empty_table\":\"No data available in table\",\"info\":\"Showing _START_ to _END_ of _TOTAL_ entries\",\"info_empty\":\"Showing 0 to 0 of 0 entries\",\"info_filtered\":\"(filtered from _MAX_ total entries)\",\"zero_records\":\"No matching records found\",\"search\":\"Search:\",\"all_selected_text\":\"All items on this page were selected. \",\"select_all_link\":\"Select all pages\",\"clear_selection\":\"Clear Selection.\",\"pagination\":{\"all\":\"All\",\"next\":\"Next\",\"previous\":\"Previous\"},\"select\":{\"rows\":{\"0\":\"\",\"_\":\": Selected %d rows\",\"1\":\": Selected 1 row\"}},\"datepicker\":{\"dayNames\":[\"Sunday\",\"Monday\",\"Tuesday\",\"Wednesday\",\"Thursday\",\"Friday\",\"Saturday\"],\"dayNamesShort\":[\"Sun\",\"Mon\",\"Tue\",\"Wed\",\"Thu\",\"Fri\",\"Sat\"],\"dayNamesMin\":[\"S\",\"M\",\"T\",\"W\",\"T\",\"F\",\"S\"],\"monthNames\":[\"January\",\"February\",\"March\",\"April\",\"May\",\"June\",\"July\",\"August\",\"September\",\"October\",\"November\",\"December\"],\"monthNamesShort\":[\"January\",\"February\",\"March\",\"April\",\"May\",\"June\",\"July\",\"August\",\"September\",\"October\",\"November\",\"December\"],\"nextText\":\"Next\",\"prevText\":\"Prev\",\"currentText\":\"Today\",\"closeText\":\"Done\"}};/* ]]> */ </script><script type='text/javascript' src='https://www.cs.uci.edu/wp-content/cs/plugins/jquery-collapse-o-matic/js/collapse.js?ver=1.6.5'></script>\n<script type='text/javascript' src='https://www.cs.uci.edu/wp-content/cs/plugins/genesis-responsive-slider/js/jquery.flexslider.js?ver=0.9.5'></script>\n<script type='text/javascript' src='https://www.cs.uci.edu/wp-includes/js/wp-embed.min.js?ver=5.2.3'></script>\n</body></html>\r\n", "encoding": "utf-8"}