{"url": "https://www.cs.uci.edu/unlocking-data-for-smart-firefighting/#more-2242", "content": "<!DOCTYPE html>\n<html lang=\"en-US\">\n<head >\n<meta charset=\"UTF-8\" />\n<title>Unlocking Data for Smart Firefighting</title>\t\t<meta name=\"robots\" content=\"noodp,noydir\" />\n\t\t<meta name=\"viewport\" content=\"width=device-width, initial-scale=1\" />\n\n\t\t<style type=\"text/css\">\n\t\t\t.slide-excerpt { width: 50%; }\n\t\t\t.slide-excerpt { bottom: 0; }\n\t\t\t.slide-excerpt { left: 0; }\n\t\t\t.flexslider { max-width: 1180px; max-height: 340px; }\n\t\t\t.slide-image { max-height: 340px; }\n\t\t</style>\n\t\t<style type=\"text/css\">\n\t\t\t@media only screen\n\t\t\tand (min-device-width : 320px)\n\t\t\tand (max-device-width : 480px) {\n\t\t\t\t.slide-excerpt { display: none !important; }\n\t\t\t}\n\t\t</style> <link rel='dns-prefetch' href='//fonts.googleapis.com' />\n<link rel='dns-prefetch' href='//s.w.org' />\n<link rel=\"alternate\" type=\"application/rss+xml\" title=\"Department of Computer Science - Donald Bren School of Information &amp; Computer Sciences &raquo; Feed\" href=\"https://www.cs.uci.edu/feed/\" />\n<link rel=\"alternate\" type=\"application/rss+xml\" title=\"Department of Computer Science - Donald Bren School of Information &amp; Computer Sciences &raquo; Comments Feed\" href=\"https://www.cs.uci.edu/comments/feed/\" />\n<link rel=\"alternate\" type=\"text/calendar\" title=\"Department of Computer Science - Donald Bren School of Information &amp; Computer Sciences &raquo; iCal Feed\" href=\"https://www.cs.uci.edu/events/?ical=1\" />\n<link rel=\"canonical\" href=\"https://www.cs.uci.edu/unlocking-data-for-smart-firefighting/\" />\n\t\t<script type=\"text/javascript\">\n\t\t\twindow._wpemojiSettings = {\"baseUrl\":\"https:\\/\\/s.w.org\\/images\\/core\\/emoji\\/12.0.0-1\\/72x72\\/\",\"ext\":\".png\",\"svgUrl\":\"https:\\/\\/s.w.org\\/images\\/core\\/emoji\\/12.0.0-1\\/svg\\/\",\"svgExt\":\".svg\",\"source\":{\"concatemoji\":\"https:\\/\\/www.cs.uci.edu\\/wp-includes\\/js\\/wp-emoji-release.min.js?ver=5.2.3\"}};\n\t\t\t!function(a,b,c){function d(a,b){var c=String.fromCharCode;l.clearRect(0,0,k.width,k.height),l.fillText(c.apply(this,a),0,0);var d=k.toDataURL();l.clearRect(0,0,k.width,k.height),l.fillText(c.apply(this,b),0,0);var e=k.toDataURL();return d===e}function e(a){var b;if(!l||!l.fillText)return!1;switch(l.textBaseline=\"top\",l.font=\"600 32px Arial\",a){case\"flag\":return!(b=d([55356,56826,55356,56819],[55356,56826,8203,55356,56819]))&&(b=d([55356,57332,56128,56423,56128,56418,56128,56421,56128,56430,56128,56423,56128,56447],[55356,57332,8203,56128,56423,8203,56128,56418,8203,56128,56421,8203,56128,56430,8203,56128,56423,8203,56128,56447]),!b);case\"emoji\":return b=d([55357,56424,55356,57342,8205,55358,56605,8205,55357,56424,55356,57340],[55357,56424,55356,57342,8203,55358,56605,8203,55357,56424,55356,57340]),!b}return!1}function f(a){var c=b.createElement(\"script\");c.src=a,c.defer=c.type=\"text/javascript\",b.getElementsByTagName(\"head\")[0].appendChild(c)}var g,h,i,j,k=b.createElement(\"canvas\"),l=k.getContext&&k.getContext(\"2d\");for(j=Array(\"flag\",\"emoji\"),c.supports={everything:!0,everythingExceptFlag:!0},i=0;i<j.length;i++)c.supports[j[i]]=e(j[i]),c.supports.everything=c.supports.everything&&c.supports[j[i]],\"flag\"!==j[i]&&(c.supports.everythingExceptFlag=c.supports.everythingExceptFlag&&c.supports[j[i]]);c.supports.everythingExceptFlag=c.supports.everythingExceptFlag&&!c.supports.flag,c.DOMReady=!1,c.readyCallback=function(){c.DOMReady=!0},c.supports.everything||(h=function(){c.readyCallback()},b.addEventListener?(b.addEventListener(\"DOMContentLoaded\",h,!1),a.addEventListener(\"load\",h,!1)):(a.attachEvent(\"onload\",h),b.attachEvent(\"onreadystatechange\",function(){\"complete\"===b.readyState&&c.readyCallback()})),g=c.source||{},g.concatemoji?f(g.concatemoji):g.wpemoji&&g.twemoji&&(f(g.twemoji),f(g.wpemoji)))}(window,document,window._wpemojiSettings);\n\t\t</script>\n\t\t<style type=\"text/css\">\nimg.wp-smiley,\nimg.emoji {\n\tdisplay: inline !important;\n\tborder: none !important;\n\tbox-shadow: none !important;\n\theight: 1em !important;\n\twidth: 1em !important;\n\tmargin: 0 .07em !important;\n\tvertical-align: -0.1em !important;\n\tbackground: none !important;\n\tpadding: 0 !important;\n}\n</style>\n\t<link rel='stylesheet' id='genesis-sample-theme-css'  href='https://www.cs.uci.edu/wp-content/cs/themes/genesis-cs-retry/style.css?ver=2.1.2' type='text/css' media='all' />\n<link rel='stylesheet' id='wp-block-library-css'  href='https://www.cs.uci.edu/wp-includes/css/dist/block-library/style.min.css?ver=5.2.3' type='text/css' media='all' />\n<link rel='stylesheet' id='feedzy-rss-feeds-css'  href='https://www.cs.uci.edu/wp-content/cs/plugins/feedzy-rss-feeds/css/feedzy-rss-feeds.css?ver=3.3.2' type='text/css' media='all' />\n<link rel='stylesheet' id='collapseomatic-css-css'  href='https://www.cs.uci.edu/wp-content/cs/plugins/jquery-collapse-o-matic/light_style.css?ver=1.6' type='text/css' media='all' />\n<link rel='stylesheet' id='google-fonts-css'  href='//fonts.googleapis.com/css?family=Lato%3A300%2C400%2C700&#038;ver=2.1.2' type='text/css' media='all' />\n<link rel='stylesheet' id='slider_styles-css'  href='https://www.cs.uci.edu/wp-content/cs/plugins/genesis-responsive-slider/style.css?ver=0.9.5' type='text/css' media='all' />\n<script type='text/javascript' src='https://www.cs.uci.edu/wp-includes/js/jquery/jquery.js?ver=1.12.4-wp'></script>\n<script type='text/javascript' src='https://www.cs.uci.edu/wp-includes/js/jquery/jquery-migrate.min.js?ver=1.4.1'></script>\n<!--[if lt IE 9]>\n<script type='text/javascript' src='https://www.cs.uci.edu/wp-content/cs/themes/genesis/lib/js/html5shiv.min.js?ver=3.7.3'></script>\n<![endif]-->\n<script type='text/javascript' src='https://www.cs.uci.edu/wp-content/cs/themes/genesis-cs-retry/js/jquery.collapse.js?ver=5.2.3'></script>\n<link rel='https://api.w.org/' href='https://www.cs.uci.edu/wp-json/' />\n<link rel=\"EditURI\" type=\"application/rsd+xml\" title=\"RSD\" href=\"https://www.cs.uci.edu/xmlrpc.php?rsd\" />\n<link rel=\"alternate\" type=\"application/json+oembed\" href=\"https://www.cs.uci.edu/wp-json/oembed/1.0/embed?url=https%3A%2F%2Fwww.cs.uci.edu%2Funlocking-data-for-smart-firefighting%2F\" />\n<link rel=\"alternate\" type=\"text/xml+oembed\" href=\"https://www.cs.uci.edu/wp-json/oembed/1.0/embed?url=https%3A%2F%2Fwww.cs.uci.edu%2Funlocking-data-for-smart-firefighting%2F&#038;format=xml\" />\n<meta name=\"tec-api-version\" content=\"v1\"><meta name=\"tec-api-origin\" content=\"https://www.cs.uci.edu\"><link rel=\"https://theeventscalendar.com/\" href=\"https://www.cs.uci.edu/wp-json/tribe/events/v1/\" /><link rel=\"icon\" href=\"https://www.cs.uci.edu/wp-content/cs/themes/genesis-cs-retry/images/favicon.ico\" />\n<link rel=\"pingback\" href=\"https://www.cs.uci.edu/xmlrpc.php\" />\n\t\t<style type=\"text/css\" id=\"wp-custom-css\">\n\t\t\t.job-ops .name{\n\twidth:53% !important;\n\tfont-size:.95em !important;\n\tline-height:1.5em !important;\n}\n.job-ops .job-number{\n\twidth:23% !important;\n\tfont-size:.75em !important;\n}\n.job-ops .submission-dates{\n\twidth:53% !important;\n\tfont-size:.95em !important;\n\tline-height:1.5em !important;\n}\n\n.people_table img{\n\twidth:150px;\n}\n\n.apply-now-btn{\n\tborder:1px solid #ffffff;\n\tborder-radius:3px;\n\tpadding:7px 15px 7px 15px;\n}\n.undergrad-tbl td{padding:10px;}\n.staffcsl-tbl td{padding:10px;}\n\n\n.rss_header { display: none;}\t\t</style>\n\t\t</head>\n<body class=\"post-template-default single single-post postid-2242 single-format-standard tribe-no-js header-image content-sidebar elementor-default\" itemscope itemtype=\"http://schema.org/WebPage\"><div class=\"site-container\"><header class=\"site-header\" itemscope itemtype=\"http://schema.org/WPHeader\"><div class=\"wrap\"><div class=\"title-area\"><h1 class=\"site-title\">\n\n      <div id='dept_header'>\n\n         <a id='dept_link' href='http://www.cs.uci.edu/' TITLE='Department of Computer Science in the Donald Bren School of Information and Computer Sciences @ UC Irvine'></a>\n\n         <a id='uci_link' href='http://www.uci.edu/' TITLE='University of California, Irvine'></a>\n\n         <a id='school_link' href='http://www.ics.uci.edu/' TITLE='Donald Bren School of Information and Computer Sciences'></a>\n\n      </div>\n\n   </h1></div><div class=\"widget-area header-widget-area\"><section id=\"search-4\" class=\"widget widget_search\"><div class=\"widget-wrap\"><form class=\"search-form\" itemprop=\"potentialAction\" itemscope itemtype=\"http://schema.org/SearchAction\" method=\"get\" action=\"https://www.cs.uci.edu/\" role=\"search\"><meta itemprop=\"target\" content=\"https://www.cs.uci.edu/?s={s}\"/><input itemprop=\"query-input\" type=\"search\" name=\"s\" placeholder=\"Search this site...\" /><input type=\"submit\" value=\"Search\"  /></form></div></section>\n</div></div></header><nav class=\"nav-primary\" itemscope itemtype=\"http://schema.org/SiteNavigationElement\"><div class=\"wrap\"><ul id=\"menu-header-menu\" class=\"menu genesis-nav-menu menu-primary\"><li id=\"menu-item-17\" class=\"menu-item menu-item-type-post_type menu-item-object-page menu-item-has-children menu-item-17\"><a href=\"https://www.cs.uci.edu/about-the-department/\" itemprop=\"url\"><span itemprop=\"name\">Explore</span></a>\n<ul class=\"sub-menu\">\n\t<li id=\"menu-item-58\" class=\"menu-item menu-item-type-post_type menu-item-object-page menu-item-58\"><a href=\"https://www.cs.uci.edu/contact/\" itemprop=\"url\"><span itemprop=\"name\">Contact Us</span></a></li>\n</ul>\n</li>\n<li id=\"menu-item-16\" class=\"menu-item menu-item-type-post_type menu-item-object-page menu-item-16\"><a href=\"https://www.cs.uci.edu/faculty/\" itemprop=\"url\"><span itemprop=\"name\">Faculty</span></a></li>\n<li id=\"menu-item-18\" class=\"menu-item menu-item-type-custom menu-item-object-custom menu-item-has-children menu-item-18\"><a href=\"#\" itemprop=\"url\"><span itemprop=\"name\">Research</span></a>\n<ul class=\"sub-menu\">\n\t<li id=\"menu-item-2407\" class=\"menu-item menu-item-type-post_type menu-item-object-page menu-item-2407\"><a href=\"https://www.cs.uci.edu/cs-research-areas/\" itemprop=\"url\"><span itemprop=\"name\">Research Areas</span></a></li>\n\t<li id=\"menu-item-50\" class=\"menu-item menu-item-type-post_type menu-item-object-page menu-item-50\"><a href=\"https://www.cs.uci.edu/research-centers/\" itemprop=\"url\"><span itemprop=\"name\">Research Centers</span></a></li>\n</ul>\n</li>\n<li id=\"menu-item-370\" class=\"menu-item menu-item-type-custom menu-item-object-custom menu-item-has-children menu-item-370\"><a href=\"#\" itemprop=\"url\"><span itemprop=\"name\">Graduate Degrees</span></a>\n<ul class=\"sub-menu\">\n\t<li id=\"menu-item-372\" class=\"menu-item menu-item-type-post_type menu-item-object-page menu-item-372\"><a href=\"https://www.cs.uci.edu/graduate-computer-science-programs/\" itemprop=\"url\"><span itemprop=\"name\">Computer Science Programs</span></a></li>\n\t<li id=\"menu-item-371\" class=\"menu-item menu-item-type-post_type menu-item-object-page menu-item-371\"><a href=\"https://www.cs.uci.edu/current-graduate-students/\" itemprop=\"url\"><span itemprop=\"name\">Current Graduate Students</span></a></li>\n</ul>\n</li>\n<li id=\"menu-item-1915\" class=\"menu-item menu-item-type-post_type menu-item-object-page menu-item-1915\"><a href=\"https://www.cs.uci.edu/undergraduate-programs/\" itemprop=\"url\"><span itemprop=\"name\">Undergraduate Degrees</span></a></li>\n<li id=\"menu-item-1382\" class=\"menu-item menu-item-type-custom menu-item-object-custom menu-item-has-children menu-item-1382\"><a href=\"#\" itemprop=\"url\"><span itemprop=\"name\">News  &#038; Events</span></a>\n<ul class=\"sub-menu\">\n\t<li id=\"menu-item-1688\" class=\"menu-item menu-item-type-custom menu-item-object-custom menu-item-1688\"><a href=\"/news\" itemprop=\"url\"><span itemprop=\"name\">News</span></a></li>\n\t<li id=\"menu-item-1423\" class=\"menu-item menu-item-type-custom menu-item-object-custom menu-item-1423\"><a href=\"/events/computer-science-seminar-series/\" itemprop=\"url\"><span itemprop=\"name\">Seminar Series</span></a></li>\n\t<li id=\"menu-item-1655\" class=\"menu-item menu-item-type-custom menu-item-object-custom menu-item-1655\"><a href=\"/events/distinguished-lecture-series/\" itemprop=\"url\"><span itemprop=\"name\">Distinguished Lecture Series</span></a></li>\n\t<li id=\"menu-item-1442\" class=\"menu-item menu-item-type-custom menu-item-object-custom menu-item-1442\"><a href=\"/event/2017-computer-science-research-showcase/\" itemprop=\"url\"><span itemprop=\"name\">Research Showcase</span></a></li>\n</ul>\n</li>\n<li id=\"menu-item-1873\" class=\"menu-item menu-item-type-custom menu-item-object-custom menu-item-has-children menu-item-1873\"><a href=\"#\" itemprop=\"url\"><span itemprop=\"name\"><span class=\"apply-now-btn\">Apply Now</span></span></a>\n<ul class=\"sub-menu\">\n\t<li id=\"menu-item-1875\" class=\"menu-item menu-item-type-custom menu-item-object-custom menu-item-1875\"><a target=\"_blank\" rel=\"noopener noreferrer\" href=\"https://www.admissions.uci.edu/apply/index.php\" itemprop=\"url\"><span itemprop=\"name\">Undergraduate Admissions</span></a></li>\n\t<li id=\"menu-item-1874\" class=\"menu-item menu-item-type-custom menu-item-object-custom menu-item-1874\"><a target=\"_blank\" rel=\"noopener noreferrer\" href=\"https://apply.grad.uci.edu/apply/\" itemprop=\"url\"><span itemprop=\"name\">Graduate Admissions</span></a></li>\n\t<li id=\"menu-item-1927\" class=\"menu-item menu-item-type-post_type menu-item-object-page menu-item-1927\"><a href=\"https://www.cs.uci.edu/job-opportunities/\" itemprop=\"url\"><span itemprop=\"name\">Faculty Candidates</span></a></li>\n</ul>\n</li>\n</ul></div></nav><div class=\"site-inner\"><div class=\"content-sidebar-wrap\"><main class=\"content\"><article class=\"post-2242 post type-post status-publish format-standard category-feature entry\" itemscope itemtype=\"http://schema.org/CreativeWork\"><header class=\"entry-header\"><h1 class=\"entry-title\" itemprop=\"headline\">Unlocking Data for Smart Firefighting</h1> \n<p class=\"entry-meta\"><time class=\"entry-time\" itemprop=\"datePublished\" datetime=\"2019-05-02T12:55:20-07:00\">May 2, 2019</time> </p></header><div class=\"entry-content\" itemprop=\"text\">\n<p>It has been more than 15 years since Computer Science Professor <a href=\"https://www.ics.uci.edu/~nalini/\">Nalini Venkatasubramanian</a> first realized the relevance of her research to firefighting. \u201cWe started looking at the area of information flow for emergency response soon after 9/11,\u201d she says, referring to her work with Computer Science Professor <a href=\"https://www.ics.uci.edu/~sharad/\">Sharad Mehrotra</a> on a large National Science Foundation (<a href=\"https://www.nsf.gov/\">NSF</a>) Information Technology Research project called <a href=\"https://www.nsf.gov/news/news_summ.jsp?cntn_id=110144\">Rescue</a>. \u201cIn the process of working through the project\u2026 it came to our attention that firefighting was a domain that could use a lot of the technologies we were developing.\u201d<br></p>\n\n\n\n<span id=\"more-2242\"></span>\n\n\n\n<div class=\"wp-block-image\"><figure class=\"alignright is-resized\"><img src=\"http://www.cs.uci.edu/wp-content/cs/uploads/Nalini.jpg\" alt=\"\" class=\"wp-image-2248\" width=\"250\" height=\"250\" srcset=\"https://www.cs.uci.edu/wp-content/cs/uploads/Nalini.jpg 1000w, https://www.cs.uci.edu/wp-content/cs/uploads/Nalini-150x150.jpg 150w, https://www.cs.uci.edu/wp-content/cs/uploads/Nalini-300x300.jpg 300w, https://www.cs.uci.edu/wp-content/cs/uploads/Nalini-768x768.jpg 768w\" sizes=\"(max-width: 250px) 100vw, 250px\" /><figcaption>Professor Nalini Venkatasubramanian</figcaption></figure></div>\n\n\n\n<p>Since then, they have worked on a variety of related projects, including <a href=\"http://cert.ics.uci.edu/SAFIRE/index.html\">SAFIRE</a>, which focused on Situational Awareness for Firefighters and was funded by the Department of Homeland Security (<a href=\"https://www.dhs.gov/\">DHS</a>). Partnering with firefighting agencies across Southern California, they have closely aligned their research efforts in the Donald Bren School of Information and Computer Sciences (<a href=\"https://www.ics.uci.edu/\">ICS</a>) with the practical needs of various fire departments. Venkatasubramanian and her team also contributed to a National Fire Protection Association (<a href=\"https://www.nfpa.org/\">NFPA</a>) <a href=\"https://www.nfpa.org/SmartFireFighting\">report</a>, \u201cDeveloping a Research Roadmap for the Smart Fire Fighter of the Future.\u201d<br></p>\n\n\n\n<p>Venkatasubramanian and Mehrotra\u2019s current project, <a href=\"https://www.ics.uci.edu/~dsm/scifire/\">SciFire</a>, is a collaboration with Casey Grant and Kathleen Almand of the NFPA. Through the National Institute of Standards and Technology (<a href=\"https://www.nist.gov/\">NIST</a>), they recently received a second year of funding for their work to better enable infrastructure and information resilience for smart firefighting.<br></p>\n\n\n\n<p><strong>Delivering Data for Situational Awareness</strong><br>The SciFire project continues the earlier work on situational awareness, using emerging Internet of Things (IoT) technologies to make improvements. During the project\u2019s first year, the researchers explored how best to gather and prioritize heterogeneous sensory data from smart spaces for various stakeholders during structural fires \u2014 though, as <a href=\"https://www.nfpa.org/News-and-Research/Publications-and-Media/NFPA-Journal/2018/May-June-2018/Columns/Research\">Grant notes</a> in a piece written for the <em>NFPA Journal</em>, the data could be used during other emergency situations as well. The team is now working to improve the reliability and resilience of the information gathered and distributed.<br></p>\n\n\n\n<p><strong>\u201c</strong>It\u2019s a very exciting project, but we\u2019re taking it step by step because there are a lot of technology challenges at the device layer, network layer, information layer and human layer,\u201d says Venkatasubramanian. \u201cWe\u2019re taking a structured <a href=\"https://www.ics.uci.edu/~dsm/scifire/research.html\">approach</a> that addresses both infrastructure and information reliability challenges to develop meaningful technologies for firefighters in failure-prone scenarios.\u201d<br></p>\n\n\n\n<p><strong>Understanding Real-World Challenges</strong><br>Enthusiasm for new technology must be balanced with the realities of the job. Thanks to previous experiences participating in drills and \u201clive burn\u201d training exercises, Venkatasubramanian knows all too well the challenges that come with real-world deployment. \u201cDuring live burns, camera visibility was reduced because of smoke,\u201d she says. \u201cWe even experienced failure when components melted!\u201d Solutions must consider the extreme conditions as well as the building materials and how they interfere with data transmission and communication.<br></p>\n\n\n\n<div class=\"wp-block-image\"><figure class=\"aligncenter is-resized\"><img src=\"http://www.cs.uci.edu/wp-content/cs/uploads/Nalini_SafireDrill6-1024x583.jpg\" alt=\"\" class=\"wp-image-2244\" width=\"512\" height=\"292\" srcset=\"https://www.cs.uci.edu/wp-content/cs/uploads/Nalini_SafireDrill6-1024x583.jpg 1024w, https://www.cs.uci.edu/wp-content/cs/uploads/Nalini_SafireDrill6-300x171.jpg 300w, https://www.cs.uci.edu/wp-content/cs/uploads/Nalini_SafireDrill6-768x437.jpg 768w, https://www.cs.uci.edu/wp-content/cs/uploads/Nalini_SafireDrill6.jpg 1276w\" sizes=\"(max-width: 512px) 100vw, 512px\" /><figcaption>One of the \u201clive burn\u201d training exercises Nalini Venkatasubramanian attended.</figcaption></figure></div>\n\n\n\n<p>Furthermore, firefighters can\u2019t be distracted from their main objective, so any engagement with technology must be seamless. Also, because firefighters already carry a significant amount of equipment to perform their job, researchers can\u2019t keep piling on more and more devices. As one firefighter indicated, \u201cI\u2019m not a Christmas tree!\u201d<br></p>\n\n\n\n<p><strong>Leveraging Smart Buildings</strong><br>This is where IoT can come into play, and Donald Bren Hall is serving as a testbed for the project. For over a year now, Venkatasubramanian and Mehrotra have been working with other ICS researchers, including Informatics Professor <a href=\"https://www.ics.uci.edu/~kobsa/\">Alfred Kobsa</a> and a team of Information Systems Group (<a href=\"https://isg.ics.uci.edu/\">ISG</a>) students, to transform DBH into a smart building through the Testbed for IoT-based Privacy-Preserving PERvasive Spaces (<a href=\"http://tippersweb.ics.uci.edu/\">TIPPERS</a>) project. The TIPPERS team has built a system that manages more than 7,000 sensors in DBH and dynamically translates raw observations from those sensors into semantically meaningful interpretations (such as occupancy levels in different parts of the building or the location of people).<br></p>\n\n\n\n<p>\u201cBuildings are smart these days,\u201d explains Venkatasubramanian. \u201cAn infrastructure might have data that can help during the firefighting process, but firefighters need access to that information.\u201d The plan is to create a digital version of a Knox Box. A typical Knox Box is a small safe mounted on an outside wall that holds keys to the building, which firefighters can access during an emergency. \u201cWe\u2019re trying to create an electronic Knox Box, an Ebox, so when there is electronic information associated with the building, firefighters can access it during a fire.\u201d The Ebox aims to provide information such as floor plans, Wi-Fi passwords, sensor data and surveillance camera footage from the building.<br></p>\n\n\n\n<p>In addition to creating an Ebox to gather and store this information, the team has also developed FireDex, a fire data exchange system that defines access levels and prioritizes information. \u201cGiven network constraints, it\u2019s less important to send camera feeds of a lecture or an empty hallway than to send a visual of regions impacted by the fire,\u201d says Venkatasubramanian. FireDex uses software-defined mechanisms to decide how to prioritize data that\u2019s useful for firefighters and deliver that data to the appropriate people in real time.<br></p>\n\n\n\n<p><strong>Addressing Privacy Concerns</strong><br>Another challenge with smart spaces is knowing when and how to release otherwise private information. Fortunately, the TIPPERS project is particularly well suited for this work, given its emphasis on privacy-preserving spaces.<br></p>\n\n\n\n<p>\u201cPrivacy is a very interesting issue,\u201d says Mehrotra. \u201cYou want to be found when a fire happens, but you don\u2019t want to be tracked all the time. Can we design mechanisms that determine when and what to capture during an event?\u201d One option is to tell system users during initial set up that if smoke in the building reaches a certain level, or if an alarm goes off, it will trigger the system to capture otherwise blocked location data to ensure you can be found during an emergency.<br></p>\n\n\n\n<p><strong>Scaling the System</strong><br>The project involves taking what is learned from DBH and scaling it for high-rise buildings. \u201cWe\u2019re building the data management technology to scale, so as the sensor data comes in for six floors, we can scale it up to 100 floors using simulation and modeling technologies,\u201d says Venkatasubramanian. Eventually, this could be expanded to gather data from multiple buildings to address fires in larger smart spaces and in the wildland urban interface (WUI).<br></p>\n\n\n\n<p>\u201cThe WUI, which is a little more like the <a href=\"https://www.usatoday.com/story/news/nation/2018/11/09/camp-fire-paradise-california-destroyed-evacuations/1940450002/\">Paradise fire</a>, is different from structural files,\u201d she explains, \u201cbut FireDex could work here as well.\u201d The system could collect information from different sources at various locations, including sensors that capture air quality. \u201cGetting external information about the weather and which way the wind is blowing and assimilating all that information could help firefighters more strategically battle fires and better keep themselves safe.\u201d<br></p>\n\n\n\n<p>So hopefully, by the time another 15 years rolls around, all of this research will have been transformed into a well-integrated tool for firefighters that offers seamless access to critical information.</p>\n\n\n\n<p>\n\u2014 <em>Shani Murray</em></p>\n<!--<rdf:RDF xmlns:rdf=\"http://www.w3.org/1999/02/22-rdf-syntax-ns#\"\n\t\t\txmlns:dc=\"http://purl.org/dc/elements/1.1/\"\n\t\t\txmlns:trackback=\"http://madskills.com/public/xml/rss/module/trackback/\">\n\t\t<rdf:Description rdf:about=\"https://www.cs.uci.edu/unlocking-data-for-smart-firefighting/\"\n    dc:identifier=\"https://www.cs.uci.edu/unlocking-data-for-smart-firefighting/\"\n    dc:title=\"Unlocking Data for Smart Firefighting\"\n    trackback:ping=\"https://www.cs.uci.edu/unlocking-data-for-smart-firefighting/trackback/\" />\n</rdf:RDF>-->\n</div><footer class=\"entry-footer\"></footer></article><div class=\"adjacent-entry-pagination pagination\"><div class=\"pagination-previous alignleft\"><a href=\"https://www.cs.uci.edu/ics-finalist-in-uci-stock-market-competition-two-years-in-a-row/\" rel=\"prev\">&#x000AB; ICS Finalist in UCI Stock Market Competition Two Years in a Row</a></div><div class=\"pagination-next alignright\"><a href=\"https://www.cs.uci.edu/upcoming-symposium-on-cutting-edge-ai-biomedicine-research/\" rel=\"next\">Upcoming Symposium on Cutting-Edge AI &#038; Biomedicine Research &#x000BB;</a></div></div></main><aside class=\"sidebar sidebar-primary widget-area\" role=\"complementary\" aria-label=\"Primary Sidebar\" itemscope itemtype=\"http://schema.org/WPSideBar\">\t\t<section id=\"recent-posts-3\" class=\"widget widget_recent_entries\"><div class=\"widget-wrap\">\t\t<h4 class=\"widget-title widgettitle\">Latest news</h4>\n\t\t<ul>\n\t\t\t\t\t\t\t\t\t\t\t<li>\n\t\t\t\t\t<a href=\"https://www.cs.uci.edu/sangeetha-abdu-jyothi-attends-the-heidelberg-laureate-forum/\">Sangeetha Abdu Jyothi Attends the Heidelberg Laureate Forum</a>\n\t\t\t\t\t\t\t\t\t\t\t<span class=\"post-date\">October 8, 2019</span>\n\t\t\t\t\t\t\t\t\t</li>\n\t\t\t\t\t\t\t\t\t\t\t<li>\n\t\t\t\t\t<a href=\"https://www.cs.uci.edu/senior-spotlight-taneisha-arora-pursues-her-passions-from-working-in-industry-to-running-a-bakery/\">Senior Spotlight: Taneisha Arora Pursues Her Passions, From Working in Industry to Running a Bakery</a>\n\t\t\t\t\t\t\t\t\t\t\t<span class=\"post-date\">October 7, 2019</span>\n\t\t\t\t\t\t\t\t\t</li>\n\t\t\t\t\t\t\t\t\t\t\t<li>\n\t\t\t\t\t<a href=\"https://www.cs.uci.edu/ramesh-jain-wins-inaugural-ieee-tcmc-impact-award/\">Ramesh Jain Wins Inaugural IEEE TCMC Impact Award</a>\n\t\t\t\t\t\t\t\t\t\t\t<span class=\"post-date\">October 3, 2019</span>\n\t\t\t\t\t\t\t\t\t</li>\n\t\t\t\t\t\t\t\t\t\t\t<li>\n\t\t\t\t\t<a href=\"https://www.cs.uci.edu/uci-other-researchers-develop-deep-learning-technique-to-id-at-risk-anatomy-in-ct-scans/\">UCI, other researchers develop deep-learning technique to ID at-risk anatomy in CT scans</a>\n\t\t\t\t\t\t\t\t\t\t\t<span class=\"post-date\">October 2, 2019</span>\n\t\t\t\t\t\t\t\t\t</li>\n\t\t\t\t\t\t\t\t\t\t\t<li>\n\t\t\t\t\t<a href=\"https://www.cs.uci.edu/science-101-ai-solves-a-rubiks-cube-without-human-help-pierre-baldi-research-mentioned/\">Science 101: &#8220;AI solves a Rubik\u2019s cube without human help&#8221; (Pierre Baldi research mentioned)</a>\n\t\t\t\t\t\t\t\t\t\t\t<span class=\"post-date\">September 27, 2019</span>\n\t\t\t\t\t\t\t\t\t</li>\n\t\t\t\t\t</ul>\n\t\t</div></section>\n</aside></div></div><footer class=\"site-footer\" itemscope itemtype=\"http://schema.org/WPFooter\"><div class=\"wrap\">\t\t\t<div class=\"group\">\n\n\t\t\t\t<div id=\"bren\">\n\t\t\t\t\t\t<a href=\"http://www.ics.uci.edu/\"><img src=\"//www.cs.uci.edu//wp-content/cs/uploads/DBren_InfoCompSc_logo-UPDATED.png\"></a>\n\t\t\t\t</div>\n\n\t\t\t\t<div class=\"footer-info\">\n\t\t\t\t\t<UL>\n\t\t\t\t\t   <LI>&copy; 2019 UC Regents</LI>\n\t\t\t\t\t   <LI><A HREF=\"mailto:communications@ics.uci.edu\">Feedback</A></LI>\n\t\t\t\t\t   <LI><A HREF=\"http://uci.edu/privacy/\">Privacy Policy</A></LI>\n\t\t\t\t\t</UL>\n\t\t\t\t</div><!-- .footer-info -->\n\n\t\t\t</div>\n\t</div></footer></div><script type='text/javascript'>\nvar colomatduration = 'fast';\nvar colomatslideEffect = 'slideFade';\n</script>\t\t<script>\n\t\t( function ( body ) {\n\t\t\t'use strict';\n\t\t\tbody.className = body.className.replace( /\\btribe-no-js\\b/, 'tribe-js' );\n\t\t} )( document.body );\n\t\t</script>\n\t\t<script>\n  (function(i,s,o,g,r,a,m){i['GoogleAnalyticsObject']=r;i[r]=i[r]||function(){\n  (i[r].q=i[r].q||[]).push(arguments)},i[r].l=1*new Date();a=s.createElement(o),\n  m=s.getElementsByTagName(o)[0];a.async=1;a.src=g;m.parentNode.insertBefore(a,m)\n  })(window,document,'script','https://www.google-analytics.com/analytics.js','ga');\n\n  ga('create', 'UA-605898-2', 'auto');\n  ga('send', 'pageview');\n\n</script>\n<script type='text/javascript'>jQuery(document).ready(function($) {$(\".flexslider\").flexslider({controlsContainer: \"#genesis-responsive-slider\",animation: \"fade\",directionNav: 0,controlNav: 1,animationDuration: 1000,slideshowSpeed: 10000    });  });</script><script> /* <![CDATA[ */var tribe_l10n_datatables = {\"aria\":{\"sort_ascending\":\": activate to sort column ascending\",\"sort_descending\":\": activate to sort column descending\"},\"length_menu\":\"Show _MENU_ entries\",\"empty_table\":\"No data available in table\",\"info\":\"Showing _START_ to _END_ of _TOTAL_ entries\",\"info_empty\":\"Showing 0 to 0 of 0 entries\",\"info_filtered\":\"(filtered from _MAX_ total entries)\",\"zero_records\":\"No matching records found\",\"search\":\"Search:\",\"all_selected_text\":\"All items on this page were selected. \",\"select_all_link\":\"Select all pages\",\"clear_selection\":\"Clear Selection.\",\"pagination\":{\"all\":\"All\",\"next\":\"Next\",\"previous\":\"Previous\"},\"select\":{\"rows\":{\"0\":\"\",\"_\":\": Selected %d rows\",\"1\":\": Selected 1 row\"}},\"datepicker\":{\"dayNames\":[\"Sunday\",\"Monday\",\"Tuesday\",\"Wednesday\",\"Thursday\",\"Friday\",\"Saturday\"],\"dayNamesShort\":[\"Sun\",\"Mon\",\"Tue\",\"Wed\",\"Thu\",\"Fri\",\"Sat\"],\"dayNamesMin\":[\"S\",\"M\",\"T\",\"W\",\"T\",\"F\",\"S\"],\"monthNames\":[\"January\",\"February\",\"March\",\"April\",\"May\",\"June\",\"July\",\"August\",\"September\",\"October\",\"November\",\"December\"],\"monthNamesShort\":[\"January\",\"February\",\"March\",\"April\",\"May\",\"June\",\"July\",\"August\",\"September\",\"October\",\"November\",\"December\"],\"nextText\":\"Next\",\"prevText\":\"Prev\",\"currentText\":\"Today\",\"closeText\":\"Done\"}};/* ]]> */ </script><script type='text/javascript' src='https://www.cs.uci.edu/wp-content/cs/plugins/jquery-collapse-o-matic/js/collapse.js?ver=1.6.5'></script>\n<script type='text/javascript' src='https://www.cs.uci.edu/wp-content/cs/plugins/genesis-responsive-slider/js/jquery.flexslider.js?ver=0.9.5'></script>\n<script type='text/javascript' src='https://www.cs.uci.edu/wp-includes/js/wp-embed.min.js?ver=5.2.3'></script>\n</body></html>\r\n", "encoding": "utf-8"}