{"url": "https://www.cs.uci.edu/event/renee-j-miller/", "content": "<!DOCTYPE html>\n<html lang=\"en-US\">\n<head >\n<meta charset=\"UTF-8\" />\n<title>Ren\u00e9e J. Miller</title>\t\t<meta name=\"robots\" content=\"noodp,noydir\" />\n\t\t<meta name=\"viewport\" content=\"width=device-width, initial-scale=1\" />\n\n\t\t<style type=\"text/css\">\n\t\t\t.slide-excerpt { width: 50%; }\n\t\t\t.slide-excerpt { bottom: 0; }\n\t\t\t.slide-excerpt { left: 0; }\n\t\t\t.flexslider { max-width: 1180px; max-height: 340px; }\n\t\t\t.slide-image { max-height: 340px; }\n\t\t</style>\n\t\t<style type=\"text/css\">\n\t\t\t@media only screen\n\t\t\tand (min-device-width : 320px)\n\t\t\tand (max-device-width : 480px) {\n\t\t\t\t.slide-excerpt { display: none !important; }\n\t\t\t}\n\t\t</style> <link rel='dns-prefetch' href='//fonts.googleapis.com' />\n<link rel='dns-prefetch' href='//s.w.org' />\n<link rel=\"alternate\" type=\"application/rss+xml\" title=\"Department of Computer Science - Donald Bren School of Information &amp; Computer Sciences &raquo; Feed\" href=\"https://www.cs.uci.edu/feed/\" />\n<link rel=\"alternate\" type=\"application/rss+xml\" title=\"Department of Computer Science - Donald Bren School of Information &amp; Computer Sciences &raquo; Comments Feed\" href=\"https://www.cs.uci.edu/comments/feed/\" />\n<link rel=\"alternate\" type=\"text/calendar\" title=\"Department of Computer Science - Donald Bren School of Information &amp; Computer Sciences &raquo; iCal Feed\" href=\"https://www.cs.uci.edu/events/?ical=1\" />\n<link rel=\"canonical\" href=\"https://www.cs.uci.edu/event/renee-j-miller/\" />\n\t\t<script type=\"text/javascript\">\n\t\t\twindow._wpemojiSettings = {\"baseUrl\":\"https:\\/\\/s.w.org\\/images\\/core\\/emoji\\/12.0.0-1\\/72x72\\/\",\"ext\":\".png\",\"svgUrl\":\"https:\\/\\/s.w.org\\/images\\/core\\/emoji\\/12.0.0-1\\/svg\\/\",\"svgExt\":\".svg\",\"source\":{\"concatemoji\":\"https:\\/\\/www.cs.uci.edu\\/wp-includes\\/js\\/wp-emoji-release.min.js?ver=5.2.3\"}};\n\t\t\t!function(a,b,c){function d(a,b){var c=String.fromCharCode;l.clearRect(0,0,k.width,k.height),l.fillText(c.apply(this,a),0,0);var d=k.toDataURL();l.clearRect(0,0,k.width,k.height),l.fillText(c.apply(this,b),0,0);var e=k.toDataURL();return d===e}function e(a){var b;if(!l||!l.fillText)return!1;switch(l.textBaseline=\"top\",l.font=\"600 32px Arial\",a){case\"flag\":return!(b=d([55356,56826,55356,56819],[55356,56826,8203,55356,56819]))&&(b=d([55356,57332,56128,56423,56128,56418,56128,56421,56128,56430,56128,56423,56128,56447],[55356,57332,8203,56128,56423,8203,56128,56418,8203,56128,56421,8203,56128,56430,8203,56128,56423,8203,56128,56447]),!b);case\"emoji\":return b=d([55357,56424,55356,57342,8205,55358,56605,8205,55357,56424,55356,57340],[55357,56424,55356,57342,8203,55358,56605,8203,55357,56424,55356,57340]),!b}return!1}function f(a){var c=b.createElement(\"script\");c.src=a,c.defer=c.type=\"text/javascript\",b.getElementsByTagName(\"head\")[0].appendChild(c)}var g,h,i,j,k=b.createElement(\"canvas\"),l=k.getContext&&k.getContext(\"2d\");for(j=Array(\"flag\",\"emoji\"),c.supports={everything:!0,everythingExceptFlag:!0},i=0;i<j.length;i++)c.supports[j[i]]=e(j[i]),c.supports.everything=c.supports.everything&&c.supports[j[i]],\"flag\"!==j[i]&&(c.supports.everythingExceptFlag=c.supports.everythingExceptFlag&&c.supports[j[i]]);c.supports.everythingExceptFlag=c.supports.everythingExceptFlag&&!c.supports.flag,c.DOMReady=!1,c.readyCallback=function(){c.DOMReady=!0},c.supports.everything||(h=function(){c.readyCallback()},b.addEventListener?(b.addEventListener(\"DOMContentLoaded\",h,!1),a.addEventListener(\"load\",h,!1)):(a.attachEvent(\"onload\",h),b.attachEvent(\"onreadystatechange\",function(){\"complete\"===b.readyState&&c.readyCallback()})),g=c.source||{},g.concatemoji?f(g.concatemoji):g.wpemoji&&g.twemoji&&(f(g.twemoji),f(g.wpemoji)))}(window,document,window._wpemojiSettings);\n\t\t</script>\n\t\t<style type=\"text/css\">\nimg.wp-smiley,\nimg.emoji {\n\tdisplay: inline !important;\n\tborder: none !important;\n\tbox-shadow: none !important;\n\theight: 1em !important;\n\twidth: 1em !important;\n\tmargin: 0 .07em !important;\n\tvertical-align: -0.1em !important;\n\tbackground: none !important;\n\tpadding: 0 !important;\n}\n</style>\n\t<link rel='stylesheet' id='genesis-sample-theme-css'  href='https://www.cs.uci.edu/wp-content/cs/themes/genesis-cs-retry/style.css?ver=2.1.2' type='text/css' media='all' />\n<link rel='stylesheet' id='wp-block-library-css'  href='https://www.cs.uci.edu/wp-includes/css/dist/block-library/style.min.css?ver=5.2.3' type='text/css' media='all' />\n<link rel='stylesheet' id='feedzy-rss-feeds-css'  href='https://www.cs.uci.edu/wp-content/cs/plugins/feedzy-rss-feeds/css/feedzy-rss-feeds.css?ver=3.3.2' type='text/css' media='all' />\n<link rel='stylesheet' id='collapseomatic-css-css'  href='https://www.cs.uci.edu/wp-content/cs/plugins/jquery-collapse-o-matic/light_style.css?ver=1.6' type='text/css' media='all' />\n<link rel='stylesheet' id='tribe-events-custom-jquery-styles-css'  href='https://www.cs.uci.edu/wp-content/cs/plugins/the-events-calendar/vendor/jquery/smoothness/jquery-ui-1.8.23.custom.css?ver=5.2.3' type='text/css' media='all' />\n<link rel='stylesheet' id='tribe-accessibility-css-css'  href='https://www.cs.uci.edu/wp-content/cs/plugins/the-events-calendar/common/src/resources/css/accessibility.min.css?ver=4.7.11' type='text/css' media='all' />\n<link rel='stylesheet' id='tribe-events-full-calendar-style-css'  href='https://www.cs.uci.edu/wp-content/cs/plugins/the-events-calendar/src/resources/css/tribe-events-full.min.css?ver=4.6.14.1' type='text/css' media='all' />\n<link rel='stylesheet' id='tribe-events-calendar-style-css'  href='https://www.cs.uci.edu/wp-content/cs/plugins/the-events-calendar/src/resources/css/tribe-events-theme.min.css?ver=4.6.14.1' type='text/css' media='all' />\n<link rel='stylesheet' id='tribe-events-calendar-full-mobile-style-css'  href='https://www.cs.uci.edu/wp-content/cs/plugins/the-events-calendar/src/resources/css/tribe-events-full-mobile.min.css?ver=4.6.14.1' type='text/css' media='only screen and (max-width: 768px)' />\n<link rel='stylesheet' id='tribe-events-calendar-mobile-style-css'  href='https://www.cs.uci.edu/wp-content/cs/plugins/the-events-calendar/src/resources/css/tribe-events-theme-mobile.min.css?ver=4.6.14.1' type='text/css' media='only screen and (max-width: 768px)' />\n<link rel='stylesheet' id='google-fonts-css'  href='//fonts.googleapis.com/css?family=Lato%3A300%2C400%2C700&#038;ver=2.1.2' type='text/css' media='all' />\n<link rel='stylesheet' id='slider_styles-css'  href='https://www.cs.uci.edu/wp-content/cs/plugins/genesis-responsive-slider/style.css?ver=0.9.5' type='text/css' media='all' />\n<script type='text/javascript' src='https://www.cs.uci.edu/wp-includes/js/jquery/jquery.js?ver=1.12.4-wp'></script>\n<script type='text/javascript' src='https://www.cs.uci.edu/wp-includes/js/jquery/jquery-migrate.min.js?ver=1.4.1'></script>\n<script type='text/javascript' src='https://www.cs.uci.edu/wp-content/cs/plugins/the-events-calendar/vendor/jquery-resize/jquery.ba-resize.min.js?ver=1.1'></script>\n<script type='text/javascript'>\n/* <![CDATA[ */\nvar tribe_js_config = {\"permalink_settings\":\"\\/%postname%\\/\",\"events_post_type\":\"tribe_events\",\"events_base\":\"https:\\/\\/www.cs.uci.edu\\/events\\/\"};\n/* ]]> */\n</script>\n<script type='text/javascript' src='https://www.cs.uci.edu/wp-content/cs/plugins/the-events-calendar/src/resources/js/tribe-events.min.js?ver=4.6.14.1'></script>\n<!--[if lt IE 9]>\n<script type='text/javascript' src='https://www.cs.uci.edu/wp-content/cs/themes/genesis/lib/js/html5shiv.min.js?ver=3.7.3'></script>\n<![endif]-->\n<script type='text/javascript' src='https://www.cs.uci.edu/wp-content/cs/themes/genesis-cs-retry/js/jquery.collapse.js?ver=5.2.3'></script>\n<link rel='https://api.w.org/' href='https://www.cs.uci.edu/wp-json/' />\n<link rel=\"EditURI\" type=\"application/rsd+xml\" title=\"RSD\" href=\"https://www.cs.uci.edu/xmlrpc.php?rsd\" />\n<link rel=\"alternate\" type=\"application/json+oembed\" href=\"https://www.cs.uci.edu/wp-json/oembed/1.0/embed?url=https%3A%2F%2Fwww.cs.uci.edu%2Fevent%2Frenee-j-miller%2F\" />\n<link rel=\"alternate\" type=\"text/xml+oembed\" href=\"https://www.cs.uci.edu/wp-json/oembed/1.0/embed?url=https%3A%2F%2Fwww.cs.uci.edu%2Fevent%2Frenee-j-miller%2F&#038;format=xml\" />\n<meta name=\"tec-api-version\" content=\"v1\"><meta name=\"tec-api-origin\" content=\"https://www.cs.uci.edu\"><link rel=\"https://theeventscalendar.com/\" href=\"https://www.cs.uci.edu/wp-json/tribe/events/v1/events/1508\" /><link rel=\"icon\" href=\"https://www.cs.uci.edu/wp-content/cs/themes/genesis-cs-retry/images/favicon.ico\" />\n<link rel=\"pingback\" href=\"https://www.cs.uci.edu/xmlrpc.php\" />\n<script type=\"application/ld+json\">\r\n[{\"@context\":\"http://schema.org\",\"@type\":\"Event\",\"name\":\"Ren\\u00e9e J. Miller\",\"description\":\"&lt;p&gt;Evaluating Data Integration and Data Curation Systems&lt;/p&gt;\\\\n\",\"url\":\"https://www.cs.uci.edu/event/renee-j-miller/\",\"startDate\":\"2017-05-12T11:00:00+00:00\",\"endDate\":\"2017-05-12T12:00:00+00:00\",\"location\":{\"@type\":\"Place\",\"name\":\"DBH 6011\",\"description\":\"\",\"url\":false,\"address\":{\"@type\":\"PostalAddress\",\"streetAddress\":\"Donald Bren Hall\",\"addressLocality\":\"Irvine\",\"addressRegion\":\"CA\",\"postalCode\":\"92697\",\"addressCountry\":\"United States\"},\"telephone\":\"(949) 824-7651\",\"sameAs\":\"\"}}]\r\n</script>\t\t<style type=\"text/css\" id=\"wp-custom-css\">\n\t\t\t.job-ops .name{\n\twidth:53% !important;\n\tfont-size:.95em !important;\n\tline-height:1.5em !important;\n}\n.job-ops .job-number{\n\twidth:23% !important;\n\tfont-size:.75em !important;\n}\n.job-ops .submission-dates{\n\twidth:53% !important;\n\tfont-size:.95em !important;\n\tline-height:1.5em !important;\n}\n\n.people_table img{\n\twidth:150px;\n}\n\n.apply-now-btn{\n\tborder:1px solid #ffffff;\n\tborder-radius:3px;\n\tpadding:7px 15px 7px 15px;\n}\n.undergrad-tbl td{padding:10px;}\n.staffcsl-tbl td{padding:10px;}\n\n\n.rss_header { display: none;}\t\t</style>\n\t\t</head>\n<body class=\"tribe_events-template-default single single-tribe_events postid-1508 tribe-no-js tribe-filter-live header-image content-sidebar events-single tribe-events-style-full tribe-events-style-theme elementor-default tribe-theme-parent-genesis tribe-theme-child-genesis-cs-retry page-template-page-php singular\" itemscope itemtype=\"http://schema.org/WebPage\"><div class=\"site-container\"><header class=\"site-header\" itemscope itemtype=\"http://schema.org/WPHeader\"><div class=\"wrap\"><div class=\"title-area\"><h1 class=\"site-title\">\n\n      <div id='dept_header'>\n\n         <a id='dept_link' href='http://www.cs.uci.edu/' TITLE='Department of Computer Science in the Donald Bren School of Information and Computer Sciences @ UC Irvine'></a>\n\n         <a id='uci_link' href='http://www.uci.edu/' TITLE='University of California, Irvine'></a>\n\n         <a id='school_link' href='http://www.ics.uci.edu/' TITLE='Donald Bren School of Information and Computer Sciences'></a>\n\n      </div>\n\n   </h1></div><div class=\"widget-area header-widget-area\"><section id=\"search-4\" class=\"widget widget_search\"><div class=\"widget-wrap\"><form class=\"search-form\" itemprop=\"potentialAction\" itemscope itemtype=\"http://schema.org/SearchAction\" method=\"get\" action=\"https://www.cs.uci.edu/\" role=\"search\"><meta itemprop=\"target\" content=\"https://www.cs.uci.edu/?s={s}\"/><input itemprop=\"query-input\" type=\"search\" name=\"s\" placeholder=\"Search this site...\" /><input type=\"submit\" value=\"Search\"  /></form></div></section>\n</div></div></header><nav class=\"nav-primary\" itemscope itemtype=\"http://schema.org/SiteNavigationElement\"><div class=\"wrap\"><ul id=\"menu-header-menu\" class=\"menu genesis-nav-menu menu-primary\"><li id=\"menu-item-17\" class=\"menu-item menu-item-type-post_type menu-item-object-page menu-item-has-children menu-item-17\"><a href=\"https://www.cs.uci.edu/about-the-department/\" itemprop=\"url\"><span itemprop=\"name\">Explore</span></a>\n<ul class=\"sub-menu\">\n\t<li id=\"menu-item-58\" class=\"menu-item menu-item-type-post_type menu-item-object-page menu-item-58\"><a href=\"https://www.cs.uci.edu/contact/\" itemprop=\"url\"><span itemprop=\"name\">Contact Us</span></a></li>\n</ul>\n</li>\n<li id=\"menu-item-16\" class=\"menu-item menu-item-type-post_type menu-item-object-page menu-item-16\"><a href=\"https://www.cs.uci.edu/faculty/\" itemprop=\"url\"><span itemprop=\"name\">Faculty</span></a></li>\n<li id=\"menu-item-18\" class=\"menu-item menu-item-type-custom menu-item-object-custom menu-item-has-children menu-item-18\"><a href=\"#\" itemprop=\"url\"><span itemprop=\"name\">Research</span></a>\n<ul class=\"sub-menu\">\n\t<li id=\"menu-item-2407\" class=\"menu-item menu-item-type-post_type menu-item-object-page menu-item-2407\"><a href=\"https://www.cs.uci.edu/cs-research-areas/\" itemprop=\"url\"><span itemprop=\"name\">Research Areas</span></a></li>\n\t<li id=\"menu-item-50\" class=\"menu-item menu-item-type-post_type menu-item-object-page menu-item-50\"><a href=\"https://www.cs.uci.edu/research-centers/\" itemprop=\"url\"><span itemprop=\"name\">Research Centers</span></a></li>\n</ul>\n</li>\n<li id=\"menu-item-370\" class=\"menu-item menu-item-type-custom menu-item-object-custom menu-item-has-children menu-item-370\"><a href=\"#\" itemprop=\"url\"><span itemprop=\"name\">Graduate Degrees</span></a>\n<ul class=\"sub-menu\">\n\t<li id=\"menu-item-372\" class=\"menu-item menu-item-type-post_type menu-item-object-page menu-item-372\"><a href=\"https://www.cs.uci.edu/graduate-computer-science-programs/\" itemprop=\"url\"><span itemprop=\"name\">Computer Science Programs</span></a></li>\n\t<li id=\"menu-item-371\" class=\"menu-item menu-item-type-post_type menu-item-object-page menu-item-371\"><a href=\"https://www.cs.uci.edu/current-graduate-students/\" itemprop=\"url\"><span itemprop=\"name\">Current Graduate Students</span></a></li>\n</ul>\n</li>\n<li id=\"menu-item-1915\" class=\"menu-item menu-item-type-post_type menu-item-object-page menu-item-1915\"><a href=\"https://www.cs.uci.edu/undergraduate-programs/\" itemprop=\"url\"><span itemprop=\"name\">Undergraduate Degrees</span></a></li>\n<li id=\"menu-item-1382\" class=\"menu-item menu-item-type-custom menu-item-object-custom menu-item-has-children menu-item-1382\"><a href=\"#\" itemprop=\"url\"><span itemprop=\"name\">News  &#038; Events</span></a>\n<ul class=\"sub-menu\">\n\t<li id=\"menu-item-1688\" class=\"menu-item menu-item-type-custom menu-item-object-custom menu-item-1688\"><a href=\"/news\" itemprop=\"url\"><span itemprop=\"name\">News</span></a></li>\n\t<li id=\"menu-item-1423\" class=\"menu-item menu-item-type-custom menu-item-object-custom menu-item-1423\"><a href=\"/events/computer-science-seminar-series/\" itemprop=\"url\"><span itemprop=\"name\">Seminar Series</span></a></li>\n\t<li id=\"menu-item-1655\" class=\"menu-item menu-item-type-custom menu-item-object-custom menu-item-1655\"><a href=\"/events/distinguished-lecture-series/\" itemprop=\"url\"><span itemprop=\"name\">Distinguished Lecture Series</span></a></li>\n\t<li id=\"menu-item-1442\" class=\"menu-item menu-item-type-custom menu-item-object-custom menu-item-1442\"><a href=\"/event/2017-computer-science-research-showcase/\" itemprop=\"url\"><span itemprop=\"name\">Research Showcase</span></a></li>\n</ul>\n</li>\n<li id=\"menu-item-1873\" class=\"menu-item menu-item-type-custom menu-item-object-custom menu-item-has-children menu-item-1873\"><a href=\"#\" itemprop=\"url\"><span itemprop=\"name\"><span class=\"apply-now-btn\">Apply Now</span></span></a>\n<ul class=\"sub-menu\">\n\t<li id=\"menu-item-1875\" class=\"menu-item menu-item-type-custom menu-item-object-custom menu-item-1875\"><a target=\"_blank\" rel=\"noopener noreferrer\" href=\"https://www.admissions.uci.edu/apply/index.php\" itemprop=\"url\"><span itemprop=\"name\">Undergraduate Admissions</span></a></li>\n\t<li id=\"menu-item-1874\" class=\"menu-item menu-item-type-custom menu-item-object-custom menu-item-1874\"><a target=\"_blank\" rel=\"noopener noreferrer\" href=\"https://apply.grad.uci.edu/apply/\" itemprop=\"url\"><span itemprop=\"name\">Graduate Admissions</span></a></li>\n\t<li id=\"menu-item-1927\" class=\"menu-item menu-item-type-post_type menu-item-object-page menu-item-1927\"><a href=\"https://www.cs.uci.edu/job-opportunities/\" itemprop=\"url\"><span itemprop=\"name\">Faculty Candidates</span></a></li>\n</ul>\n</li>\n</ul></div></nav><div class=\"site-inner\"><div class=\"content-sidebar-wrap\"><main class=\"content\"><article class=\"post-0 page type-page status-draft entry\" itemscope itemtype=\"http://schema.org/CreativeWork\"><header class=\"entry-header\"></header><div class=\"entry-content\" itemprop=\"text\"><div id=\"tribe-events\" class=\"tribe-no-js\" data-live_ajax=\"1\" data-datepicker_format=\"0\" data-category=\"\" data-featured=\"\"><div class=\"tribe-events-before-html\"></div><span class=\"tribe-events-ajax-loading\"><img class=\"tribe-events-spinner-medium\" src=\"https://www.cs.uci.edu/wp-content/cs/plugins/the-events-calendar/src/resources/images/tribe-loading.gif\" alt=\"Loading Events\" /></span>\n<div id=\"tribe-events-content\" class=\"tribe-events-single\">\n\n\t<p class=\"tribe-events-back\">\n\t\t<a href=\"https://www.cs.uci.edu/events/\"> &laquo; All Events</a>\n\t</p>\n\n\t<!-- Notices -->\n\t<div class=\"tribe-events-notices\"><ul><li>This event has passed.</li></ul></div>\n\t<h1 class=\"tribe-events-single-event-title\">Ren\u00e9e J. Miller</h1>\n\t<div class=\"tribe-events-schedule tribe-clearfix\">\n\t\t<h2><span class=\"tribe-event-date-start\">May 12, 2017 @ 11:00 am</span> - <span class=\"tribe-event-time\">12:00 pm</span></h2>\t\t\t</div>\n\n\t<!-- Event header -->\n\t<div id=\"tribe-events-header\"  data-title=\"Ren\u00e9e J. Miller &#8211; Department of Computer Science &#8211; Donald Bren School of Information &amp; Computer Sciences\">\n\t\t<!-- Navigation -->\n\t\t<h3 class=\"tribe-events-visuallyhidden\">Event Navigation</h3>\n\t\t<ul class=\"tribe-events-sub-nav\">\n\t\t\t<li class=\"tribe-events-nav-previous\"><a href=\"https://www.cs.uci.edu/event/2017-computer-science-research-showcase/\"><span>&laquo;</span> 2017 Computer Science Research Showcase</a></li>\n\t\t\t<li class=\"tribe-events-nav-next\"><a href=\"https://www.cs.uci.edu/event/manuel-blum/\">Manuel Blum <span>&raquo;</span></a></li>\n\t\t</ul>\n\t\t<!-- .tribe-events-sub-nav -->\n\t</div>\n\t<!-- #tribe-events-header -->\n\n\t\t\t<div id=\"post-1508\" class=\"post-1508 tribe_events type-tribe_events status-publish tribe_events_cat-lectures cat_lectures entry\">\n\t\t\t<!-- Event featured image, but exclude link -->\n\t\t\t\n\t\t\t<!-- Event content -->\n\t\t\t\t\t\t<div class=\"tribe-events-single-event-description tribe-events-content\">\n\t\t\t\t<p>Speaker: Prof. Ren\u00e9e J. Miller (Computer Science, University of Toronto)</p>\n<div>\n<p><b>Title:</b> Evaluating Data Integration and Data Curation Systems</p>\n<p><b>Abstract:</b> In this talk, I present some important innovations in data integration research over the last two decades. These include data exchange, which provides a foundation for reasoning about the correctness of transformed data, and the use of declarative mappings in integration, cleaning and more broadly data curation. I discuss how curation research has expanded from the enterprise to consider how to add value to open data, and how big data is changing the nature of curation solutions. While data integration and cleaning are very mature fields, rigorous empirical evaluations of systems are still relatively scarce. I discuss how developments in information integration over the last two decades enable evaluation. I also identify major roadblocks for empirical work including the lack of tools that aid in generating the inputs and gold standard outputs for integration or cleaning tasks in a controlled, effective, and repeatable manner. I give an overview of our efforts to develop such tools and highlight how our tools have been used for streamlining the empirical evaluation of a variety of systems.</p>\n<p><b>Bio:</b> Ren\u00e9e J. Miller is a Professor of Computer Science at the University of Toronto. She has been named fellow of the Royal Society of Canada (Canada\u2019s National Academy), ACM Fellow, and Bell Canada Chair of Information Systems. She received the US Presidential Early Career Award for Scientists and Engineers (PECASE), the highest honor bestowed by the United States government on outstanding scientists and engineers beginning their careers. She received an NSF CAREER Award, the Premier\u2019s Research Excellence Award, and an IBM Faculty Award. Her research is in the area of data integration and data curation. She and her co-authors received the ICDT Test-of-Time Award for their influential 2003 paper establishing the foundations of data exchange. She has served on the Board of Trustees of the VLDB Endowment and as President of the Endowment. Her research is funded by NSERC, NSF, IBM, SAP, and Bell Canada among others. She received her PhD in Computer Science from the University of Wisconsin, Madison and Bachelor\u2019s degrees in Mathematics and in Cognitive Science from MIT.</p>\n</div>\n<p><a href=\"http://www.cs.uci.edu/wp-content/cs/uploads/Miller.pdf\">Download PDF</a></p>\n\t\t\t</div>\n\t\t\t<!-- .tribe-events-single-event-description -->\n\t\t\t<div class=\"tribe-events-cal-links\"><a class=\"tribe-events-gcal tribe-events-button\" href=\"https://www.google.com/calendar/event?action=TEMPLATE&#038;text=Ren%C3%A9e+J.+Miller&#038;dates=20170512T110000/20170512T120000&#038;details=Speaker%3A+Prof.+Ren%C3%A9e+J.+Miller+%28Computer+Science%2C+University+of+Toronto%29+%0A%0ATitle%3A+Evaluating+Data+Integration+and+Data+Curation+Systems+%0AAbstract%3A+In+this+talk%2C+I+present+some+important+innovations+in+data+integration+research+over+the+last+two+decades.+These+include+data+exchange%2C+which+provides+a+foundation+for+reasoning+about+the+correctness+of+transformed+data%2C+and+the+use+of+declarative+mappings+in+integration%2C+cleaning+and+more+broadly+data+curation.+I+discuss+how+curation+research+has+expanded+from+the+enterprise+to+consider+how+to+add+value+to+open+data%2C+and+how+big+data+is+changing+the+nature+of+curation+solutions.+While+data+integration+and+cleaning+are+very+mature+fields%2C+rigorous+empirical+evaluations+of+systems+are+still+relatively+scarce.+I+discuss+how+developments+in+information+integration+over+the+last+two+decades+enable+evaluation.+I+also+identify+major+roadblocks+for+empirical+work+including+the+lack+of+tools+that+aid+in+generating+the+inputs+and+gold+standard+o+%28View+Full+Event+Description+Here%3A+https%3A%2F%2Fwww.cs.uci.edu%2Fevent%2Frenee-j-miller%2F%29&#038;location=Donald+Bren+Hall%2C+Irvine%2C+CA%2C+92697%2C+United+States&#038;trp=false&#038;sprop=website:https://www.cs.uci.edu&#038;ctz=Atlantic%2FAzores\" title=\"Add to Google Calendar\">+ Google Calendar</a><a class=\"tribe-events-ical tribe-events-button\" href=\"https://www.cs.uci.edu/event/renee-j-miller/?ical=1\" title=\"Download .ics file\" >+ iCal Export</a></div><!-- .tribe-events-cal-links -->\n\t\t\t<!-- Event meta -->\n\t\t\t\t\t\t\n\t<div class=\"tribe-events-single-section tribe-events-event-meta primary tribe-clearfix\">\n\n\n<div class=\"tribe-events-meta-group tribe-events-meta-group-details\">\n\t<h3 class=\"tribe-events-single-section-title\"> Details </h3>\n\t<dl>\n\n\t\t\n\t\t\t<dt> Date: </dt>\n\t\t\t<dd>\n\t\t\t\t<abbr class=\"tribe-events-abbr tribe-events-start-date published dtstart\" title=\"2017-05-12\"> May 12, 2017 </abbr>\n\t\t\t</dd>\n\n\t\t\t<dt> Time: </dt>\n\t\t\t<dd>\n\t\t\t\t<div class=\"tribe-events-abbr tribe-events-start-time published dtstart\" title=\"2017-05-12\">\n\t\t\t\t\t11:00 am - 12:00 pm\t\t\t\t</div>\n\t\t\t</dd>\n\n\t\t\n\t\t\n\t\t<dt>Event Category:</dt> <dd class=\"tribe-events-event-categories\"><a href=\"https://www.cs.uci.edu/events/category/lectures/\" rel=\"tag\">Distinguished Lecture Series</a></dd>\n\t\t\n\t\t\n\t\t\t</dl>\n</div>\n\n<div class=\"tribe-events-meta-group tribe-events-meta-group-venue\">\n\t<h3 class=\"tribe-events-single-section-title\"> Venue </h3>\n\t<dl>\n\t\t\n\t\t<dd class=\"tribe-venue\"> DBH 6011 </dd>\n\n\t\t\t\t\t<dd class=\"tribe-venue-location\">\n\t\t\t\t<address class=\"tribe-events-address\">\n\t\t\t\t\t<span class=\"tribe-address\">\n\n<span class=\"tribe-street-address\">Donald Bren Hall</span>\n\t\n\t\t<br>\n\t\t<span class=\"tribe-locality\">Irvine</span><span class=\"tribe-delimiter\">,</span>\n\n\t<abbr class=\"tribe-region tribe-events-abbr\" title=\"California\">CA</abbr>\n\n\t<span class=\"tribe-postal-code\">92697</span>\n\n\t<span class=\"tribe-country-name\">United States</span>\n\n</span>\n\n\t\t\t\t\t\t\t\t\t\t\t<a class=\"tribe-events-gmap\" href=\"https://maps.google.com/maps?f=q&#038;source=s_q&#038;hl=en&#038;geocode=&#038;q=Donald+Bren+Hall+Irvine+CA+92697+United+States\" title=\"Click to view a Google Map\" target=\"_blank\">+ Google Map</a>\t\t\t\t\t\t\t\t\t</address>\n\t\t\t</dd>\n\t\t\n\t\t\t\t\t<dt> Phone: </dt>\n\t\t\t<dd class=\"tribe-venue-tel\"> (949) 824-7651 </dd>\n\t\t\n\t\t\n\t\t\t</dl>\n</div>\n<div class=\"tribe-events-meta-group tribe-events-meta-group-gmap\">\n<div class=\"tribe-events-venue-map\">\n\t<div id=\"tribe-events-gmap-0\" style=\"height: 350px; width: 100%\"></div><!-- #tribe-events-gmap- -->\n</div>\n</div>\n\t</div>\n\n\n\t\t\t\t\t</div> <!-- #post-x -->\n\t\t\t\n\t<!-- Event footer -->\n\t<div id=\"tribe-events-footer\">\n\t\t<!-- Navigation -->\n\t\t<h3 class=\"tribe-events-visuallyhidden\">Event Navigation</h3>\n\t\t<ul class=\"tribe-events-sub-nav\">\n\t\t\t<li class=\"tribe-events-nav-previous\"><a href=\"https://www.cs.uci.edu/event/2017-computer-science-research-showcase/\"><span>&laquo;</span> 2017 Computer Science Research Showcase</a></li>\n\t\t\t<li class=\"tribe-events-nav-next\"><a href=\"https://www.cs.uci.edu/event/manuel-blum/\">Manuel Blum <span>&raquo;</span></a></li>\n\t\t</ul>\n\t\t<!-- .tribe-events-sub-nav -->\n\t</div>\n\t<!-- #tribe-events-footer -->\n\n</div><!-- #tribe-events-content -->\n<div class=\"tribe-events-after-html\"></div></div><!-- #tribe-events -->\n<!--\nThis calendar is powered by The Events Calendar.\nhttp://m.tri.be/18wn\n-->\n</div><footer class=\"entry-footer\"></footer></article></main><aside class=\"sidebar sidebar-primary widget-area\" role=\"complementary\" aria-label=\"Primary Sidebar\" itemscope itemtype=\"http://schema.org/WPSideBar\">\t\t<section id=\"recent-posts-3\" class=\"widget widget_recent_entries\"><div class=\"widget-wrap\">\t\t<h4 class=\"widget-title widgettitle\">Latest news</h4>\n\t\t<ul>\n\t\t\t\t\t\t\t\t\t\t\t<li>\n\t\t\t\t\t<a href=\"https://www.cs.uci.edu/sangeetha-abdu-jyothi-attends-the-heidelberg-laureate-forum/\">Sangeetha Abdu Jyothi Attends the Heidelberg Laureate Forum</a>\n\t\t\t\t\t\t\t\t\t\t\t<span class=\"post-date\">October 8, 2019</span>\n\t\t\t\t\t\t\t\t\t</li>\n\t\t\t\t\t\t\t\t\t\t\t<li>\n\t\t\t\t\t<a href=\"https://www.cs.uci.edu/senior-spotlight-taneisha-arora-pursues-her-passions-from-working-in-industry-to-running-a-bakery/\">Senior Spotlight: Taneisha Arora Pursues Her Passions, From Working in Industry to Running a Bakery</a>\n\t\t\t\t\t\t\t\t\t\t\t<span class=\"post-date\">October 7, 2019</span>\n\t\t\t\t\t\t\t\t\t</li>\n\t\t\t\t\t\t\t\t\t\t\t<li>\n\t\t\t\t\t<a href=\"https://www.cs.uci.edu/ramesh-jain-wins-inaugural-ieee-tcmc-impact-award/\">Ramesh Jain Wins Inaugural IEEE TCMC Impact Award</a>\n\t\t\t\t\t\t\t\t\t\t\t<span class=\"post-date\">October 3, 2019</span>\n\t\t\t\t\t\t\t\t\t</li>\n\t\t\t\t\t\t\t\t\t\t\t<li>\n\t\t\t\t\t<a href=\"https://www.cs.uci.edu/uci-other-researchers-develop-deep-learning-technique-to-id-at-risk-anatomy-in-ct-scans/\">UCI, other researchers develop deep-learning technique to ID at-risk anatomy in CT scans</a>\n\t\t\t\t\t\t\t\t\t\t\t<span class=\"post-date\">October 2, 2019</span>\n\t\t\t\t\t\t\t\t\t</li>\n\t\t\t\t\t\t\t\t\t\t\t<li>\n\t\t\t\t\t<a href=\"https://www.cs.uci.edu/science-101-ai-solves-a-rubiks-cube-without-human-help-pierre-baldi-research-mentioned/\">Science 101: &#8220;AI solves a Rubik\u2019s cube without human help&#8221; (Pierre Baldi research mentioned)</a>\n\t\t\t\t\t\t\t\t\t\t\t<span class=\"post-date\">September 27, 2019</span>\n\t\t\t\t\t\t\t\t\t</li>\n\t\t\t\t\t</ul>\n\t\t</div></section>\n</aside></div></div><footer class=\"site-footer\" itemscope itemtype=\"http://schema.org/WPFooter\"><div class=\"wrap\">\t\t\t<div class=\"group\">\n\n\t\t\t\t<div id=\"bren\">\n\t\t\t\t\t\t<a href=\"http://www.ics.uci.edu/\"><img src=\"//www.cs.uci.edu//wp-content/cs/uploads/DBren_InfoCompSc_logo-UPDATED.png\"></a>\n\t\t\t\t</div>\n\n\t\t\t\t<div class=\"footer-info\">\n\t\t\t\t\t<UL>\n\t\t\t\t\t   <LI>&copy; 2019 UC Regents</LI>\n\t\t\t\t\t   <LI><A HREF=\"mailto:communications@ics.uci.edu\">Feedback</A></LI>\n\t\t\t\t\t   <LI><A HREF=\"http://uci.edu/privacy/\">Privacy Policy</A></LI>\n\t\t\t\t\t</UL>\n\t\t\t\t</div><!-- .footer-info -->\n\n\t\t\t</div>\n\t</div></footer></div><script type='text/javascript'>\nvar colomatduration = 'fast';\nvar colomatslideEffect = 'slideFade';\n</script>\t\t<script>\n\t\t( function ( body ) {\n\t\t\t'use strict';\n\t\t\tbody.className = body.className.replace( /\\btribe-no-js\\b/, 'tribe-js' );\n\t\t} )( document.body );\n\t\t</script>\n\t\t<script>\n  (function(i,s,o,g,r,a,m){i['GoogleAnalyticsObject']=r;i[r]=i[r]||function(){\n  (i[r].q=i[r].q||[]).push(arguments)},i[r].l=1*new Date();a=s.createElement(o),\n  m=s.getElementsByTagName(o)[0];a.async=1;a.src=g;m.parentNode.insertBefore(a,m)\n  })(window,document,'script','https://www.google-analytics.com/analytics.js','ga');\n\n  ga('create', 'UA-605898-2', 'auto');\n  ga('send', 'pageview');\n\n</script>\n<script type='text/javascript'>jQuery(document).ready(function($) {$(\".flexslider\").flexslider({controlsContainer: \"#genesis-responsive-slider\",animation: \"fade\",directionNav: 0,controlNav: 1,animationDuration: 1000,slideshowSpeed: 10000    });  });</script><script> /* <![CDATA[ */var tribe_l10n_datatables = {\"aria\":{\"sort_ascending\":\": activate to sort column ascending\",\"sort_descending\":\": activate to sort column descending\"},\"length_menu\":\"Show _MENU_ entries\",\"empty_table\":\"No data available in table\",\"info\":\"Showing _START_ to _END_ of _TOTAL_ entries\",\"info_empty\":\"Showing 0 to 0 of 0 entries\",\"info_filtered\":\"(filtered from _MAX_ total entries)\",\"zero_records\":\"No matching records found\",\"search\":\"Search:\",\"all_selected_text\":\"All items on this page were selected. \",\"select_all_link\":\"Select all pages\",\"clear_selection\":\"Clear Selection.\",\"pagination\":{\"all\":\"All\",\"next\":\"Next\",\"previous\":\"Previous\"},\"select\":{\"rows\":{\"0\":\"\",\"_\":\": Selected %d rows\",\"1\":\": Selected 1 row\"}},\"datepicker\":{\"dayNames\":[\"Sunday\",\"Monday\",\"Tuesday\",\"Wednesday\",\"Thursday\",\"Friday\",\"Saturday\"],\"dayNamesShort\":[\"Sun\",\"Mon\",\"Tue\",\"Wed\",\"Thu\",\"Fri\",\"Sat\"],\"dayNamesMin\":[\"S\",\"M\",\"T\",\"W\",\"T\",\"F\",\"S\"],\"monthNames\":[\"January\",\"February\",\"March\",\"April\",\"May\",\"June\",\"July\",\"August\",\"September\",\"October\",\"November\",\"December\"],\"monthNamesShort\":[\"January\",\"February\",\"March\",\"April\",\"May\",\"June\",\"July\",\"August\",\"September\",\"October\",\"November\",\"December\"],\"nextText\":\"Next\",\"prevText\":\"Prev\",\"currentText\":\"Today\",\"closeText\":\"Done\"}};/* ]]> */ </script><script type='text/javascript' src='https://www.cs.uci.edu/wp-content/cs/plugins/jquery-collapse-o-matic/js/collapse.js?ver=1.6.5'></script>\n<script type='text/javascript' src='https://www.cs.uci.edu/wp-content/cs/plugins/genesis-responsive-slider/js/jquery.flexslider.js?ver=0.9.5'></script>\n<script type='text/javascript' src='https://www.cs.uci.edu/wp-includes/js/wp-embed.min.js?ver=5.2.3'></script>\n<script type='text/javascript' src='https://maps.googleapis.com/maps/api/js?key=AIzaSyD0aYtYZNFyWbHm0GHd38njnmZT6IRQEXs&#038;ver=5.2.3'></script>\n<script type='text/javascript'>\n/* <![CDATA[ */\nvar tribeEventsSingleMap = {\"addresses\":[{\"address\":\"Donald Bren Hall Irvine CA 92697 United States \",\"title\":\"DBH 6011\"}],\"zoom\":\"10\",\"pin_url\":\"\"};\n/* ]]> */\n</script>\n<script type='text/javascript' src='https://www.cs.uci.edu/wp-content/cs/plugins/the-events-calendar/src/resources/js/embedded-map.min.js?ver=5.2.3'></script>\n</body></html>\r\n", "encoding": "utf-8"}