{"url": "https://www.cs.uci.edu/trio-of-ics-professors-preview-tech-trends-for-2019/", "content": "<!DOCTYPE html>\n<html lang=\"en-US\">\n<head >\n<meta charset=\"UTF-8\" />\n<title>Trio of ICS Professors Preview Tech Trends for 2019</title>\t\t<meta name=\"robots\" content=\"noodp,noydir\" />\n\t\t<meta name=\"viewport\" content=\"width=device-width, initial-scale=1\" />\n\n\t\t<style type=\"text/css\">\n\t\t\t.slide-excerpt { width: 50%; }\n\t\t\t.slide-excerpt { bottom: 0; }\n\t\t\t.slide-excerpt { left: 0; }\n\t\t\t.flexslider { max-width: 1180px; max-height: 340px; }\n\t\t\t.slide-image { max-height: 340px; }\n\t\t</style>\n\t\t<style type=\"text/css\">\n\t\t\t@media only screen\n\t\t\tand (min-device-width : 320px)\n\t\t\tand (max-device-width : 480px) {\n\t\t\t\t.slide-excerpt { display: none !important; }\n\t\t\t}\n\t\t</style> <link rel='dns-prefetch' href='//fonts.googleapis.com' />\n<link rel='dns-prefetch' href='//s.w.org' />\n<link rel=\"alternate\" type=\"application/rss+xml\" title=\"Department of Computer Science - Donald Bren School of Information &amp; Computer Sciences &raquo; Feed\" href=\"https://www.cs.uci.edu/feed/\" />\n<link rel=\"alternate\" type=\"application/rss+xml\" title=\"Department of Computer Science - Donald Bren School of Information &amp; Computer Sciences &raquo; Comments Feed\" href=\"https://www.cs.uci.edu/comments/feed/\" />\n<link rel=\"alternate\" type=\"text/calendar\" title=\"Department of Computer Science - Donald Bren School of Information &amp; Computer Sciences &raquo; iCal Feed\" href=\"https://www.cs.uci.edu/events/?ical=1\" />\n<link rel=\"canonical\" href=\"https://www.cs.uci.edu/trio-of-ics-professors-preview-tech-trends-for-2019/\" />\n\t\t<script type=\"text/javascript\">\n\t\t\twindow._wpemojiSettings = {\"baseUrl\":\"https:\\/\\/s.w.org\\/images\\/core\\/emoji\\/12.0.0-1\\/72x72\\/\",\"ext\":\".png\",\"svgUrl\":\"https:\\/\\/s.w.org\\/images\\/core\\/emoji\\/12.0.0-1\\/svg\\/\",\"svgExt\":\".svg\",\"source\":{\"concatemoji\":\"https:\\/\\/www.cs.uci.edu\\/wp-includes\\/js\\/wp-emoji-release.min.js?ver=5.2.3\"}};\n\t\t\t!function(a,b,c){function d(a,b){var c=String.fromCharCode;l.clearRect(0,0,k.width,k.height),l.fillText(c.apply(this,a),0,0);var d=k.toDataURL();l.clearRect(0,0,k.width,k.height),l.fillText(c.apply(this,b),0,0);var e=k.toDataURL();return d===e}function e(a){var b;if(!l||!l.fillText)return!1;switch(l.textBaseline=\"top\",l.font=\"600 32px Arial\",a){case\"flag\":return!(b=d([55356,56826,55356,56819],[55356,56826,8203,55356,56819]))&&(b=d([55356,57332,56128,56423,56128,56418,56128,56421,56128,56430,56128,56423,56128,56447],[55356,57332,8203,56128,56423,8203,56128,56418,8203,56128,56421,8203,56128,56430,8203,56128,56423,8203,56128,56447]),!b);case\"emoji\":return b=d([55357,56424,55356,57342,8205,55358,56605,8205,55357,56424,55356,57340],[55357,56424,55356,57342,8203,55358,56605,8203,55357,56424,55356,57340]),!b}return!1}function f(a){var c=b.createElement(\"script\");c.src=a,c.defer=c.type=\"text/javascript\",b.getElementsByTagName(\"head\")[0].appendChild(c)}var g,h,i,j,k=b.createElement(\"canvas\"),l=k.getContext&&k.getContext(\"2d\");for(j=Array(\"flag\",\"emoji\"),c.supports={everything:!0,everythingExceptFlag:!0},i=0;i<j.length;i++)c.supports[j[i]]=e(j[i]),c.supports.everything=c.supports.everything&&c.supports[j[i]],\"flag\"!==j[i]&&(c.supports.everythingExceptFlag=c.supports.everythingExceptFlag&&c.supports[j[i]]);c.supports.everythingExceptFlag=c.supports.everythingExceptFlag&&!c.supports.flag,c.DOMReady=!1,c.readyCallback=function(){c.DOMReady=!0},c.supports.everything||(h=function(){c.readyCallback()},b.addEventListener?(b.addEventListener(\"DOMContentLoaded\",h,!1),a.addEventListener(\"load\",h,!1)):(a.attachEvent(\"onload\",h),b.attachEvent(\"onreadystatechange\",function(){\"complete\"===b.readyState&&c.readyCallback()})),g=c.source||{},g.concatemoji?f(g.concatemoji):g.wpemoji&&g.twemoji&&(f(g.twemoji),f(g.wpemoji)))}(window,document,window._wpemojiSettings);\n\t\t</script>\n\t\t<style type=\"text/css\">\nimg.wp-smiley,\nimg.emoji {\n\tdisplay: inline !important;\n\tborder: none !important;\n\tbox-shadow: none !important;\n\theight: 1em !important;\n\twidth: 1em !important;\n\tmargin: 0 .07em !important;\n\tvertical-align: -0.1em !important;\n\tbackground: none !important;\n\tpadding: 0 !important;\n}\n</style>\n\t<link rel='stylesheet' id='genesis-sample-theme-css'  href='https://www.cs.uci.edu/wp-content/cs/themes/genesis-cs-retry/style.css?ver=2.1.2' type='text/css' media='all' />\n<link rel='stylesheet' id='wp-block-library-css'  href='https://www.cs.uci.edu/wp-includes/css/dist/block-library/style.min.css?ver=5.2.3' type='text/css' media='all' />\n<link rel='stylesheet' id='feedzy-rss-feeds-css'  href='https://www.cs.uci.edu/wp-content/cs/plugins/feedzy-rss-feeds/css/feedzy-rss-feeds.css?ver=3.3.2' type='text/css' media='all' />\n<link rel='stylesheet' id='collapseomatic-css-css'  href='https://www.cs.uci.edu/wp-content/cs/plugins/jquery-collapse-o-matic/light_style.css?ver=1.6' type='text/css' media='all' />\n<link rel='stylesheet' id='google-fonts-css'  href='//fonts.googleapis.com/css?family=Lato%3A300%2C400%2C700&#038;ver=2.1.2' type='text/css' media='all' />\n<link rel='stylesheet' id='slider_styles-css'  href='https://www.cs.uci.edu/wp-content/cs/plugins/genesis-responsive-slider/style.css?ver=0.9.5' type='text/css' media='all' />\n<script type='text/javascript' src='https://www.cs.uci.edu/wp-includes/js/jquery/jquery.js?ver=1.12.4-wp'></script>\n<script type='text/javascript' src='https://www.cs.uci.edu/wp-includes/js/jquery/jquery-migrate.min.js?ver=1.4.1'></script>\n<!--[if lt IE 9]>\n<script type='text/javascript' src='https://www.cs.uci.edu/wp-content/cs/themes/genesis/lib/js/html5shiv.min.js?ver=3.7.3'></script>\n<![endif]-->\n<script type='text/javascript' src='https://www.cs.uci.edu/wp-content/cs/themes/genesis-cs-retry/js/jquery.collapse.js?ver=5.2.3'></script>\n<link rel='https://api.w.org/' href='https://www.cs.uci.edu/wp-json/' />\n<link rel=\"EditURI\" type=\"application/rsd+xml\" title=\"RSD\" href=\"https://www.cs.uci.edu/xmlrpc.php?rsd\" />\n<link rel=\"alternate\" type=\"application/json+oembed\" href=\"https://www.cs.uci.edu/wp-json/oembed/1.0/embed?url=https%3A%2F%2Fwww.cs.uci.edu%2Ftrio-of-ics-professors-preview-tech-trends-for-2019%2F\" />\n<link rel=\"alternate\" type=\"text/xml+oembed\" href=\"https://www.cs.uci.edu/wp-json/oembed/1.0/embed?url=https%3A%2F%2Fwww.cs.uci.edu%2Ftrio-of-ics-professors-preview-tech-trends-for-2019%2F&#038;format=xml\" />\n<meta name=\"tec-api-version\" content=\"v1\"><meta name=\"tec-api-origin\" content=\"https://www.cs.uci.edu\"><link rel=\"https://theeventscalendar.com/\" href=\"https://www.cs.uci.edu/wp-json/tribe/events/v1/\" /><link rel=\"icon\" href=\"https://www.cs.uci.edu/wp-content/cs/themes/genesis-cs-retry/images/favicon.ico\" />\n<link rel=\"pingback\" href=\"https://www.cs.uci.edu/xmlrpc.php\" />\n\t\t<style type=\"text/css\" id=\"wp-custom-css\">\n\t\t\t.job-ops .name{\n\twidth:53% !important;\n\tfont-size:.95em !important;\n\tline-height:1.5em !important;\n}\n.job-ops .job-number{\n\twidth:23% !important;\n\tfont-size:.75em !important;\n}\n.job-ops .submission-dates{\n\twidth:53% !important;\n\tfont-size:.95em !important;\n\tline-height:1.5em !important;\n}\n\n.people_table img{\n\twidth:150px;\n}\n\n.apply-now-btn{\n\tborder:1px solid #ffffff;\n\tborder-radius:3px;\n\tpadding:7px 15px 7px 15px;\n}\n.undergrad-tbl td{padding:10px;}\n.staffcsl-tbl td{padding:10px;}\n\n\n.rss_header { display: none;}\t\t</style>\n\t\t</head>\n<body class=\"post-template-default single single-post postid-1955 single-format-standard tribe-no-js header-image content-sidebar elementor-default\" itemscope itemtype=\"http://schema.org/WebPage\"><div class=\"site-container\"><header class=\"site-header\" itemscope itemtype=\"http://schema.org/WPHeader\"><div class=\"wrap\"><div class=\"title-area\"><h1 class=\"site-title\">\n\n      <div id='dept_header'>\n\n         <a id='dept_link' href='http://www.cs.uci.edu/' TITLE='Department of Computer Science in the Donald Bren School of Information and Computer Sciences @ UC Irvine'></a>\n\n         <a id='uci_link' href='http://www.uci.edu/' TITLE='University of California, Irvine'></a>\n\n         <a id='school_link' href='http://www.ics.uci.edu/' TITLE='Donald Bren School of Information and Computer Sciences'></a>\n\n      </div>\n\n   </h1></div><div class=\"widget-area header-widget-area\"><section id=\"search-4\" class=\"widget widget_search\"><div class=\"widget-wrap\"><form class=\"search-form\" itemprop=\"potentialAction\" itemscope itemtype=\"http://schema.org/SearchAction\" method=\"get\" action=\"https://www.cs.uci.edu/\" role=\"search\"><meta itemprop=\"target\" content=\"https://www.cs.uci.edu/?s={s}\"/><input itemprop=\"query-input\" type=\"search\" name=\"s\" placeholder=\"Search this site...\" /><input type=\"submit\" value=\"Search\"  /></form></div></section>\n</div></div></header><nav class=\"nav-primary\" itemscope itemtype=\"http://schema.org/SiteNavigationElement\"><div class=\"wrap\"><ul id=\"menu-header-menu\" class=\"menu genesis-nav-menu menu-primary\"><li id=\"menu-item-17\" class=\"menu-item menu-item-type-post_type menu-item-object-page menu-item-has-children menu-item-17\"><a href=\"https://www.cs.uci.edu/about-the-department/\" itemprop=\"url\"><span itemprop=\"name\">Explore</span></a>\n<ul class=\"sub-menu\">\n\t<li id=\"menu-item-58\" class=\"menu-item menu-item-type-post_type menu-item-object-page menu-item-58\"><a href=\"https://www.cs.uci.edu/contact/\" itemprop=\"url\"><span itemprop=\"name\">Contact Us</span></a></li>\n</ul>\n</li>\n<li id=\"menu-item-16\" class=\"menu-item menu-item-type-post_type menu-item-object-page menu-item-16\"><a href=\"https://www.cs.uci.edu/faculty/\" itemprop=\"url\"><span itemprop=\"name\">Faculty</span></a></li>\n<li id=\"menu-item-18\" class=\"menu-item menu-item-type-custom menu-item-object-custom menu-item-has-children menu-item-18\"><a href=\"#\" itemprop=\"url\"><span itemprop=\"name\">Research</span></a>\n<ul class=\"sub-menu\">\n\t<li id=\"menu-item-2407\" class=\"menu-item menu-item-type-post_type menu-item-object-page menu-item-2407\"><a href=\"https://www.cs.uci.edu/cs-research-areas/\" itemprop=\"url\"><span itemprop=\"name\">Research Areas</span></a></li>\n\t<li id=\"menu-item-50\" class=\"menu-item menu-item-type-post_type menu-item-object-page menu-item-50\"><a href=\"https://www.cs.uci.edu/research-centers/\" itemprop=\"url\"><span itemprop=\"name\">Research Centers</span></a></li>\n</ul>\n</li>\n<li id=\"menu-item-370\" class=\"menu-item menu-item-type-custom menu-item-object-custom menu-item-has-children menu-item-370\"><a href=\"#\" itemprop=\"url\"><span itemprop=\"name\">Graduate Degrees</span></a>\n<ul class=\"sub-menu\">\n\t<li id=\"menu-item-372\" class=\"menu-item menu-item-type-post_type menu-item-object-page menu-item-372\"><a href=\"https://www.cs.uci.edu/graduate-computer-science-programs/\" itemprop=\"url\"><span itemprop=\"name\">Computer Science Programs</span></a></li>\n\t<li id=\"menu-item-371\" class=\"menu-item menu-item-type-post_type menu-item-object-page menu-item-371\"><a href=\"https://www.cs.uci.edu/current-graduate-students/\" itemprop=\"url\"><span itemprop=\"name\">Current Graduate Students</span></a></li>\n</ul>\n</li>\n<li id=\"menu-item-1915\" class=\"menu-item menu-item-type-post_type menu-item-object-page menu-item-1915\"><a href=\"https://www.cs.uci.edu/undergraduate-programs/\" itemprop=\"url\"><span itemprop=\"name\">Undergraduate Degrees</span></a></li>\n<li id=\"menu-item-1382\" class=\"menu-item menu-item-type-custom menu-item-object-custom menu-item-has-children menu-item-1382\"><a href=\"#\" itemprop=\"url\"><span itemprop=\"name\">News  &#038; Events</span></a>\n<ul class=\"sub-menu\">\n\t<li id=\"menu-item-1688\" class=\"menu-item menu-item-type-custom menu-item-object-custom menu-item-1688\"><a href=\"/news\" itemprop=\"url\"><span itemprop=\"name\">News</span></a></li>\n\t<li id=\"menu-item-1423\" class=\"menu-item menu-item-type-custom menu-item-object-custom menu-item-1423\"><a href=\"/events/computer-science-seminar-series/\" itemprop=\"url\"><span itemprop=\"name\">Seminar Series</span></a></li>\n\t<li id=\"menu-item-1655\" class=\"menu-item menu-item-type-custom menu-item-object-custom menu-item-1655\"><a href=\"/events/distinguished-lecture-series/\" itemprop=\"url\"><span itemprop=\"name\">Distinguished Lecture Series</span></a></li>\n\t<li id=\"menu-item-1442\" class=\"menu-item menu-item-type-custom menu-item-object-custom menu-item-1442\"><a href=\"/event/2017-computer-science-research-showcase/\" itemprop=\"url\"><span itemprop=\"name\">Research Showcase</span></a></li>\n</ul>\n</li>\n<li id=\"menu-item-1873\" class=\"menu-item menu-item-type-custom menu-item-object-custom menu-item-has-children menu-item-1873\"><a href=\"#\" itemprop=\"url\"><span itemprop=\"name\"><span class=\"apply-now-btn\">Apply Now</span></span></a>\n<ul class=\"sub-menu\">\n\t<li id=\"menu-item-1875\" class=\"menu-item menu-item-type-custom menu-item-object-custom menu-item-1875\"><a target=\"_blank\" rel=\"noopener noreferrer\" href=\"https://www.admissions.uci.edu/apply/index.php\" itemprop=\"url\"><span itemprop=\"name\">Undergraduate Admissions</span></a></li>\n\t<li id=\"menu-item-1874\" class=\"menu-item menu-item-type-custom menu-item-object-custom menu-item-1874\"><a target=\"_blank\" rel=\"noopener noreferrer\" href=\"https://apply.grad.uci.edu/apply/\" itemprop=\"url\"><span itemprop=\"name\">Graduate Admissions</span></a></li>\n\t<li id=\"menu-item-1927\" class=\"menu-item menu-item-type-post_type menu-item-object-page menu-item-1927\"><a href=\"https://www.cs.uci.edu/job-opportunities/\" itemprop=\"url\"><span itemprop=\"name\">Faculty Candidates</span></a></li>\n</ul>\n</li>\n</ul></div></nav><div class=\"site-inner\"><div class=\"content-sidebar-wrap\"><main class=\"content\"><article class=\"post-1955 post type-post status-publish format-standard category-feature entry\" itemscope itemtype=\"http://schema.org/CreativeWork\"><header class=\"entry-header\"><h1 class=\"entry-title\" itemprop=\"headline\">Trio of ICS Professors Preview Tech Trends for 2019</h1> \n<p class=\"entry-meta\"><time class=\"entry-time\" itemprop=\"datePublished\" datetime=\"2019-01-29T08:28:43-07:00\">January 29, 2019</time> </p></header><div class=\"entry-content\" itemprop=\"text\">\n<p>How will technology trends and advances in computing influence various industries and affect our day-to-day lives in 2019? Offering predictions for the year ahead are three faculty members from the Donald Bren School of Information and Computer Science (<a href=\"https://www.ics.uci.edu/\">ICS</a>):<br></p>\n\n\n\n<ul><li>Assistant Professor of Informatics <a href=\"https://stacybranham.com/\">Stacy Branham</a>, whose research sits at the intersection of human-centered computing and accessible computing;</li><li>Professor of Statistics <a href=\"https://www.ics.uci.edu/~mguindan/\">Michele Guindani</a>, an expert in Bayesian modeling and the analysis of high-dimensional data; and</li><li>Assistant Professor of Computer Science <a href=\"https://www.ics.uci.edu/~swjun/\">Sang-Woo Jun</a>, who works on building innovative system architectures for low-cost high-performance computing.</li></ul>\n\n\n\n<p>Here, Branham, Guindani and Jun discuss everything from universal usability and mobile health to future computer architectures, weighing in on what they think will be the top trends of the year.<br></p>\n\n\n\n<span id=\"more-1955\"></span>\n\n\n\n<p><strong>Let\u2019s start with 2018. What were some of the biggest surprises?</strong></p>\n\n\n\n<div class=\"wp-block-image\"><figure class=\"alignright\"><img src=\"https://www.informatics.uci.edu/wp-content/informatics/uploads/FacultyProfiles-StacyBranham-150x150.jpg\" alt=\"\" class=\"wp-image-4833\"/></figure></div>\n\n\n\n<p><strong><em>Branham</em></strong><strong>:</strong> Often, new platforms are introduced without including the expertise of people from marginalized communities, leading to unintended consequences. Systems such as Amazon\u2019s <a href=\"https://en.wikipedia.org/wiki/Amazon_Alexa\">Alexa</a> and Alibaba\u2019s <a href=\"https://money.cnn.com/2017/09/01/technology/china-alipay-kfc-facial-recognition/index.html\">AliPay</a> grew more pervasive in 2018, but people who are deaf usually can\u2019t use speech-controlled technology, and those with non-binary gender identities can be misidentified by face-recognition systems. I was surprised to see an academic focus on better integrating feedback from marginalized communities through, for example, <a href=\"https://dl.acm.org/citation.cfm?id=3239330\">robots that collaborate</a> with people to help those who are blind and <a href=\"https://dl.acm.org/citation.cfm?id=3236343\">voice interfaces that replace visual</a> interfaces, considering the needs of those who are deaf. Some of my own work has considered the <a href=\"https://dl.acm.org/citation.cfm?id=3173582\">ramifications of gender recognition</a> systems. <a href=\"https://dl.acm.org/citation.cfm?id=332843\">Research</a> shows that designing for diverse needs can improve the experience for everyone, leading to \u201cuniversal access,\u201d so I hope this trend continues.</p>\n\n\n\n<div class=\"wp-block-image\"><figure class=\"alignright is-resized\"><img src=\"https://www.ics.uci.edu/bin/img/photos/faculty/mguindan.jpg\" alt=\"\" width=\"117\" height=\"150\"/></figure></div>\n\n\n\n<p><strong><em>Guindani</em></strong><strong>:</strong> For me, the biggest surprise of 2018 has been the difficulty in tackling \u2014 from a computational and statistical perspective \u2014 the challenges of misinformation in a globalized environment. At the 2018 Joint Statistical Meetings of the American Statistical Association, the ASA President\u2019s <a href=\"https://www.youtube.com/watch?time_continue=1&amp;v=CNFhcGoG6ec\">Invited Address</a> [by Laura Evans] was aptly titled, \u201cHelping to Save the Business of Journalism, One Data Insight at a Time.\u201d We base our decisions on the data we acquire, so it\u2019s imperative that the information we receive is of the highest quality; computing and statistics have a fundamental role to play in this respect.</p>\n\n\n\n<div class=\"wp-block-image\"><figure class=\"alignright is-resized\"><img src=\"https://www.ics.uci.edu/bin/img/photos/faculty/swjun.jpg\" alt=\"\" width=\"117\" height=\"150\"/></figure></div>\n\n\n\n<p><strong><em>Jun</em></strong><strong>:</strong> I was surprised at the traction that alternative system designs gained in both research and industry. Non-conventional, heterogeneous architectures, such as computational storage or network-attached accelerator units, are being explored by more than just first movers in order to continue performance scaling with reasonable power consumption. Deep-learning projects like <a href=\"https://www.microsoft.com/en-us/research/project/project-brainwave/\">Microsoft Brainwave</a> have already gone into production. It\u2019s truly an exciting time to be an architect.<br></p>\n\n\n\n<p><strong>What will be the main ICS trends for 2019?</strong></p>\n\n\n\n<p><strong><em>Branham</em></strong><strong>:</strong> One of the best features of informatics, especially at UCI, is that its multidisciplinary nature enables us to consider social as well as technological trends. The field will continue to be influenced by the social activism we see around us \u2014 through movements such as Black Lives Matter, Me Too and Crip the Vote, along with social theories of (dis)empowerment such as colonialism, intersectionality and posthumanism. As a result, I suspect we will see profound changes in how we organize as scientific communities and will discover more inclusive ways to theorize the design process, engage with participants and report study findings.</p>\n\n\n\n<p><strong><em>Guindani</em></strong><strong>:</strong> I expect the data science revolution to continue well into 2019. It will be interesting to see how current advances in computer science, machine learning and statistics will come together to improve our everyday experiences through, for example, data from wearable devices that can inform decisions about our behavior, consumption and health.<br></p>\n\n\n\n<p><strong><em>Jun</em></strong><strong>:</strong> Although it might be some time before novel system architectures reach the masses, more generic heterogeneous computation in the form of GPU or field-programmable gate array (<a href=\"https://en.wikipedia.org/wiki/Field-programmable_gate_array\">FPGA</a>) accelerators are becoming widespread and necessary, thanks in part to popular computation-intensive workloads such as deep learning. I think this trend will continue, reducing the cost of computation in the face of increasing requirements.<br></p>\n\n\n\n<p><strong>What industries will be most affected by these trends?</strong></p>\n\n\n\n<p><strong><em>Branham</em></strong><strong>:</strong> Unfortunately, I think collaborative robots will be used to reduce human-human interaction with our most vulnerable populations. Healthcare, childcare and assisted-living facilities will likely be big beneficiaries of robots that can dress, feed and otherwise physically interact with humans. Gender recognition will likely be integrated into every facial recognition application, and companies will strive to have their own voice-activated AI (car companies will want it for hands-free driving, for example, and manufacturers use it to help agents do field work without a holding a screen and keyboard). My job as a researcher and designer is to identify how we can leverage these same technology trends to empower marginalized groups.</p>\n\n\n\n<p><strong><em>Guindani</em></strong><strong>:</strong> The health industry will certainly benefit from the development of novel mobile health applications and their use in precision medicine. From a research standpoint, mobile health will also allow innovative and targeted randomized trials that monitor people\u2019s conditions much more closely and effectively. Mobile health will likely impact other industries as well, including sports and entertainment. Consider the information that can be gathered by studying the association between stress and performance while playing a game. Concurrently, I expect the security business to grow in relevance as it safeguards the individual information channeled through these mobile health apps.<br></p>\n\n\n\n<p><strong><em>Jun</em></strong><strong>:</strong> Any industry with data analytics or data science requirements will be affected, because embracing new technologies directly translates into a comparative business advantage. As data science changes many more fields of science and business, it might be difficult to find fields that are not affected.<br></p>\n\n\n\n<p><strong>Is there an underexplored area that you would like to see get more attention in 2019?</strong></p>\n\n\n\n<p><strong><em>Branham</em></strong><strong>:</strong> I\u2019d like to see more research that takes people with disabilities or marginalized gender identities as the starting point. For example, if we involve blind users \u2014 for whom audio and voice interaction are a key part of daily experience \u2014 in the design of voice assistants from the beginning, I think we will all win.</p>\n\n\n\n<p><strong><em>Guindani</em></strong><strong>:</strong> As new technologies appear and old technologies are creatively applied to new areas, our ways of analyzing data will adapt. However, there is still quite some uncertainty surrounding how to use the combined information of multiple technologies to inform our decisions. Therefore, the opportunities created by integrating different technologies are still underexplored. In biostatistics, for example, models that combine the information from radiology-based imaging techniques and genetic information are increasingly being recognized as a way to deliver more precise and individualized treatments.<br></p>\n\n\n\n<p><strong><em>Jun</em></strong><strong>:</strong> We are entering a renaissance of sorts for system design, so it would be great if we could use this period of malleability to explore drastically new and more effective operating system concepts and programming models to reach a much wider audience. I\u2019d be very excited to see what we have learned over decades of research applied on a larger scale. Outside of computer science, I\u2019d love to see more research into interplanetary travel!<br></p>\n\n\n\n<p><strong>What should people be most excited about in terms of technology affecting their day-to-day lives?</strong></p>\n\n\n\n<p><strong><em>Branham</em></strong><strong>:</strong> One of my key areas of research is mobility \u2014 how we get from place to place with technology. By pairing robots that \u201cgo\u201d with computers that \u201ctalk,\u201d we are looking at some serious innovations in how we experience space and time and freedom of movement. What\u2019s the best way to get from your house to the care clinic downtown? Do you want a route with smooth sidewalks and no construction? Should the route avoid stairs or include ramps? Do you need an all-gender bathroom or hope to avoid crowds? With the availability of voice-driven turn-by turn directions both inside and outside of buildings, and smart response systems, you could say \u201ctake me to the 1st Street entrance\u201d or \u201cI prefer routes with windows,\u201d and you wouldn\u2019t even have to take your phone out of your pocket!</p>\n\n\n\n<p><strong><em>Guindani</em></strong><strong>:</strong> People should be excited about the opportunities that mobile health offers for improved decision-making in so many domains \u2014 but first and foremost in patient treatment.<br></p>\n\n\n\n<p><strong><em>Jun</em></strong><strong>:</strong> I would say cyber-physical systems and augmented reality allowing interactions with the real world as convenient as with a cyber one. Technologies I used to daydream about, like using ctrl-F to find misplaced physical items or using practical telepresence, might soon become realities.</p>\n\n\n\n<p><strong>What should people be most concerned about?</strong></p>\n\n\n\n<p><strong><em>Branham</em></strong><strong>:</strong> Every new technology has a tendency to reproduce existing power structures. Technologies touted as \u201cprogress\u201d can actually pose significant setbacks to people who have been excluded from the design. For example, the touchscreen phone was initially inaccessible to people who are blind. So, when we purchase the latest gadgets, we should be concerned about whether we\u2019re supporting continued subjugation of our friends, family, neighbors and even our <a href=\"https://www.census.gov/newsroom/releases/archives/miscellaneous/cb12-134.html\">future selves</a>. We should demand that technology innovators \u2014 particularly large corporations \u2014 have diverse design and engineering teams that can anticipate the potential downsides of new technology.</p>\n\n\n\n<p><strong><em>Guindani</em></strong><strong>:</strong> The challenges lie mostly with how our wealth of data will be used. In addition to the already mentioned security issues, another challenge will be ensuring high standards for data analysis. Even without considering the case of blatant misconduct, na\u00efve or superficial analyses could do more harm than good. There are quite a few <a href=\"https://projecteuclid.org/euclid.aoas/1267453942\">examples</a> of clinical trials abruptly stopped because the original findings were <a href=\"https://www.nature.com/collections/prbfkwmwvz\">irreproducible</a>.<br></p>\n\n\n\n<p><strong><em>Jun</em></strong><strong>:</strong> Technology makes it possible for some people, malicious or otherwise, to have disproportionately loud voices and influence. It will be a challenge for industry as well as the public to adjust to this new system of influence in order to cultivate a healthy and accurate perception of what is happening.</p>\n\n\n\n<p><strong>What research projects will you be focused on in the coming year?</strong></p>\n\n\n\n<p><strong><em>Branham</em></strong><strong>:</strong> My lab is teaming up with companies like TRX Systems and Toyota to create exciting personal mobility technologies. With TRX, we are studying turn-by-turn routing in indoor spaces \u2014 such as metro centers and stadiums \u2014 for people with disabilities. With Toyota, we\u2019re exploring novel mobility applications with older adults, so that they can safely get around town when and how they want.</p>\n\n\n\n<p><strong><em>Guindani</em></strong><strong>:</strong> My research focuses mostly on the integrative analysis of modern high-dimensional biomedical datasets, especially in imaging and genetics, to help provide individually targeted treatments. In particular, I am currently interested in studying dynamic functional connectivity \u2014 that is, how interactions among brain regions change dynamically when we perform different activities. On June 2-4, 2019, UCI will host the annual meeting of the <a href=\"https://community.amstat.org/statisticsinimagingsection/home\">Statistics in Imaging</a> Section of the <a href=\"https://www.amstat.org/\">American Statistical Association</a>, bringing together campus resources for imaging analysis and further increasing cross-talk between data scientists and medical imaging scientists. I am also involved in the <a href=\"http://microbiome.uci.edu/\">Microbiome Initiative</a> at UCI. We are only beginning to discover the complex interrelationships between the body\u2019s microbiome, health and disease. There are many opportunities for fascinating research directions related to the analysis of the human microbiome.</p>\n\n\n\n<p><strong><em>Jun</em></strong><strong>:</strong> I will continue to work on effective computer architectures as well as their applications. One prominent project is transparently accelerating large-scale data analytics using flash storage arrays and FPGA acceleration. I\u2019m always looking for people interested in building future computer architectures and accelerating the applications they use.</p>\n\n\n\n<p><strong>Any long-term predictions for the next five to 10 years based on technological foundations being built this year?</strong></p>\n\n\n\n<p><strong><em>Branham</em></strong><strong>:</strong> The big secret of pure research labs is that the best labs <a href=\"https://en.wikipedia.org/wiki/The_Mother_of_All_Demos\">have already invented</a> the technologies that will dominate our futures \u2014 the technology just isn\u2019t profitable enough to launch or small enough to fit in your pocket or budget! So, in the next five to 10 years, I predict we\u2019ll see similarities with the 2018 trends, with some interesting twists. Maybe your scooter (a robot!) will grow retractable arms to help you pack your grocery cart and carry the bags to your car. Or rather than asking your smart speaker to play music, you\u2019ll ask it to help you author a book \u2014 without even touching a keyboard. And maybe an ex-employee of your favorite social media company will reveal that, back in 2018, the company was already using gender recognition on your pictures to set up your filter bubble.</p>\n\n\n\n<p><strong><em>Guindani</em></strong><strong>:</strong> More and more, the most important decisions pertaining to our health and behavior will be based on specific individual information, which will be discretely processed through sophisticated machine learning and statistical algorithms. I expect an increased realization of the role of the microbiome as a key biological interface between human genetics and environmental conditions.<br></p>\n\n\n\n<p><strong><em>Jun</em></strong><strong>:</strong> I think programming expertise might become further fragmented, as no single set of tools or even a paradigm is able to maintain efficiency across the various applications and systems of the future. How we adapt to that in terms of teaching and learning will be an interesting challenge.</p>\n\n\n\n<p>\u2014 <em>Shani Murray</em></p>\n<!--<rdf:RDF xmlns:rdf=\"http://www.w3.org/1999/02/22-rdf-syntax-ns#\"\n\t\t\txmlns:dc=\"http://purl.org/dc/elements/1.1/\"\n\t\t\txmlns:trackback=\"http://madskills.com/public/xml/rss/module/trackback/\">\n\t\t<rdf:Description rdf:about=\"https://www.cs.uci.edu/trio-of-ics-professors-preview-tech-trends-for-2019/\"\n    dc:identifier=\"https://www.cs.uci.edu/trio-of-ics-professors-preview-tech-trends-for-2019/\"\n    dc:title=\"Trio of ICS Professors Preview Tech Trends for 2019\"\n    trackback:ping=\"https://www.cs.uci.edu/trio-of-ics-professors-preview-tech-trends-for-2019/trackback/\" />\n</rdf:RDF>-->\n</div><footer class=\"entry-footer\"></footer></article><div class=\"adjacent-entry-pagination pagination\"><div class=\"pagination-previous alignleft\"><a href=\"https://www.cs.uci.edu/computer-science-lecturer-shannon-alfaro-named-dtei-faculty-fellow/\" rel=\"prev\">&#x000AB; Computer Science Lecturer Shannon Alfaro Named DTEI Faculty Fellow</a></div><div class=\"pagination-next alignright\"><a href=\"https://www.cs.uci.edu/uci-news-improved-land-management-project-co-led-by-uci-gets-4-6-million-in-state-funding-padhraic-smyth-research-group-mentioned/\" rel=\"next\">UCI News: &#8220;Improved land management project co-led by UCI gets $4.6 million in state funding&#8221; (Padhraic Smyth research group mentioned) &#x000BB;</a></div></div></main><aside class=\"sidebar sidebar-primary widget-area\" role=\"complementary\" aria-label=\"Primary Sidebar\" itemscope itemtype=\"http://schema.org/WPSideBar\">\t\t<section id=\"recent-posts-3\" class=\"widget widget_recent_entries\"><div class=\"widget-wrap\">\t\t<h4 class=\"widget-title widgettitle\">Latest news</h4>\n\t\t<ul>\n\t\t\t\t\t\t\t\t\t\t\t<li>\n\t\t\t\t\t<a href=\"https://www.cs.uci.edu/sangeetha-abdu-jyothi-attends-the-heidelberg-laureate-forum/\">Sangeetha Abdu Jyothi Attends the Heidelberg Laureate Forum</a>\n\t\t\t\t\t\t\t\t\t\t\t<span class=\"post-date\">October 8, 2019</span>\n\t\t\t\t\t\t\t\t\t</li>\n\t\t\t\t\t\t\t\t\t\t\t<li>\n\t\t\t\t\t<a href=\"https://www.cs.uci.edu/senior-spotlight-taneisha-arora-pursues-her-passions-from-working-in-industry-to-running-a-bakery/\">Senior Spotlight: Taneisha Arora Pursues Her Passions, From Working in Industry to Running a Bakery</a>\n\t\t\t\t\t\t\t\t\t\t\t<span class=\"post-date\">October 7, 2019</span>\n\t\t\t\t\t\t\t\t\t</li>\n\t\t\t\t\t\t\t\t\t\t\t<li>\n\t\t\t\t\t<a href=\"https://www.cs.uci.edu/ramesh-jain-wins-inaugural-ieee-tcmc-impact-award/\">Ramesh Jain Wins Inaugural IEEE TCMC Impact Award</a>\n\t\t\t\t\t\t\t\t\t\t\t<span class=\"post-date\">October 3, 2019</span>\n\t\t\t\t\t\t\t\t\t</li>\n\t\t\t\t\t\t\t\t\t\t\t<li>\n\t\t\t\t\t<a href=\"https://www.cs.uci.edu/uci-other-researchers-develop-deep-learning-technique-to-id-at-risk-anatomy-in-ct-scans/\">UCI, other researchers develop deep-learning technique to ID at-risk anatomy in CT scans</a>\n\t\t\t\t\t\t\t\t\t\t\t<span class=\"post-date\">October 2, 2019</span>\n\t\t\t\t\t\t\t\t\t</li>\n\t\t\t\t\t\t\t\t\t\t\t<li>\n\t\t\t\t\t<a href=\"https://www.cs.uci.edu/science-101-ai-solves-a-rubiks-cube-without-human-help-pierre-baldi-research-mentioned/\">Science 101: &#8220;AI solves a Rubik\u2019s cube without human help&#8221; (Pierre Baldi research mentioned)</a>\n\t\t\t\t\t\t\t\t\t\t\t<span class=\"post-date\">September 27, 2019</span>\n\t\t\t\t\t\t\t\t\t</li>\n\t\t\t\t\t</ul>\n\t\t</div></section>\n</aside></div></div><footer class=\"site-footer\" itemscope itemtype=\"http://schema.org/WPFooter\"><div class=\"wrap\">\t\t\t<div class=\"group\">\n\n\t\t\t\t<div id=\"bren\">\n\t\t\t\t\t\t<a href=\"http://www.ics.uci.edu/\"><img src=\"//www.cs.uci.edu//wp-content/cs/uploads/DBren_InfoCompSc_logo-UPDATED.png\"></a>\n\t\t\t\t</div>\n\n\t\t\t\t<div class=\"footer-info\">\n\t\t\t\t\t<UL>\n\t\t\t\t\t   <LI>&copy; 2019 UC Regents</LI>\n\t\t\t\t\t   <LI><A HREF=\"mailto:communications@ics.uci.edu\">Feedback</A></LI>\n\t\t\t\t\t   <LI><A HREF=\"http://uci.edu/privacy/\">Privacy Policy</A></LI>\n\t\t\t\t\t</UL>\n\t\t\t\t</div><!-- .footer-info -->\n\n\t\t\t</div>\n\t</div></footer></div><script type='text/javascript'>\nvar colomatduration = 'fast';\nvar colomatslideEffect = 'slideFade';\n</script>\t\t<script>\n\t\t( function ( body ) {\n\t\t\t'use strict';\n\t\t\tbody.className = body.className.replace( /\\btribe-no-js\\b/, 'tribe-js' );\n\t\t} )( document.body );\n\t\t</script>\n\t\t<script>\n  (function(i,s,o,g,r,a,m){i['GoogleAnalyticsObject']=r;i[r]=i[r]||function(){\n  (i[r].q=i[r].q||[]).push(arguments)},i[r].l=1*new Date();a=s.createElement(o),\n  m=s.getElementsByTagName(o)[0];a.async=1;a.src=g;m.parentNode.insertBefore(a,m)\n  })(window,document,'script','https://www.google-analytics.com/analytics.js','ga');\n\n  ga('create', 'UA-605898-2', 'auto');\n  ga('send', 'pageview');\n\n</script>\n<script type='text/javascript'>jQuery(document).ready(function($) {$(\".flexslider\").flexslider({controlsContainer: \"#genesis-responsive-slider\",animation: \"fade\",directionNav: 0,controlNav: 1,animationDuration: 1000,slideshowSpeed: 10000    });  });</script><script> /* <![CDATA[ */var tribe_l10n_datatables = {\"aria\":{\"sort_ascending\":\": activate to sort column ascending\",\"sort_descending\":\": activate to sort column descending\"},\"length_menu\":\"Show _MENU_ entries\",\"empty_table\":\"No data available in table\",\"info\":\"Showing _START_ to _END_ of _TOTAL_ entries\",\"info_empty\":\"Showing 0 to 0 of 0 entries\",\"info_filtered\":\"(filtered from _MAX_ total entries)\",\"zero_records\":\"No matching records found\",\"search\":\"Search:\",\"all_selected_text\":\"All items on this page were selected. \",\"select_all_link\":\"Select all pages\",\"clear_selection\":\"Clear Selection.\",\"pagination\":{\"all\":\"All\",\"next\":\"Next\",\"previous\":\"Previous\"},\"select\":{\"rows\":{\"0\":\"\",\"_\":\": Selected %d rows\",\"1\":\": Selected 1 row\"}},\"datepicker\":{\"dayNames\":[\"Sunday\",\"Monday\",\"Tuesday\",\"Wednesday\",\"Thursday\",\"Friday\",\"Saturday\"],\"dayNamesShort\":[\"Sun\",\"Mon\",\"Tue\",\"Wed\",\"Thu\",\"Fri\",\"Sat\"],\"dayNamesMin\":[\"S\",\"M\",\"T\",\"W\",\"T\",\"F\",\"S\"],\"monthNames\":[\"January\",\"February\",\"March\",\"April\",\"May\",\"June\",\"July\",\"August\",\"September\",\"October\",\"November\",\"December\"],\"monthNamesShort\":[\"January\",\"February\",\"March\",\"April\",\"May\",\"June\",\"July\",\"August\",\"September\",\"October\",\"November\",\"December\"],\"nextText\":\"Next\",\"prevText\":\"Prev\",\"currentText\":\"Today\",\"closeText\":\"Done\"}};/* ]]> */ </script><script type='text/javascript' src='https://www.cs.uci.edu/wp-content/cs/plugins/jquery-collapse-o-matic/js/collapse.js?ver=1.6.5'></script>\n<script type='text/javascript' src='https://www.cs.uci.edu/wp-content/cs/plugins/genesis-responsive-slider/js/jquery.flexslider.js?ver=0.9.5'></script>\n<script type='text/javascript' src='https://www.cs.uci.edu/wp-includes/js/wp-embed.min.js?ver=5.2.3'></script>\n</body></html>\r\n", "encoding": "utf-8"}